"rt" "x" "id"
0.458974976520126 1 1
0.329689715000862 1 1
0.3526864487827 1 1
0.349587127726844 1 1
0.576760564265926 0 1
0.340585871485467 1 1
0.398606362870135 1 1
0.302299269136372 1 1
0.44804797853803 1 1
0.341928134087845 1 1
0.253469574925394 1 1
0.623699705041301 1 1
0.391443447165049 0 1
0.314720171586913 0 1
0.354410886715546 0 1
0.33072646366893 1 1
0.75808099284391 1 1
0.3610028152172 1 1
0.354790547653338 1 1
0.582166217294487 0 1
0.354169782335331 0 1
0.604805297039749 1 1
0.308371702947567 1 1
0.350224230543201 1 1
0.348866092410098 1 1
0.287044291769459 1 1
0.577392097602104 0 1
0.270163852681119 1 1
0.364687327109287 0 1
0.454141690303167 1 1
0.472310268575811 1 1
0.405884900867279 0 1
0.37238836556977 0 1
0.457824880516043 1 1
0.343449953804066 1 1
0.441710514191246 1 1
0.357127176144157 0 1
0.654947391798099 1 1
0.471058373949456 1 1
0.543965199365436 1 1
0.28498673844195 1 1
0.28927273287975 1 1
0.444877647413333 1 1
0.284827819028059 1 1
0.807070003304814 1 1
0.447250105644363 1 1
0.545541061577585 1 1
0.32165728282902 1 1
0.546036306734776 1 1
0.344531194271283 0 1
0.379300369789042 1 1
0.312660664943351 1 1
0.310641509985683 1 1
0.272401034608998 1 1
0.304439706266899 1 1
0.314261959013537 1 1
0.321122701806109 1 1
0.312944756162709 0 1
0.313039723740088 1 1
0.526248773283942 1 1
0.580459326251718 1 1
0.383320714477308 1 1
0.278878524176461 0 1
0.568494066494293 1 1
0.280194442133396 1 1
0.403020569354363 0 1
0.342882647134952 1 1
0.41630326791657 1 1
0.31989454081565 0 1
0.708627765282816 0 1
0.508654587306511 1 1
0.449138453317694 0 1
0.369195559182 1 1
0.451578890102623 0 1
0.378519589075375 1 1
0.423022104121045 1 1
0.358575835391189 1 1
0.345935539407575 1 1
0.285978036002284 1 1
0.345117480072934 1 1
0.306591564173582 1 1
0.358734183331984 1 1
1 1 1
0.451206426298991 0 1
0.391152834590287 0 1
0.495635458121891 1 1
0.381971072336406 1 1
0.325137325769152 1 1
0.289842133820348 1 1
0.273274887843738 1 1
0.409274362758266 1 1
0.431803144001483 1 1
0.454215437225875 0 1
0.417083429942373 1 1
0.32300657328098 1 1
0.43351280725777 0 1
0.283025647294214 0 1
0.797642204184251 1 1
0.541900152322888 1 1
0.358832559453212 0 1
0.49747663858819 1 2
0.710050359678404 0 2
0.597220895034134 0 2
0.459524748535291 1 2
0.665701646196438 0 2
0.400420267946035 1 2
0.500732977494583 0 2
0.465002404546646 1 2
0.414831928634208 0 2
0.436556604045303 1 2
0.458007238165114 0 2
0.420131057103171 0 2
0.381760885269238 0 2
0.485184638506163 1 2
0.398901831018904 0 2
0.428027157943024 0 2
0.504714122014249 1 2
0.425123592879731 0 2
0.690445051819888 0 2
0.609740018888539 0 2
0.406388922185456 0 2
0.49303985845195 0 2
0.41709126475853 1 2
0.611364066760685 0 2
0.422918608394266 0 2
0.538414623177757 1 2
0.647057392103941 0 2
0.381182458507079 0 2
0.447804560705295 0 2
0.40525346196691 1 2
0.594684323106289 0 2
0.643896602808272 1 2
0.375257587557299 0 2
0.412020678731573 1 2
0.412287907672731 0 2
0.761012020681707 0 2
0.673149455614264 1 2
0.577013915819326 1 2
0.399203937289574 0 2
0.534790693623143 0 2
0.719614230517588 1 2
0.460134811291038 1 2
0.431402567989929 1 2
0.479741711674676 0 2
0.41592208682824 0 2
0.435184729010291 1 2
0.429378268794624 1 2
0.472980051543692 0 2
0.4959488594179 0 2
0.462389783416667 1 2
0.513227645685622 0 2
0.475690974295687 0 2
0.367445205275914 0 2
0.402047229964689 0 2
0.460877895239958 0 2
0.484253433145514 1 2
0.437545773952389 0 2
0.477731439473546 0 2
0.487969284946787 1 2
0.416443063194065 0 2
0.438894757503024 0 2
0.576346601678603 0 2
0.387337975618133 1 2
0.392823959591811 0 2
0.638420551955375 1 2
0.589407079448697 0 2
0.416845231851217 1 2
0.505703939521001 0 2
0.379134122512358 1 2
0.401419390666394 0 2
0.422145123508293 0 2
0.654168155396822 0 2
0.373982268913898 0 2
0.418988391218193 0 2
0.394058827358504 0 2
0.41348348537589 1 2
0.433320632734244 0 2
0.432760039147077 0 2
0.411401279498057 1 2
0.470803231132921 0 2
0.493977079585042 1 2
0.421269509744327 0 2
0.837607017969973 0 2
0.400728264521861 0 2
0.40559638640105 0 2
0.37684650798753 1 2
0.393403015756359 1 2
0.389386694922591 1 2
0.431532816101389 1 2
0.449563339143482 1 2
0.422573334550568 0 2
0.439297561280862 0 2
0.635032171618983 0 2
0.474204720732283 1 2
0.619858852437608 1 2
0.43744505808134 1 2
0.466396983282886 0 2
0.498882023076121 0 2
0.401134215958554 0 2
0.38161601471549 0 2
0.509410046358325 1 3
0.423697504822456 1 3
0.441044559914299 1 3
0.478565051393077 0 3
0.345199081581381 1 3
0.284906238342772 1 3
0.304581969869529 1 3
0.666799314582941 1 3
0.344272952643131 1 3
0.344268857096984 1 3
0.455215907546539 1 3
0.387105507548767 1 3
0.596644972250286 1 3
0.343191070428191 1 3
0.841952582007196 1 3
0.339856871359927 1 3
0.33017738530685 1 3
0.30193762429364 1 3
0.305328736893955 1 3
0.416515538494169 0 3
0.422163532687506 1 3
0.365807009800706 1 3
0.359129897627207 0 3
0.434256579572356 0 3
0.747726369034505 1 3
0.341160283489886 1 3
0.989119625134953 1 3
0.443985293958246 0 3
0.324359560192408 1 3
0.332760305391245 1 3
0.298965491199958 1 3
0.454747407311818 1 3
0.640368914980229 1 3
0.471120372312662 1 3
0.324941354531776 1 3
0.541873668721293 0 3
0.413001509433447 1 3
0.297129568357046 1 3
0.463447976481708 1 3
0.391897372388035 1 3
0.625867453158289 1 3
0.438877773942064 1 3
0.28996274071225 1 3
0.980783415598102 0 3
0.431448732526085 1 3
0.324386269726461 1 3
0.384788442048977 1 3
0.684187102229459 1 3
0.927061805489712 1 3
0.466196316223859 1 3
0.534531259201253 1 3
0.627786862769553 1 3
0.370548960818001 1 3
0.738107478559413 1 3
0.408229558430109 0 3
0.760090395584382 1 3
0.296072060627439 1 3
0.671628447346235 1 3
0.278787689543494 1 3
0.339572972563096 1 3
0.318833701129488 1 3
0.539375243813636 1 3
0.302593672039764 1 3
0.30168326322229 1 3
0.727504812271288 1 3
0.312779221306278 1 3
0.547703707719727 1 3
0.479362406119784 0 3
0.300936314093904 1 3
0.4874205746483 1 3
0.629002232407477 1 3
0.976194295400487 1 3
0.779234360890944 1 3
0.577163122434674 1 3
0.298971397553787 1 3
0.38949969092071 1 3
0.373586972106024 1 3
0.325500192663765 1 3
0.462832202450767 1 3
0.395941430486311 1 3
0.3287165275272 1 3
0.305555651442172 1 3
0.285214310984599 1 3
0.387673584185776 1 3
0.341482578706451 1 3
0.31868611159806 1 3
0.660310188861702 0 3
0.829023245445293 1 3
0.464334662420621 1 3
0.301897753756387 1 3
0.483158695120268 1 3
0.367127923927482 1 3
0.29447224716099 1 3
0.442124871283877 1 3
0.56295922431751 1 3
0.369704320478102 1 3
0.351258833864568 1 3
0.317131021540282 1 3
0.345991476897472 0 3
0.613293338230457 1 3
0.36170298688113 0 4
0.468830996144151 1 4
0.389123429940619 1 4
0.4209872143418 1 4
0.393084000995746 1 4
1.26393915828287 0 4
0.350022475520582 1 4
0.389627899518918 1 4
0.383858789775821 1 4
0.506490826908875 0 4
0.45833556594841 1 4
0.501709441789108 1 4
0.629893321400132 0 4
0.715397828146923 1 4
0.363141284260221 1 4
0.59043144855352 1 4
0.348277736788361 1 4
0.577779114644789 1 4
0.363847374362727 1 4
0.35919965571476 1 4
0.403537098296457 1 4
0.343229343511144 1 4
0.444275750512131 0 4
0.420596850027705 1 4
0.409632587379799 0 4
0.468501888327873 1 4
0.320394532480718 1 4
0.335581159717766 1 4
0.408579545486687 0 4
0.378687217865419 0 4
0.345546738496435 0 4
0.336182496573941 0 4
0.442958584855263 1 4
0.348471018473999 1 4
0.318329146373491 0 4
0.518503140968704 1 4
0.365361710933196 0 4
0.343382321666525 1 4
0.522998976447545 1 4
0.362932789732538 0 4
0.454240221491443 1 4
0.415065398117648 1 4
0.322832421538959 1 4
0.636690327911597 1 4
0.358266200447547 0 4
0.595659282066286 0 4
0.489242062061348 1 4
0.405322522215504 1 4
0.434368198690925 1 4
0.321973863281993 1 4
0.335693344581109 0 4
0.340612149188547 0 4
0.503631615822884 1 4
0.513831948577975 1 4
0.3750408972348 1 4
0.372431108016398 1 4
0.482633193617297 1 4
0.372067280326525 1 4
0.344474428377071 1 4
0.366831883830659 0 4
0.670832767302588 1 4
0.676784989014317 1 4
0.323923819509498 1 4
0.542174229022282 0 4
0.339584340270506 1 4
0.45781792781921 0 4
0.396029082910374 0 4
0.470556255478071 1 4
0.3519498730658 1 4
0.389556258723968 1 4
0.470786615189361 1 4
0.384432467236399 1 4
0.7009841430483 0 4
0.437171546433239 1 4
0.354322669288843 1 4
0.670836722144445 0 4
0.313878013031061 1 4
0.421065260864673 1 4
0.491198958537869 1 4
0.854982299648448 1 4
0.41071702477823 1 4
0.489630795306991 0 4
0.393748688183904 1 4
0.355609526066429 1 4
0.357147201449828 0 4
0.420524411208062 1 4
0.331685778056457 0 4
0.734373157347273 0 4
0.310250901896318 0 4
0.497227290756138 0 4
0.354467663210876 0 4
0.436833800863019 1 4
0.334101382119644 0 4
0.503096387721241 1 4
0.304942140393868 1 4
0.797005999534232 1 4
0.373574005581887 1 4
0.812016364298568 1 4
0.398937234647461 0 4
0.368165318444989 0 4
0.582673838983812 1 5
0.634228434222905 1 5
0.651694339715833 0 5
0.484214076295272 1 5
1.09333730553777 1 5
0.382217315517808 1 5
0.704938818354429 1 5
0.458680177473243 1 5
0.376882147116754 1 5
0.651440171567941 1 5
0.428891413914513 1 5
0.372405860455055 1 5
0.407520117613103 1 5
0.640853221509366 1 5
0.459131959804632 1 5
0.468275962959954 1 5
0.548384309725262 1 5
0.424333730668215 1 5
0.38170954907819 1 5
0.370426566225045 1 5
0.594736709609761 0 5
0.529861950345945 0 5
0.635340166252598 1 5
0.448299202604965 1 5
0.434291382442686 1 5
0.384721989547168 1 5
0.84653031867199 1 5
0.483574605540391 1 5
0.622361445756096 0 5
0.412025102114069 1 5
0.363370194608029 1 5
0.583100967677259 1 5
0.422909161088921 1 5
0.444484112649246 1 5
0.454949426897286 1 5
0.585858687784681 0 5
0.577807699736734 1 5
0.473003422843498 1 5
0.443841623441984 1 5
0.371624106177683 1 5
0.411346282451166 1 5
0.356218516436019 1 5
0.470177831017255 1 5
0.381653173258003 1 5
0.984784427385553 1 5
0.416874295080022 1 5
0.690208688959316 1 5
0.450516032099647 1 5
0.677645630311054 0 5
0.393230599691723 1 5
0.424178322386973 1 5
0.388982736869656 1 5
0.372101370360042 1 5
0.806536061769935 1 5
0.379708287820616 1 5
0.740745556269192 1 5
0.422971363538071 1 5
0.442092203420947 1 5
0.479460394889742 1 5
0.42287130396771 1 5
0.436012056111177 1 5
0.614000907327544 0 5
0.374366756971804 1 5
0.497865761134827 0 5
0.400214310742414 1 5
0.552355171081837 0 5
0.527075672637745 1 5
0.591608632146703 1 5
0.437652699475314 1 5
0.674978816812144 1 5
0.486373655719594 1 5
0.3655649855347 1 5
0.422735023457449 0 5
0.437601827340174 0 5
0.572542808883613 1 5
0.465846889653532 1 5
0.350221498623513 1 5
0.692282347953213 0 5
0.706622039080167 1 5
0.965598441442474 1 5
0.447975834983988 1 5
0.356996469400208 1 5
0.408375742061945 1 5
0.492561875223857 1 5
0.793789317729362 1 5
0.404314774855913 1 5
0.374710259298688 1 5
0.605074365893574 1 5
0.381608101782186 1 5
0.423638695303949 1 5
0.388614006380729 1 5
0.616883808299312 1 5
0.476443726521144 1 5
0.618184715152362 1 5
0.438416539685922 1 5
0.532146341453825 1 5
0.433289333963629 1 5
0.848952940227482 1 5
0.385872697960592 1 5
0.386424971521883 1 5
0.552552323374896 1 6
0.462532691391376 0 6
0.358233194769663 1 6
0.332424243772506 1 6
0.411017105092204 1 6
0.384682606732727 1 6
0.362970232623206 1 6
0.48457513366223 1 6
0.403445627302226 1 6
0.330225932117109 1 6
0.511687538177741 0 6
0.528335012013833 1 6
0.325838911952626 1 6
0.643877050502656 1 6
0.399345179404477 1 6
0.342463979887364 1 6
0.494610236260066 1 6
0.493769056896572 0 6
0.368957575066832 1 6
0.313245373165309 1 6
0.362769442562341 1 6
0.38914558734332 0 6
0.333919212142235 0 6
0.377144987782855 1 6
0.37957953777566 1 6
0.365037739531711 1 6
0.409227429606622 1 6
0.450339923192063 0 6
0.395689087859391 0 6
0.331295565409879 1 6
0.423143185311098 1 6
0.400314443320634 1 6
0.509872706365832 1 6
0.414423262946452 1 6
0.361356492713957 1 6
0.323532877208853 1 6
0.307868342833979 1 6
0.336848265941349 0 6
0.419987962993286 0 6
0.368812604294206 1 6
0.416407467309191 1 6
0.353097216251209 0 6
0.323002271201868 1 6
0.322242400753123 1 6
0.402420822011503 1 6
0.303321166316611 0 6
0.340397557025973 0 6
0.680117471421406 0 6
0.342601686575196 1 6
0.316948427784374 1 6
0.326873112452477 0 6
0.586665467447503 1 6
0.311787904262393 1 6
0.323040180952028 1 6
0.338422261156159 1 6
0.308456312352312 1 6
0.477545883748554 0 6
0.368188662391498 1 6
0.343430482383919 1 6
0.396956147433128 1 6
0.373446534666312 0 6
0.326626273523511 1 6
0.313754818378441 1 6
0.394073853652106 1 6
0.30808074875556 1 6
0.444800053761529 1 6
0.309265685467515 1 6
0.383543936575799 1 6
0.543466275071501 1 6
0.312730725256809 1 6
0.389457642308726 1 6
0.374016343448011 1 6
0.328077820422442 1 6
0.387072521658351 1 6
0.329839443066944 1 6
0.351727723871994 1 6
0.36071718414603 0 6
0.645819074053103 1 6
0.369387521322758 1 6
0.37410247062473 1 6
0.372112899125388 1 6
0.352530409517592 1 6
0.377753213468251 1 6
0.341186992611006 1 6
0.305419198161683 1 6
0.55372978265709 0 6
0.365930840446949 1 6
0.494307843169715 1 6
0.406293458744139 1 6
0.381190995905802 1 6
0.412026357808896 0 6
0.457367092366473 1 6
0.320603821527355 1 6
0.336798716119324 1 6
0.542471583468112 0 6
0.451493849361049 1 6
0.349878734286643 1 6
0.402889744683406 0 6
0.515016844810446 1 6
0.30205599462676 1 6
0.38690476849161 1 7
0.494852225762172 0 7
0.329946093552343 0 7
0.299417648350354 1 7
0.341703583208736 1 7
0.30465353521865 0 7
0.336429219719111 1 7
0.312608759256965 1 7
0.320869088284808 1 7
0.362726202845577 1 7
0.40441657795913 1 7
0.373495869428766 0 7
0.280493701298078 0 7
0.343460507917203 0 7
0.258990264863486 0 7
0.33662543355574 1 7
0.274064364085954 1 7
0.309669723645076 1 7
0.375931595449813 1 7
0.379262751087294 1 7
0.377028057123458 1 7
0.686927411670667 1 7
0.245906333954179 1 7
0.385064863854179 1 7
0.268140480437266 1 7
0.457352110400047 1 7
0.37460578361246 1 7
0.318469964211497 1 7
0.301177803281997 0 7
0.392090977608749 1 7
0.58664285586566 0 7
0.474060643337876 1 7
0.312604287488424 1 7
0.326188276022589 1 7
0.405257589483098 1 7
0.270841356576226 1 7
0.318074981472718 1 7
0.300794361103261 1 7
0.34513156107115 1 7
0.377361815063942 0 7
0.370917798540565 1 7
0.37855833925877 0 7
0.244159645363098 1 7
0.355254656999141 1 7
0.281531494943201 1 7
0.282211273388247 1 7
0.489986041280395 1 7
0.324392610780347 1 7
0.270595690885655 1 7
0.343082972556746 1 7
0.418633892875761 1 7
0.325007905075462 1 7
0.287549181024377 1 7
0.329644533679819 1 7
0.303260504479849 1 7
0.466878027938698 1 7
0.330857226310359 1 7
0.27864249004594 1 7
0.530094926595599 1 7
0.315375387340544 1 7
0.538827692751678 1 7
0.271388851021691 0 7
0.408639515894305 1 7
0.288073024632433 1 7
0.385030559986042 1 7
0.350399183756197 1 7
0.279752581977592 0 7
0.259429981732743 1 7
0.261891271317663 1 7
0.329735615549511 1 7
0.286412097847211 1 7
0.343556230834649 1 7
0.41189569784945 1 7
0.397611664640817 1 7
0.396605282653874 1 7
0.710889892987128 1 7
0.531359614415983 1 7
0.3433339132713 1 7
0.262531469109867 1 7
0.397045398214914 1 7
0.278625708321679 1 7
0.371040439221177 0 7
0.492209097622546 1 7
0.369770329667159 1 7
0.321886865228135 1 7
0.250046248342746 1 7
0.283843498394417 1 7
0.264277834393608 1 7
0.398916107918971 1 7
0.279820549787228 1 7
0.445732927072052 1 7
0.3377497690338 1 7
0.268877583280721 1 7
0.293599218090905 1 7
0.37264574053926 1 7
0.455119873956819 1 7
0.334768083507937 1 7
0.268441760140382 1 7
0.338822635068506 1 7
0.318631012404612 1 7
0.481586819735261 0 8
0.361152591681393 0 8
0.38207744373236 0 8
0.380854856549494 0 8
0.349001555653403 1 8
0.563954770241562 0 8
0.382933999415178 1 8
0.682457896270859 1 8
0.357519914520747 1 8
0.318988531522015 1 8
0.457816455483547 1 8
0.39239205594297 1 8
0.397865430115728 1 8
0.505457709652806 1 8
0.358959316794311 1 8
0.308344993254281 1 8
0.631661555103244 1 8
0.466892151254475 1 8
0.348901637431585 1 8
0.493955218064816 0 8
0.805559550114047 0 8
0.358084251786338 1 8
0.512940236176539 1 8
0.371140496999351 1 8
0.645909844262441 1 8
0.326746329704048 1 8
0.439637061665772 1 8
0.369189615495908 0 8
0.305200471189884 1 8
0.569940559325226 0 8
0.56453614747853 0 8
0.454128970864914 0 8
0.508158904277192 1 8
0.381911921505918 0 8
0.333791999449431 1 8
0.455136032908341 1 8
0.373177168327173 1 8
0.347869604624026 1 8
0.523590729253776 1 8
0.3299983383874 1 8
0.660358573649427 0 8
0.332392008336414 1 8
0.361572600639462 1 8
0.436903251241413 1 8
0.383505059636217 1 8
0.313704911940983 1 8
0.574460439615271 1 8
0.676137750021433 1 8
0.47057760325916 0 8
0.499034115789994 1 8
0.398902156937717 1 8
0.345163152567438 1 8
0.302837188669527 1 8
0.357983619243696 0 8
0.420286565429188 0 8
0.386586586885973 0 8
0.472103771897462 1 8
0.366287277084339 1 8
0.310097159240788 1 8
0.370609416497449 0 8
0.346983875794439 0 8
0.460507846712892 1 8
0.726788058994047 1 8
0.607296117600873 0 8
0.313685944145878 0 8
0.456578743758121 1 8
0.337180254576895 1 8
0.37860503148416 0 8
0.328393925291196 1 8
0.398232624767357 0 8
0.408597927511487 1 8
0.299472243937971 1 8
0.340435998713608 1 8
0.362657482797269 1 8
0.401961955901996 1 8
0.294314676399377 1 8
0.509330508550495 0 8
0.392376290334896 1 8
0.314283206134287 1 8
0.577516086993737 0 8
0.620574512175185 1 8
0.558722534641231 1 8
0.398808998502657 0 8
0.29444321231786 1 8
0.703251632769605 1 8
0.350835417442028 1 8
0.304380124467465 1 8
0.323403151043497 1 8
0.415174180878156 0 8
0.397299653596031 1 8
0.513231598750148 1 8
0.341373998331954 1 8
0.406755184018712 0 8
0.678718365199612 1 8
0.5739659302919 0 8
0.332901773652843 0 8
0.536331159099661 1 8
0.429421178883262 0 8
0.373092120956534 1 8
0.624744524048605 0 8
0.440882850351288 1 9
0.316770723120143 1 9
0.514394674166482 0 9
0.655418267426608 1 9
0.360367262403106 1 9
0.307875144242603 1 9
0.355447482294182 1 9
0.321147395964664 1 9
0.500394925522183 1 9
0.340100267777544 1 9
0.360258783932773 1 9
0.334012380764649 0 9
0.527744732023834 1 9
0.339911143547705 1 9
0.508545888439238 1 9
0.597779339753451 1 9
0.417966118337792 0 9
0.325547191615549 0 9
0.485669238262916 1 9
0.444136189695642 1 9
0.391074566919723 0 9
0.377154114390047 1 9
0.838310163611137 0 9
0.637171606188902 1 9
0.480823407526193 1 9
0.486622479490761 1 9
0.389491392517608 0 9
0.358469357331448 1 9
0.395061762712781 1 9
0.564223046087093 0 9
0.393304207699561 1 9
0.401114513706613 1 9
0.50510357673101 0 9
0.416488282703782 0 9
0.329110654920296 0 9
0.500743353238355 1 9
0.355738976386885 1 9
0.468072197218396 0 9
0.480385489475302 1 9
0.414828847824504 1 9
0.895278436733892 1 9
0.345258412751803 1 9
0.33606691293425 0 9
0.432634716907373 0 9
0.449117042789187 1 9
0.62339707201322 1 9
0.436499742094018 1 9
0.354343506332009 0 9
0.316915577099489 1 9
0.433883527037731 1 9
0.529392705690438 0 9
0.441179931990527 0 9
0.395045618086625 1 9
0.434237909762079 0 9
0.385607581006203 1 9
0.547104764231274 1 9
0.378586887922124 1 9
0.354207974367752 0 9
0.51498914106063 1 9
0.424869618140182 1 9
0.364773636486684 0 9
0.434061124499413 0 9
0.381973184991513 1 9
0.49820760905163 0 9
0.481719603720106 1 9
0.497395004299005 1 9
0.585868026063427 0 9
0.571416573467457 1 9
0.439770378255038 1 9
0.581249618385776 0 9
0.406287546138161 0 9
0.751529762884332 1 9
0.349607019643217 1 9
0.386746443250007 1 9
0.836308077263944 1 9
0.467683774716673 0 9
0.318742516201415 1 9
0.529208444059165 0 9
0.640147767555458 1 9
0.430176282329587 1 9
0.399633579291119 0 9
0.691687574593489 1 9
0.62216222774473 0 9
0.358083934914929 1 9
0.606488514678328 1 9
0.325725215835969 0 9
0.328264480065283 0 9
0.418196218793885 1 9
0.381730882697668 1 9
0.362828965184801 0 9
0.320075987060515 0 9
0.445782541356016 1 9
0.351149483303398 1 9
0.487498939546572 1 9
0.319768872336891 1 9
0.501672371865211 1 9
0.462577095282942 1 9
0.39049293241608 1 9
0.714945916808873 1 9
0.526915887463303 1 9
0.426898871908208 1 10
0.286602022341304 1 10
0.300049476336196 0 10
0.595990926039766 1 10
0.395571207874542 1 10
0.475101845270303 1 10
0.714357164116467 1 10
0.282138832677307 1 10
0.275845412033387 0 10
0.288588914944795 1 10
0.305002515223024 1 10
0.415953084559726 1 10
0.333618957545107 1 10
0.590747407521544 0 10
0.300603635304027 1 10
0.396384456001363 1 10
0.482634801376991 1 10
0.307364767668749 0 10
0.375643982408358 1 10
0.339937245292523 1 10
0.353426039650813 1 10
0.376092770035409 1 10
0.49152227206161 0 10
0.281324052413448 0 10
0.307989297668349 1 10
0.254783904743188 1 10
0.413966250100207 0 10
0.393964331524836 1 10
0.29081747387875 0 10
0.277627215395487 1 10
0.423661927778378 1 10
0.444298521426731 1 10
0.607023135849664 0 10
0.261872242274022 0 10
0.253191439910322 0 10
0.260094680058559 0 10
0.413989461063806 0 10
0.522098918625709 1 10
0.290416776712178 0 10
0.692949952880783 1 10
0.623452618497107 1 10
0.330384971800195 0 10
0.283374217016045 1 10
0.318862860131505 1 10
0.287410466933505 1 10
0.318455275558788 1 10
0.372791719943166 1 10
0.290773450108252 0 10
0.298692582412955 1 10
0.260017547382631 0 10
0.370152872127947 1 10
0.401318434233713 1 10
0.376397075021414 1 10
0.39336624409819 1 10
0.367710171911131 1 10
0.321765082475405 1 10
0.518531988146299 1 10
0.359033957775472 0 10
0.359507646898434 1 10
0.28799610238717 0 10
0.347979229769247 0 10
0.354341968379975 0 10
0.303324452563783 1 10
0.302239118472848 1 10
0.274102413979383 1 10
0.308654529474891 1 10
0.272678932340231 0 10
0.6327766391829 1 10
0.298752066072394 0 10
0.554364732554688 0 10
0.351629223771664 0 10
0.465293121032255 0 10
0.683130891798692 1 10
0.43185055170964 1 10
0.402114018826965 1 10
0.475402104468932 1 10
0.688198227423704 0 10
0.392136044742404 0 10
0.512975305215258 0 10
0.447768058340421 1 10
0.350697262300408 0 10
0.366212884141382 0 10
0.392109006177143 0 10
0.397977893827002 1 10
0.543828837269744 0 10
0.580533565995739 1 10
0.349986072744582 0 10
0.286909323168482 0 10
0.519051379188652 1 10
0.325578224964141 0 10
0.770725402954767 1 10
0.415061044161336 1 10
0.586504609280594 1 10
0.404850750918972 1 10
0.401951312739649 0 10
0.400316335525642 1 10
0.295428863660738 1 10
0.316979338983713 0 10
0.259305334422306 0 10
0.254623388900399 0 10
0.492193910660413 1 11
0.523386095885765 1 11
0.504963252180262 1 11
0.507733352941092 1 11
0.492523945775704 1 11
0.538137711748292 1 11
0.676174882166052 1 11
0.557273186409274 0 11
0.608772012252019 1 11
0.528393084871003 1 11
0.636196358369868 1 11
0.559737636932235 0 11
0.526726338539323 1 11
0.585079601298589 1 11
0.501566251571043 1 11
0.514026382515149 1 11
0.499489267849043 1 11
0.597148295305002 1 11
0.595662839236587 1 11
0.517084891602456 1 11
0.515344492178976 1 11
0.632549277190684 0 11
0.586361757806601 1 11
0.505054727585889 1 11
0.49803553938548 1 11
0.767944877955919 0 11
0.517362977574049 1 11
0.525613993218089 1 11
0.824981112694611 1 11
0.547286836021684 0 11
0.568801130335852 1 11
0.492305679033487 1 11
0.490707572273056 0 11
0.57337388471782 1 11
0.87726031425054 0 11
0.553492323307948 0 11
0.538378254227822 0 11
0.550007235507991 1 11
0.707234278928334 1 11
0.619802869286868 1 11
0.562779016602 1 11
0.598559677228219 1 11
0.609191267876368 1 11
0.51758503399931 1 11
0.599871735495367 1 11
0.580503057753195 1 11
0.50673286740913 1 11
0.643564983689493 1 11
0.482241438739376 1 11
0.510538931218899 1 11
0.597447023177345 1 11
0.661651277248489 1 11
0.636664431871876 1 11
0.496126172925446 1 11
0.486984881514479 1 11
0.557010048538362 0 11
0.507713215678303 0 11
0.557232557623605 1 11
0.651882219231877 1 11
0.569616309161516 1 11
0.548172087446406 1 11
0.50169299897371 1 11
0.566633252772751 1 11
0.804486233771961 0 11
0.504222040360523 1 11
0.662780736342732 0 11
0.588650806265008 0 11
0.540151028427468 1 11
0.501754460433708 1 11
0.657423485884315 0 11
0.55621491745452 0 11
0.668871289097157 1 11
0.534017631772128 1 11
0.522480067796092 0 11
0.500957084267512 1 11
0.760619197133556 1 11
0.589546355057763 1 11
0.523055154182884 1 11
0.499629591185025 1 11
0.748885606525568 1 11
0.52008592631636 1 11
0.695980755365489 0 11
0.778713105541422 1 11
0.492119988307466 0 11
0.668130257776338 0 11
0.562730122117822 1 11
0.573691441426654 1 11
0.760714025732089 1 11
0.53559714915903 1 11
0.582902690256883 1 11
0.539153376707243 0 11
0.547778792202682 0 11
0.52168463072637 1 11
0.538534484573869 0 11
0.512218118364511 1 11
0.600979031733893 1 11
0.519606120459503 1 11
0.519881808811491 1 11
0.533581501540474 0 11
0.59635430764538 1 11
0.604228432941432 1 12
0.47078384997918 1 12
0.572419860475514 1 12
0.416122360778901 0 12
0.482865361278242 1 12
0.506183741900075 1 12
0.66006192663235 1 12
0.351511290994899 1 12
0.335524618216096 1 12
0.267419548876167 1 12
0.326512368747182 1 12
0.434555889146433 1 12
0.851748791532228 1 12
0.325314799117455 1 12
0.474341874642329 1 12
0.31448842408273 1 12
0.51633713603151 1 12
0.356510089147998 1 12
0.614121809665683 1 12
0.739819322437618 1 12
0.495660743407968 1 12
0.372103210116824 1 12
0.742868687627018 1 12
0.366716103135822 1 12
0.593022705648097 1 12
0.710910705795713 1 12
0.410787756785193 1 12
1.08621712047461 1 12
0.294862045058843 1 12
0.331821664431373 1 12
0.408241716119625 1 12
0.43602821059022 1 12
0.46648621215909 0 12
0.366662384082709 1 12
1.13498037983462 1 12
0.476136630713614 1 12
0.39625201536025 1 12
0.288971875951268 1 12
0.427651493682912 1 12
0.516602520384074 1 12
0.331602930233544 1 12
0.353143617856803 1 12
0.383367386858451 0 12
0.413519170343917 1 12
0.282707776154828 1 12
0.346206364227568 1 12
0.287050996183243 1 12
0.625715147209917 1 12
0.618543475796749 1 12
0.450093610927932 1 12
0.395758658429542 1 12
0.433429544034907 1 12
0.30216514845964 1 12
0.949653767508325 1 12
1.42662669908218 0 12
0.407788163249444 1 12
0.336828081944433 1 12
0.283961062298695 1 12
0.28007749954861 1 12
0.449683610674688 1 12
1.00266830077148 0 12
0.43711206922263 1 12
0.817221882475784 1 12
0.44650103914566 1 12
0.61068359771893 1 12
1.09062913617876 1 12
0.743946681124751 1 12
0.964729033882403 1 12
0.566625774418617 1 12
0.332439118370062 1 12
0.386095780721386 1 12
0.844964395569631 1 12
0.417560945544218 0 12
0.476317435720492 1 12
0.484819975090926 1 12
0.555637703232018 0 12
0.472705307062578 1 12
0.335513517210064 1 12
0.551307084745432 1 12
0.327471312309151 1 12
0.407136922906299 1 12
0.423263733310588 1 12
0.497042815668853 1 12
0.647699176930639 1 12
0.429056177730822 1 12
0.287697983296965 1 12
0.357811527465429 1 12
0.373178576619636 1 12
0.49398108015271 0 12
0.356186489787935 1 12
0.35525072623532 1 12
0.356066599143957 1 12
0.284997020258248 1 12
0.29946801626176 1 12
0.508910115967643 1 12
0.370634522921388 1 12
0.487435309407694 1 12
0.715539894188913 1 12
0.362923997142828 1 12
0.319856438103317 1 12
0.416317816549289 1 13
0.409745482267135 1 13
0.468459791613413 1 13
0.401692055040169 1 13
0.544820057821781 1 13
0.429643618671977 0 13
0.420082068983699 1 13
0.402083782705713 1 13
0.425472665666164 1 13
0.465778799195747 1 13
0.433816995078025 1 13
0.43488033475974 1 13
0.408275727754703 1 13
0.429345469212409 0 13
0.403523238978856 1 13
0.421266500143285 1 13
0.448927624781911 1 13
0.428575688641777 1 13
0.399527373454439 1 13
0.421453542013094 1 13
0.414213962375471 1 13
0.465259597666446 1 13
0.426515207336097 1 13
0.434054976502218 1 13
0.425552110659888 1 13
0.408522740114073 1 13
0.429752024214962 0 13
0.427838694110283 0 13
0.466427911815173 1 13
0.447863150835667 1 13
0.470688821380261 1 13
0.407139568185544 1 13
0.401508403752636 1 13
0.398515796151107 1 13
0.41501679259696 1 13
0.414525208355166 0 13
0.401572890569686 1 13
0.423055103529011 0 13
0.531887910991413 0 13
0.430812656666551 1 13
0.485953504188722 0 13
0.415002869508878 1 13
0.427860549169214 1 13
0.57409209146832 0 13
0.411799279624915 1 13
0.436196017858639 1 13
0.414570830271114 1 13
0.413135127206398 1 13
0.477149452494941 0 13
0.416406560414522 1 13
0.49752660314246 0 13
0.421457985162595 0 13
0.415006222409158 1 13
0.39989123283403 1 13
0.426385563940675 1 13
0.415357091463073 1 13
0.428349243933976 1 13
0.515851431977778 1 13
0.404679018372335 1 13
0.406919161334772 1 13
0.409011100051648 1 13
0.41425338474841 0 13
0.409438986442474 1 13
0.396331538128956 1 13
0.420983700426019 1 13
0.420993264945622 1 13
0.420418009724338 1 13
0.458412068652157 1 13
0.42212296582205 0 13
0.402755372062312 1 13
0.408802052374482 1 13
0.427346382096962 0 13
0.5048181283888 1 13
0.419730583869802 0 13
0.442126751276423 1 13
0.419911498105459 1 13
0.407863825817005 1 13
0.639432211899417 0 13
0.490326709043905 0 13
0.401465233336613 1 13
0.478544321357914 0 13
0.424163228367206 1 13
0.410299424663771 1 13
0.408404501638229 1 13
0.475146282786149 1 13
0.403179131514769 1 13
0.411086380968348 1 13
0.471140857061298 1 13
0.403133232365067 1 13
0.483599438443535 1 13
0.400773038518526 1 13
0.441569202050709 0 13
0.40058042117391 1 13
0.530348900719407 0 13
0.428180517769969 1 13
0.401840132086765 1 13
0.437356810844187 1 13
0.407593621291955 1 13
0.417141202065899 1 13
0.522423891858796 1 13
0.750559014894735 0 14
0.430527290694091 0 14
0.830939910073527 0 14
0.410727527356635 1 14
0.589240286449759 0 14
0.481512133262141 1 14
0.388652013578946 0 14
0.493183595218841 1 14
0.589788340451322 0 14
0.383961885043692 1 14
0.365961022130352 1 14
0.556610493679964 1 14
0.357046437893048 1 14
0.349827701962798 1 14
0.566431798344757 1 14
0.850896093583159 1 14
0.280598820656627 1 14
0.345784821582106 1 14
0.313442174831877 1 14
0.929702872011221 1 14
0.380816893819418 1 14
0.450629467271224 1 14
0.486491350931904 1 14
0.317456567333879 0 14
0.527887776609282 1 14
0.449882842190545 1 14
0.597214004693587 0 14
0.314271493200165 1 14
0.455459158466308 0 14
0.411922282279899 0 14
0.317389453583548 0 14
1.21436100578309 1 14
0.554760180297145 0 14
0.31559538319081 1 14
0.476636065218972 1 14
0.398614521249832 1 14
0.678917112217855 0 14
0.430201037082164 1 14
0.281165613198997 1 14
0.498859400836746 1 14
0.593928068482684 1 14
0.419024248292913 0 14
0.412543332395904 0 14
0.330739860759727 1 14
0.385503457267609 1 14
0.31087335112318 1 14
0.411388465264099 0 14
0.498033130813116 0 14
0.461722100701812 1 14
0.766799796223822 1 14
0.342119129921464 0 14
0.290900388793076 1 14
0.412776553793156 1 14
0.850881150628939 1 14
0.819450995259341 1 14
0.446047798525427 0 14
0.327387959428421 1 14
0.65643440830154 0 14
0.380370076783532 1 14
0.354068363338455 0 14
0.298210520738838 1 14
0.497080564233737 0 14
0.314178570110305 1 14
0.378274851759991 0 14
0.464398933246138 0 14
0.438875520280771 0 14
0.588228921800081 1 14
0.421893120046228 1 14
0.62562377461823 1 14
0.553358027783327 1 14
0.489666072788983 1 14
0.346504532138736 1 14
0.521065853411097 1 14
0.3985347257609 0 14
0.780909085332227 1 14
0.472656498043595 0 14
0.535081760522861 0 14
0.334982182742076 1 14
0.590816863936303 0 14
0.333657669885948 0 14
0.313749539090023 1 14
0.550672904289042 1 14
0.475381074952107 1 14
0.488795368893367 0 14
0.404441315867806 0 14
0.370982832352718 1 14
0.457208750108507 1 14
0.544178088445456 0 14
0.332763805805671 0 14
0.362741180451901 1 14
0.366025309231251 1 14
0.363989329969424 1 14
0.476990464520036 0 14
0.724470693473959 1 14
0.615859174683629 0 14
0.346304626616286 0 14
0.369451632519588 0 14
0.501368317601468 1 14
0.400003525010281 0 14
0.645713441546301 1 14
0.508744832583434 0 15
0.443787717645375 0 15
0.391580798951464 1 15
0.342183656061276 1 15
0.358943284439329 1 15
0.444736116462134 1 15
0.398572276891959 1 15
0.448461411938279 1 15
0.405113492492424 1 15
0.59381543832352 0 15
0.390063387650084 0 15
0.672276403820876 1 15
0.422220143709652 0 15
0.486494471214903 1 15
0.380271050071796 1 15
0.36792259264923 1 15
0.399148424538788 1 15
0.526023738262351 0 15
0.540823129988847 1 15
0.536987716963132 1 15
0.320048360041259 0 15
0.561831306948464 1 15
0.596469053771173 0 15
0.367651824039582 1 15
0.405861071398362 0 15
0.340507782309397 0 15
0.323860964535943 0 15
0.441318503174465 0 15
0.485253444696607 1 15
0.404939275424437 1 15
0.519139738670649 1 15
0.424163511604766 1 15
0.432106661617905 1 15
0.445990878049236 0 15
0.540604725748391 1 15
0.665891184483926 1 15
0.340540664359839 1 15
0.337241286726336 0 15
0.338018028109799 0 15
0.51559143157446 1 15
0.37775939728682 0 15
0.558845074877435 1 15
0.576884992503543 0 15
0.568307442019289 1 15
0.428494354689917 0 15
0.508716683900273 0 15
0.514427337170545 1 15
0.422174220665523 1 15
0.73891244355889 1 15
0.338375703875375 0 15
0.403028095567287 0 15
0.383929397844621 0 15
0.508245426649595 0 15
0.342001319397481 0 15
0.667890581813501 1 15
0.344070169089888 1 15
0.372502470378948 1 15
0.44706035836164 0 15
0.328105573004974 0 15
0.374597350814327 1 15
0.64034807985643 1 15
0.433142699896201 0 15
0.718107305582961 0 15
0.480010663293536 0 15
0.493869516352529 1 15
0.40689945399407 1 15
0.345357603549058 1 15
0.363546236014987 1 15
0.395516034114946 1 15
0.332093591548372 0 15
0.394553038347756 1 15
0.406430804644588 1 15
0.558214309388649 0 15
0.476125885439565 0 15
0.347151588815376 1 15
0.572299434401635 1 15
0.419249666179575 1 15
0.723637758881985 0 15
0.497348619633429 0 15
0.356982465281099 1 15
0.4245068967558 0 15
0.326265840158937 0 15
0.339302657719728 0 15
0.438341898711559 1 15
0.414106577218529 0 15
0.373496449602783 1 15
0.328665382933372 0 15
0.325721050046593 0 15
0.355837200736565 0 15
0.631389001310214 1 15
0.426368069070467 1 15
0.423521970298525 1 15
0.472213491856552 1 15
0.552639551003673 0 15
0.349317298658766 0 15
0.341941596687016 1 15
0.388763908628796 1 15
1.28518487380643 0 15
0.775005882797743 1 15
0.46232559356943 1 15
0.434384941865719 1 16
0.524737719786436 0 16
0.554621269135324 0 16
0.542546431624894 1 16
0.424175206165791 0 16
0.53420435132777 1 16
0.447302037941196 0 16
0.493791208997139 1 16
0.581159038036607 0 16
0.580121545171878 1 16
0.435435010552285 0 16
0.487052454057418 0 16
0.517536264900934 0 16
0.447694271498242 1 16
0.449610187739017 0 16
0.554192464385436 0 16
0.75337265367699 0 16
0.508912586867621 1 16
0.453255687647816 0 16
0.418665993471461 1 16
0.479110619808427 1 16
0.520394001288219 0 16
0.47271755482245 0 16
0.532931068722384 0 16
0.460062116338157 0 16
0.425060453555109 0 16
0.523561465783425 0 16
0.624145219733558 0 16
0.737937990906207 0 16
0.486315883544808 1 16
0.515144408677366 0 16
0.46748735646519 1 16
0.452688271019361 1 16
0.484884420825891 1 16
0.619529081810267 1 16
0.469751861968975 1 16
0.481720806351689 0 16
0.475196939962094 1 16
0.437172777044476 1 16
0.453195680167332 0 16
0.425868064858832 1 16
0.435803254757275 1 16
0.546287000943334 0 16
0.823507684829392 1 16
0.539070838061336 0 16
0.611975852435573 0 16
0.542745955706303 0 16
0.493236160531905 1 16
0.500815445057258 0 16
0.433313623291912 1 16
0.435926490844627 0 16
0.484180379807265 1 16
0.43164309916629 1 16
0.448177844895982 1 16
0.490746968694081 0 16
0.500720279832957 1 16
0.454179157205783 0 16
0.513194366286331 0 16
0.443204867446312 0 16
0.763199919244361 0 16
0.423905127488758 0 16
0.457491204803661 1 16
0.533789817164542 1 16
0.576015481948471 1 16
0.433053828890563 1 16
0.493983386260323 1 16
0.528534000957169 0 16
0.525185267224386 1 16
0.551857484281313 0 16
0.453128897430238 1 16
0.547082928106425 1 16
0.529322563109698 1 16
0.425169931595539 1 16
0.469907090085937 0 16
0.461909860459341 0 16
0.590592059012097 0 16
0.422632590073067 0 16
0.566569188070006 1 16
0.691500618066875 0 16
0.511702204042052 0 16
0.483447236242539 1 16
0.450800583467171 0 16
0.525028401298373 0 16
0.421161083918597 1 16
0.583114518811413 0 16
0.790085859880818 0 16
0.519534330654314 1 16
0.564083086852899 1 16
0.524887060588386 1 16
0.550061701900764 0 16
0.51094220906289 1 16
0.606678735482163 0 16
0.421994562582075 0 16
0.469517204801756 1 16
0.482168774179509 0 16
0.430240093066321 0 16
0.54033116620315 0 16
0.44548276308586 0 16
0.596617217608938 1 16
0.717237739776277 0 16
0.575673544991864 1 17
0.523300762250785 0 17
0.396845110755398 0 17
1.09415775805006 0 17
0.816770304190881 0 17
0.437263741669886 0 17
0.511193986367432 1 17
0.427179750636466 0 17
0.486563092464798 0 17
0.434533755123859 0 17
1.00583814280445 0 17
0.506009519875405 0 17
0.476566597942592 0 17
0.625404716792348 0 17
1.53552023365007 1 17
0.686848587970836 0 17
0.407846467411118 0 17
0.945276160196049 1 17
0.620283332536912 0 17
0.64821874696163 0 17
1.32368625942112 1 17
0.696250977132163 1 17
0.439202871165406 0 17
0.454761051312585 0 17
0.411659203612452 0 17
1.01702376797695 1 17
0.453153906793916 0 17
0.528105140563162 0 17
0.423836407063671 0 17
0.417847862172352 0 17
0.424086667501581 0 17
0.393493739403898 0 17
0.843239042571328 0 17
0.848233875414568 1 17
0.455585651234784 0 17
0.8157305659882 1 17
0.684561376496054 1 17
0.453077883693191 0 17
1.19670650664058 1 17
0.407243493280177 0 17
0.7180765451561 0 17
1.02308968897827 1 17
1.0390391064869 1 17
0.623389221390606 0 17
0.500357862322086 0 17
1.06709925923969 1 17
1.96768960613372 1 17
1.26183193649721 0 17
0.738462901798036 0 17
1.37534663342127 1 17
0.681154070995048 1 17
0.7288867050488 1 17
0.594669358237925 1 17
1.11873799536185 1 17
0.461858358618197 0 17
0.413819539611045 0 17
0.830773614777019 0 17
0.56949482716785 0 17
0.978569679168942 1 17
0.647129728704736 0 17
0.807949362372634 0 17
0.719288080050783 1 17
0.433872565629164 0 17
0.520797327340799 0 17
0.594734304629687 0 17
0.765388364800845 1 17
0.423407273660297 0 17
0.84124202297931 1 17
0.459909607667286 0 17
0.409348013097211 0 17
0.441877689053729 0 17
0.405734432683666 0 17
0.780323057883211 1 17
0.831351242078537 0 17
0.459482191872751 0 17
0.545111408496467 0 17
0.706133905932562 0 17
1.10140986652623 1 17
1.19184582305306 0 17
0.405258679884583 0 17
0.398133700390635 0 17
1.5007179925703 1 17
0.42953861002524 0 17
0.8264870087654 0 17
1.29170271600174 1 17
0.812156484078591 0 17
0.772386014351812 1 17
0.819598293003769 1 17
1.12459208728039 0 17
0.664194032289913 0 17
0.921446663642868 0 17
0.477442607159643 0 17
1.23477473545956 0 17
0.458682471199181 0 17
0.472378339516153 0 17
0.419925682600686 0 17
0.759130005511023 1 17
0.952312494822438 1 17
0.462234528423816 0 17
0.54184187790427 1 17
0.495612052163534 0 18
0.382277283578662 0 18
0.512397654448681 1 18
0.475227704839161 1 18
0.365028553595185 0 18
0.593063934096026 1 18
0.378949721315115 1 18
0.522240481440283 1 18
0.581223127815883 0 18
0.386802997784171 0 18
0.374290265356792 1 18
0.424676837784988 1 18
0.572066276308878 1 18
0.640538487286384 1 18
0.396155954146698 0 18
0.405901020112664 1 18
0.610465736539945 1 18
0.499968737316418 1 18
0.450963119723606 1 18
0.497762067854539 1 18
0.40278134755153 0 18
0.584666745769478 1 18
0.538025752493981 0 18
0.381063430128167 0 18
0.396100184197567 1 18
0.561221604595915 1 18
0.382211136080589 1 18
0.456448483082745 1 18
0.485636667367578 0 18
0.448071553992526 0 18
0.547252280415273 0 18
0.391611303748132 1 18
0.544808645082488 0 18
0.363085809926398 0 18
0.402598647697606 1 18
0.373713226025478 1 18
0.447111067491486 1 18
0.423910939098429 1 18
0.357966244555864 1 18
0.509618136848097 1 18
0.492079439475043 0 18
0.377564880457697 0 18
0.407034189800863 0 18
0.415652794628104 1 18
0.38973942637666 1 18
0.500883896123198 1 18
0.423671412387639 1 18
0.917866516909613 1 18
0.520746411061834 1 18
0.435007866511959 0 18
0.484100838047574 1 18
0.397719237492341 1 18
0.408735925149448 0 18
0.410422506744108 1 18
0.395410206149952 1 18
0.464615001647489 1 18
0.404875008777602 1 18
0.424005335849915 0 18
0.386417528872249 0 18
0.543559521564601 1 18
0.38795616161881 0 18
0.463200984069007 0 18
0.379717475320201 1 18
0.420528688479399 0 18
0.570409102327786 1 18
0.367386405107768 0 18
0.456066135385542 1 18
0.360904504695749 0 18
0.43648865828826 1 18
0.37134849613142 1 18
0.568894685660746 1 18
0.526238727883431 0 18
0.387611193072539 0 18
0.380036388434539 1 18
0.448558443275819 1 18
0.416132231422039 0 18
0.406868634001199 1 18
0.40691628223842 1 18
0.544502667867212 0 18
0.633904326163129 1 18
0.470392648896474 1 18
0.476775470452578 1 18
0.510773593048654 0 18
0.360408738711661 0 18
0.541009537475818 1 18
0.490295043049437 1 18
0.491811362174157 0 18
0.488327772401759 1 18
0.385723121025722 1 18
0.501683919727385 0 18
0.449205030843303 1 18
0.38430407320526 1 18
0.425120628636801 1 18
0.512574455746848 1 18
0.368020332694492 1 18
0.594051378955212 0 18
0.642797612364122 1 18
0.384684690555924 1 18
0.724002928182207 0 18
0.554599658027973 0 18
0.369878727544007 0 19
0.530869061725142 1 19
0.443631935577773 1 19
0.391399135393468 1 19
0.482999531355199 1 19
0.414537733239782 1 19
0.421248837104925 1 19
0.420188880451992 0 19
0.52784764255476 0 19
0.432900433864762 1 19
0.796104466480636 1 19
0.42106008219695 1 19
0.439049794923169 0 19
0.372466678077952 0 19
0.496286897236438 1 19
0.416772759197513 1 19
0.395171411560481 0 19
0.593720306401063 1 19
0.453055326556765 1 19
0.428143967074599 1 19
0.37771869717412 0 19
0.360806747653335 0 19
0.380341813970344 0 19
0.432174906786937 1 19
0.569518205962934 1 19
0.37135554926247 1 19
0.407589362093137 1 19
0.623122809203001 0 19
0.625858364713062 1 19
0.458081366011929 1 19
0.469163849032698 1 19
0.513158525268754 0 19
0.588458237592259 1 19
0.434419746203982 1 19
0.485533236583306 1 19
0.38137034677502 1 19
0.495559634210447 1 19
0.466577346711956 1 19
0.466109311502712 1 19
0.558015986525958 1 19
0.511440371484781 1 19
0.367909711876008 0 19
0.487260772027441 1 19
0.38914286228558 1 19
0.389253844217378 1 19
0.386757384981947 1 19
0.431008221209819 0 19
0.405263572010025 0 19
0.397447902508144 0 19
0.553881993556631 1 19
0.372313737050651 0 19
0.602058692900597 1 19
0.468071956492373 1 19
0.501833792902828 1 19
0.541274002357312 0 19
0.418380459945989 0 19
0.400453473129413 1 19
0.522007240452928 1 19
0.450066308757523 0 19
0.461019008985807 1 19
0.426376396372122 0 19
0.554288753775757 1 19
0.907854647650779 1 19
0.589549321869182 1 19
0.597681869314714 1 19
0.4849633027556 1 19
0.42163224203657 1 19
0.416425593369896 1 19
0.409275171268606 0 19
0.398640446617477 0 19
0.607705616139566 1 19
0.45965383398974 1 19
0.422045039794868 1 19
0.611965250552943 0 19
0.507077953058932 1 19
0.377011842012297 0 19
0.384786453585407 0 19
0.393924699666359 1 19
0.495522920846004 1 19
0.520499627443878 1 19
0.386424075449658 1 19
0.663530761569519 1 19
0.361265388472197 1 19
0.496619381166043 1 19
0.547404657788671 1 19
0.366021387482963 0 19
0.420188553372066 1 19
0.682054832909177 1 19
0.420206621803402 1 19
0.483064876234342 1 19
0.499183655386064 0 19
0.512340992508868 0 19
0.451777349475817 1 19
0.38193015185191 1 19
0.432120234545199 0 19
0.405458703884122 1 19
0.407721878335286 0 19
0.551701860144231 1 19
0.431340664290295 1 19
0.431793824266004 1 19
0.255917414444363 1 20
0.29010213465638 1 20
0.298074193934087 1 20
0.381637527061812 0 20
0.478042174009398 1 20
0.329964580916281 1 20
0.302311451671767 1 20
0.288044852958464 1 20
0.420540051474285 1 20
0.365546998324692 1 20
0.569350941412091 1 20
0.464082983922352 1 20
0.273724138341976 1 20
0.622362699679891 1 20
0.463719643643892 1 20
0.307191696649834 1 20
0.314919434717032 1 20
0.321776554701609 1 20
0.85542532953491 1 20
0.414493643717 0 20
0.326663521344835 1 20
0.337425423000935 1 20
0.263106148956633 1 20
0.291114283376581 1 20
0.256319254355087 1 20
0.287326767000991 1 20
0.509554920711471 1 20
0.32272472645061 1 20
0.286823623820652 1 20
0.403428660564177 1 20
0.292761040398836 1 20
0.319522509190466 1 20
0.325570805531203 0 20
0.347449388518918 1 20
0.307475760144422 0 20
0.383020423553318 1 20
0.311686094827779 1 20
0.384292438914706 1 20
0.355505008293037 1 20
0.334928450587949 1 20
0.265035528164817 1 20
0.268308802409278 1 20
0.630477510290593 1 20
0.2665522572516 1 20
0.457563128913928 1 20
0.264062642202748 0 20
0.27533683147461 1 20
0.356826208721327 1 20
0.25729131689362 1 20
0.437082010911771 1 20
0.279715139522677 1 20
0.396800593827062 1 20
0.460975256071337 1 20
0.262634872037279 1 20
0.368805545015277 1 20
0.274488293928332 1 20
0.336275925461137 1 20
0.61099207248072 1 20
0.304048197675476 1 20
0.359228023312942 1 20
0.351710415004961 0 20
0.578634507445172 1 20
0.779629288518172 1 20
0.390895212973069 1 20
0.343708994113809 1 20
0.265930107504197 1 20
0.322083694105514 1 20
0.387406397148446 1 20
0.486394157446698 1 20
0.269025686892321 1 20
0.379736568523467 1 20
0.289732000380467 1 20
0.24400117541307 1 20
0.336721833823849 1 20
0.304918302933901 1 20
0.707308670868203 1 20
0.32884501751524 1 20
0.373156948581955 0 20
0.279468927087354 1 20
0.296991636828531 1 20
0.255993932844431 1 20
0.289956425668493 1 20
0.326855582565114 1 20
0.434653621492754 1 20
0.408856751590246 1 20
0.263108095068987 1 20
0.705939346400504 1 20
0.387230425272218 1 20
0.297784077897757 1 20
0.260343678011325 1 20
0.254079717039732 1 20
0.293668794842247 1 20
0.294497349739605 1 20
0.310233517066235 0 20
0.309295983829882 1 20
0.287304284871992 1 20
0.310721738983886 1 20
0.596071784180674 0 20
0.247016428224416 1 20
0.509836772837213 1 20
0.386343317393951 1 21
0.465998119358498 1 21
0.373047152945282 1 21
0.468758311947182 1 21
0.566477804893015 1 21
0.57708358285486 0 21
0.448467877299911 0 21
0.469194427109882 1 21
0.367325636478404 0 21
0.436764377672891 1 21
0.371612758391088 1 21
0.778939168866937 0 21
0.346550172966668 1 21
0.50022909093627 1 21
0.337910275315359 0 21
0.360444956540246 0 21
0.365894992061843 0 21
0.435882975185727 0 21
0.38313312426216 0 21
0.545302646217361 0 21
0.489446069227251 1 21
0.380832568715827 0 21
0.476993003104767 1 21
0.376384288982462 1 21
0.749177691439109 0 21
0.347329976802141 0 21
0.516547147688139 0 21
0.456413022064809 1 21
0.379392846800485 0 21
0.405910188453384 1 21
0.419599263189147 0 21
0.45638735004535 1 21
0.373101881301455 0 21
0.408041022682752 0 21
0.926285196037673 0 21
0.345569832898473 0 21
0.447657378669211 0 21
0.385391963111985 0 21
0.422902040665643 0 21
0.399403563545354 1 21
0.423310073743098 0 21
0.337349892989003 1 21
0.397357831922614 1 21
0.470910148412835 1 21
0.438752863590515 0 21
0.430387368009493 1 21
0.492258868852997 1 21
0.403744834403173 0 21
0.4008979150673 1 21
0.969842898615692 0 21
0.45555954813706 1 21
0.402094347635824 1 21
0.444630303530716 1 21
0.426760867265373 0 21
0.555367393091908 1 21
0.418434848853444 0 21
0.517985142430227 1 21
0.399171675294767 0 21
0.461177963869451 1 21
0.701195586504635 1 21
0.370128944526047 1 21
0.367964791636327 1 21
0.504786355175387 1 21
0.390977567345633 1 21
0.348525983725216 0 21
0.393757556490456 1 21
0.407149712702617 1 21
0.341649815612587 0 21
0.419365899290575 0 21
0.43669411231745 0 21
0.386247418293643 1 21
0.396544545262595 0 21
0.810298436919214 1 21
0.665618098204413 0 21
0.411571643720915 0 21
0.608080396187804 1 21
0.690748870514195 0 21
0.502123725815283 1 21
0.491381315162315 1 21
0.386491551527181 0 21
0.458994707688101 1 21
0.498625278806771 1 21
0.486510629638924 1 21
0.414018579512457 0 21
0.373362584362355 1 21
0.587971407206212 1 21
0.369403149398954 0 21
0.456697847410288 1 21
0.339706963321524 0 21
0.420698368539978 1 21
0.366130765258559 1 21
0.497196557074801 1 21
0.507484205928165 0 21
0.462924783661373 0 21
0.53038019430752 0 21
0.48436607269457 0 21
0.360073940167412 0 21
0.469861081375105 0 21
0.608090342131497 1 21
0.359842312093387 0 21
0.433717147456972 0 22
0.477468842722318 0 22
0.575406955423443 1 22
0.409127544712694 0 22
0.599185846086119 1 22
0.522334507718043 1 22
0.480287512763359 0 22
0.629659538261008 0 22
0.489761327010128 0 22
0.70144931743449 0 22
0.397449979237136 0 22
0.542842146410285 0 22
0.669567137324873 1 22
0.400700595387782 0 22
0.405184552056674 0 22
0.496197287235295 1 22
0.482545285906193 0 22
0.443720738529025 0 22
0.459046261227759 0 22
0.627000038209505 0 22
1.01185332955193 0 22
0.617309508982209 1 22
0.442210793689888 0 22
0.990479402941226 1 22
0.395426401279782 0 22
0.408538062171855 0 22
0.551426163360747 1 22
0.501714803871881 0 22
0.474218046444479 1 22
0.434052449204554 0 22
0.492344163706682 0 22
0.690247149367672 1 22
0.679406428392408 1 22
0.626619913168118 1 22
0.728090082977772 0 22
1.21920591990313 0 22
0.458757486431772 0 22
0.907172024276284 1 22
0.540631643644227 1 22
1.12892160613164 0 22
0.622971968877941 1 22
0.506131606899808 0 22
0.764135655447449 0 22
0.673128709462026 1 22
0.448248301756398 1 22
0.601358514963356 0 22
0.405977849468489 0 22
0.512154220545154 1 22
0.421179142123442 0 22
0.503333036927387 0 22
0.562315573999511 0 22
0.582644804122191 1 22
0.487655332723879 0 22
0.497629964290603 1 22
0.471379531960104 0 22
0.628539769460022 1 22
0.602243616909836 1 22
0.435239225733715 0 22
0.41598672994804 0 22
0.517512058129458 0 22
0.414230859220901 0 22
0.514341173599188 0 22
0.468885809949431 0 22
0.543387657050129 1 22
0.551725979176633 0 22
0.424991940655064 0 22
0.456502849287739 1 22
0.777765282641832 1 22
0.666732939939079 0 22
0.43381500224513 0 22
0.427270115621998 0 22
0.644381146343364 0 22
0.566608790292877 0 22
0.541309976300234 0 22
0.5229401089626 0 22
0.567935133271346 0 22
0.473202023424331 0 22
0.397737324434818 0 22
0.432012084805946 0 22
0.666119693739683 1 22
0.643994289850196 1 22
0.418311095889977 0 22
0.57583720706213 1 22
0.670648257183955 1 22
0.688838609300203 0 22
0.926542062453633 0 22
0.900741643010996 0 22
0.415913189228321 0 22
0.539136215244129 0 22
0.571442605065502 0 22
0.465940295816461 0 22
0.465185654397908 0 22
0.468135862941185 0 22
0.450452785420769 0 22
0.794148041394458 1 22
0.499151732005468 0 22
0.429454437464467 0 22
0.450390291293949 0 22
0.588499370263051 0 22
0.548242198400146 1 22
0.299311930891861 1 23
0.326140030146279 1 23
0.573021704972534 1 23
0.349106037084558 0 23
0.292967953168073 1 23
0.307093988350201 1 23
0.30872716662428 1 23
0.398778935421267 0 23
0.368341853650307 1 23
0.292883006315105 1 23
0.314403968508164 0 23
0.481654205353208 1 23
0.291430215609493 1 23
0.301953377805458 0 23
0.461625346863243 0 23
0.484042454111795 0 23
0.372182082941641 1 23
0.30783644368246 1 23
0.370757369359632 1 23
0.297446749072167 1 23
0.307112867218597 1 23
0.292142644267044 1 23
0.286166715689013 0 23
0.368390120939299 1 23
0.341998729775824 1 23
0.316701888408334 1 23
0.293042247695816 1 23
0.383593109367939 0 23
0.378382713440298 0 23
0.307415362493932 1 23
0.308688726308008 1 23
0.291781175557231 1 23
0.300634061617004 1 23
0.36393545471862 1 23
0.287972916333427 0 23
0.311966475225396 1 23
0.453565536000245 1 23
0.42825899828769 0 23
0.290334606058958 1 23
0.289264365425735 1 23
0.400913510791511 0 23
0.329983479218071 1 23
0.283569929247359 1 23
0.441821189489179 1 23
0.294338987836798 0 23
0.302060267881622 1 23
0.300815686121284 1 23
0.418722207158307 0 23
0.325247015825343 1 23
0.349124624806997 0 23
0.323448527936088 1 23
0.319900828459258 1 23
0.434745461940365 1 23
0.29652237096063 1 23
0.313121508434561 1 23
0.302356758830539 1 23
0.298681977037617 1 23
0.308287677592989 1 23
0.313857005927152 1 23
0.292619161276182 1 23
0.307172771485112 1 23
0.421412637319248 1 23
0.291888373984337 1 23
0.280063960867369 1 23
0.331482405313379 1 23
0.416984353720033 1 23
0.290624930962116 1 23
0.339284015440442 1 23
0.295078639241652 1 23
0.314781084190266 1 23
0.422613594827096 0 23
0.286098178928456 1 23
0.498649975060789 0 23
0.350184346391653 0 23
0.288189414886541 1 23
0.288563957828426 1 23
0.372880292561838 1 23
0.333357011449868 1 23
0.31646412748648 1 23
0.335876184362208 1 23
0.31216091607232 1 23
0.316249726027164 0 23
0.367475344273814 1 23
0.320285556662632 1 23
0.643596392767372 1 23
0.31339943568182 1 23
0.339747978453752 1 23
0.287364623601458 1 23
0.301621181456298 1 23
0.310052764977464 1 23
0.325606124315961 0 23
0.346450086183255 1 23
0.330332014617854 1 23
0.325487410599752 1 23
0.297057829111445 1 23
0.337994732729713 1 23
0.452968073510776 1 23
0.293799031311669 1 23
0.300594369590548 1 23
0.317027881053079 0 23
0.493708440611478 1 24
0.479445676672392 0 24
0.629247421225437 1 24
0.427735413050865 1 24
0.46461645675331 1 24
0.505090847283429 1 24
0.777930640887568 0 24
0.620787719545605 1 24
0.521181063778333 1 24
0.559994377816536 0 24
0.487953860254663 0 24
0.596719381510745 1 24
0.4275999954582 0 24
0.843996508195017 1 24
0.52304981058806 1 24
0.40969638401044 0 24
0.493929815379657 1 24
0.483069042304553 0 24
0.405800759234256 0 24
0.437932819552767 1 24
0.425218854028168 1 24
0.404099258128355 0 24
0.608249023867662 0 24
0.472190530748754 0 24
0.422369004305376 1 24
0.467940074711622 0 24
0.581070661612611 0 24
0.409594157739219 0 24
0.654320422062583 0 24
0.577762313296525 1 24
0.517529549988087 1 24
0.849743480134814 1 24
0.457892895108944 1 24
0.934543020026955 1 24
0.483475463008012 1 24
0.379292033068568 0 24
0.502810785746629 0 24
0.569712577905429 1 24
0.906578362988452 1 24
0.488627598635755 1 24
0.402267259129553 0 24
0.402907522111287 1 24
0.567174234369194 1 24
0.871823036764462 0 24
0.722806057403523 0 24
0.472031836124739 0 24
0.452816597225656 0 24
0.640574726900512 1 24
0.465487067520972 0 24
0.374645524186187 0 24
0.413934484088095 1 24
0.572325425428094 1 24
0.44230373181036 0 24
0.65142529128742 1 24
0.453626547763308 1 24
0.416471435577592 1 24
0.418757301373808 0 24
0.384128205058075 1 24
0.897261521390056 1 24
0.543792936854388 0 24
0.490353025871468 1 24
0.459059037979854 1 24
0.650056748075892 1 24
0.427670747644634 0 24
0.525941522469532 1 24
1.37894837742904 0 24
0.379793660705383 0 24
0.469004703901953 0 24
0.431442247923183 1 24
0.442651386425106 1 24
0.377750114672271 0 24
0.454338740643878 1 24
0.374809713401513 0 24
0.615211190451643 1 24
0.569113703365372 1 24
0.390656062245561 1 24
0.586150785538843 1 24
0.568523177317164 1 24
0.432164449518552 1 24
0.517066818638378 1 24
0.417725572199717 0 24
0.401189903011002 0 24
0.575514286211056 1 24
0.415636385669469 0 24
0.574723636374038 1 24
0.650264810405924 0 24
0.441246165964813 1 24
0.631585417663709 1 24
0.41102088705248 1 24
0.413338319394758 1 24
0.67457097419225 1 24
0.405335102372261 0 24
0.538947244178491 1 24
0.728763297123271 0 24
0.519927836025918 0 24
0.670087221512903 1 24
0.66819890900493 0 24
0.462233730436223 1 24
0.529993630397423 1 24
0.833658734200116 1 24
0.433756534976947 0 25
0.488513045776634 1 25
0.419804287818951 1 25
0.448431835240137 1 25
0.316941408502749 1 25
0.309728327326502 1 25
0.411106964716335 1 25
0.305189506348934 0 25
0.375466382080205 1 25
0.333757099851625 1 25
0.334070388607386 1 25
0.296024790156324 0 25
0.770175477976087 1 25
0.482649882199517 0 25
0.338540120353892 1 25
0.297039796373903 1 25
0.314563831659275 1 25
0.389024019190073 0 25
0.365860642320261 1 25
0.432158906897351 1 25
0.309644709314716 0 25
0.423181968160743 0 25
0.428273082630268 1 25
0.631698543878188 1 25
0.815978723322085 0 25
0.329602266658562 0 25
0.511850166994427 1 25
0.425487385402932 1 25
0.312941741637257 1 25
0.477160092926229 0 25
0.410092620888813 1 25
0.338627260531299 1 25
0.371541792603892 0 25
0.459756371321221 1 25
0.704307028804227 0 25
0.399001389154123 1 25
0.346891618533702 0 25
0.460725800660849 1 25
0.306394006384136 1 25
0.339732570906586 1 25
0.337464556752626 1 25
0.42523296871577 1 25
0.345400979046759 0 25
0.323568881896964 1 25
0.422432382175332 0 25
0.839616188189747 1 25
0.536345720813852 0 25
0.442476765624203 1 25
0.401753560598083 0 25
0.431455983053847 0 25
0.384203846023361 0 25
0.397184214457793 1 25
0.415650948887385 0 25
0.306452054746784 0 25
0.369249855203806 0 25
0.345625004894102 1 25
0.395779384945043 1 25
0.367436811179693 0 25
0.38760164637554 0 25
0.37837620531179 1 25
0.400851252924605 0 25
0.356238220584044 0 25
0.652646006772285 1 25
0.442881829060174 0 25
0.599780437390057 1 25
0.308343994885795 0 25
0.319397487292152 1 25
0.407676060876021 1 25
0.505132951373606 0 25
0.447751972519559 0 25
0.318840055597594 1 25
0.49337898280047 1 25
0.496172372613805 1 25
0.341226558603266 1 25
0.370722136173093 1 25
0.490393605514073 1 25
0.476991266889935 0 25
0.551164524384836 1 25
0.340547384577755 1 25
0.462263914232078 0 25
0.431838801491651 1 25
0.357691709740577 0 25
0.345613429123926 0 25
0.318899428334664 0 25
0.462891689457192 1 25
0.566667731177467 1 25
0.346846178008057 1 25
0.321223653551133 1 25
0.325351787850028 1 25
0.317307233123466 0 25
0.3851570314577 1 25
0.486349776769516 0 25
0.319710142912432 1 25
0.331871476333394 1 25
0.485275175282397 0 25
0.305203541718649 1 25
0.339209917878035 1 25
0.42748108276163 1 25
0.637186563002022 1 25
0.450564674762528 1 25
0.506504017240477 1 26
0.413433799711522 0 26
1.11025575426551 1 26
0.378021506667831 0 26
0.374891752081054 0 26
0.355981786980126 0 26
0.437581138280355 1 26
0.544580962809151 1 26
0.448734363837394 1 26
0.629685381702446 1 26
0.391498690599879 1 26
1.05219854388019 0 26
0.94925677598464 1 26
0.368084974190463 0 26
0.337503803718679 0 26
0.365676934452265 0 26
0.614714666520607 0 26
0.390826311066088 0 26
0.345973601146377 0 26
0.785030631512498 1 26
0.598635187478547 1 26
0.515197554869934 0 26
0.569633625366623 1 26
0.689544341223649 1 26
0.660934471788707 0 26
0.361929594666004 0 26
0.417280857823407 0 26
0.785420575932469 1 26
0.574585362944801 1 26
1.19263116581887 1 26
0.571931760166624 1 26
0.363533792515291 0 26
0.571558280438443 1 26
0.57317056008637 1 26
0.515185649114684 1 26
0.373449606204983 0 26
0.603096879803576 0 26
0.537852830228871 0 26
0.400081541962016 0 26
0.613397496734018 1 26
0.372522347835416 0 26
0.448376176609154 0 26
0.378247427187851 0 26
0.336179876965675 0 26
0.402963811986888 0 26
0.637173555235453 1 26
0.668981993190875 1 26
0.372545082693479 0 26
0.505080606796942 1 26
0.633944327443748 1 26
0.363410572240937 0 26
0.418120563339115 1 26
0.412056332678604 1 26
0.413689938781336 0 26
0.523312467408178 0 26
0.420505276177327 1 26
0.989110364784586 1 26
0.359834148942883 0 26
0.340043789696743 0 26
0.817104036263214 1 26
0.491263654511926 1 26
0.352685400123231 0 26
0.454928409930971 0 26
0.408088023339712 1 26
0.60420696408231 0 26
0.580716840626308 1 26
0.346754154874331 0 26
0.567496672221607 1 26
0.34678832333372 0 26
0.628833914937683 1 26
0.514269635219756 1 26
0.579245834027424 1 26
0.419789617326045 0 26
0.348853011575838 0 26
0.379081233587062 0 26
0.434902968677761 0 26
0.430169912509998 0 26
0.343727854212015 0 26
0.362439405481451 0 26
0.653453577711076 1 26
0.472745297578929 1 26
0.330324757254283 0 26
0.352384407589617 0 26
0.375226590120487 0 26
0.43964363102779 0 26
0.402465492529293 1 26
0.417811207779654 0 26
0.48374471363963 0 26
0.332452154018022 0 26
0.495022317689716 1 26
0.368057954940672 1 26
0.759291286583111 1 26
0.365828867637007 0 26
0.499259106087406 0 26
0.711480976583449 1 26
0.340441822112479 0 26
0.417012841958111 1 26
0.411719483384797 1 26
0.601393707257142 1 26
0.419296604151895 0 26
0.389498791680833 0 27
0.323611193594597 0 27
0.624686909757114 1 27
0.500993352793036 0 27
0.313089600819385 0 27
0.452672487864632 1 27
0.470565259680134 0 27
0.808306934403274 1 27
0.450140975120837 1 27
0.355214201617996 0 27
0.528055810828516 0 27
0.379464679670253 0 27
0.696235833630771 0 27
0.345878555901283 0 27
0.348204542988643 0 27
0.694184292918298 0 27
0.761066562830053 0 27
0.70668279388794 0 27
0.937682289264265 1 27
0.455362956888411 1 27
0.442766212055243 1 27
0.477079870163939 0 27
0.45656176736229 1 27
0.359687622965049 0 27
0.405971802396816 1 27
0.545408870689886 1 27
0.557136140256751 1 27
0.439173042565203 0 27
0.779954638178315 0 27
0.701528944402522 0 27
0.389646608422446 1 27
0.394290777816908 0 27
0.314017763454512 0 27
0.405278587542116 0 27
0.554101871288023 1 27
0.399492776505418 0 27
0.613634968953773 1 27
0.348475714019714 1 27
0.329472956903744 0 27
0.352586731748671 0 27
0.696541821603401 1 27
0.490269987942857 0 27
0.362938267941011 0 27
0.412529775409577 1 27
0.577112610986553 1 27
0.465088174752925 1 27
0.367499535537059 1 27
0.820151872290006 0 27
0.341714064661607 0 27
0.387996495895002 0 27
0.780534141938306 1 27
0.360354956242234 0 27
0.800936976827799 1 27
0.571380788653534 1 27
0.324449893563455 0 27
0.406181915483677 1 27
0.346163379567077 1 27
0.661373975606153 1 27
0.442456932526417 0 27
0.324967001612073 0 27
0.357060990122064 0 27
0.446727969304071 1 27
0.439100006644328 0 27
0.422676912486341 0 27
0.629765982760317 0 27
0.390623938060557 0 27
0.387859149260816 0 27
0.452062191638118 1 27
0.711243787278098 1 27
0.368760738597276 0 27
0.532222518212754 1 27
0.361301303286839 0 27
0.427832388092282 1 27
0.421881352328221 1 27
0.364562895601387 0 27
0.484711017865475 1 27
0.311461628294286 0 27
0.543129130702088 0 27
0.882370180280488 0 27
0.404300189114259 0 27
0.455869027452305 1 27
0.565641560957502 1 27
0.507597845542428 1 27
0.552404084076539 0 27
0.311742312496983 0 27
0.439305078350293 1 27
0.461256735609595 1 27
0.327560650017114 0 27
0.640927468525204 1 27
0.399115372028678 1 27
0.433061103258543 1 27
0.455297445066778 1 27
0.495985501263955 0 27
0.357990328165272 1 27
0.386554014228591 1 27
0.336892781437673 0 27
0.412671486007195 0 27
1.1 1 27
0.435376845640035 1 27
0.945860269982558 1 27
0.298768711427355 1 28
0.288387384758338 0 28
0.267904001515904 1 28
0.292574000694954 0 28
0.280379611692694 0 28
0.438162404069851 0 28
0.267891061643942 1 28
0.341374823417538 1 28
0.277602531343254 0 28
0.270153505528887 0 28
0.418742361041076 1 28
0.277760318750526 1 28
0.359078894452973 0 28
0.301046153934733 1 28
0.419875694477695 1 28
0.35683789514794 1 28
0.266810831898943 1 28
0.336631808902761 0 28
0.36595833836049 0 28
0.27547813351406 1 28
0.360338012254928 1 28
0.307666771944217 1 28
0.263110749094667 1 28
0.265193268729035 1 28
0.367284724180445 1 28
0.301168531962117 1 28
0.284216372643285 0 28
0.285920133771255 1 28
0.261906500552522 1 28
0.355718580397188 1 28
0.301796313289612 1 28
0.346725618292362 1 28
0.326074008198369 1 28
0.263840500223428 1 28
0.267379546415374 1 28
0.315690428768906 1 28
0.278981387573489 1 28
0.282900676472372 0 28
0.269128214320335 1 28
0.299345353501086 0 28
0.275591757312576 1 28
0.267246249221381 1 28
0.286183004926785 1 28
0.39580559122119 1 28
0.286004143792998 1 28
0.334230923214428 0 28
0.291213333701819 1 28
0.305554661241148 1 28
0.283990667280589 1 28
0.307048229906164 1 28
0.288740130999397 1 28
0.282214163798085 0 28
0.309628820971881 1 28
0.298755922490701 1 28
0.304162845676253 1 28
0.264062719773795 1 28
0.306323030161102 0 28
0.305851096065258 0 28
0.278632509918961 1 28
0.269679312663672 1 28
0.318137686650421 1 28
0.285354760735298 1 28
0.272816530137305 1 28
0.283204865989866 1 28
0.334345272543093 0 28
0.309988147653669 1 28
0.303251183849209 0 28
0.322593735258846 0 28
0.405856683894093 1 28
0.269726482543935 1 28
0.352747264548721 0 28
0.328134981302774 1 28
0.293007917080807 1 28
0.31115915230805 1 28
0.29076448926275 1 28
0.290585430772278 0 28
0.382153862861277 0 28
0.540595966380468 1 28
0.261256959772841 1 28
0.280187671290616 1 28
0.269904838621168 0 28
0.465466108975367 1 28
0.27306293127975 1 28
0.323522000332784 0 28
0.323963653144834 1 28
0.357639256140784 1 28
0.31197243667954 1 28
0.28059211198981 1 28
0.294152782751136 0 28
0.272880752878836 0 28
0.291068109398881 1 28
0.373960869232244 0 28
0.265091555201041 1 28
0.307868130265206 1 28
0.268571531074013 1 28
0.340934697171934 0 28
0.284723569192177 1 28
0.27585653207505 1 28
0.295298992113184 1 28
0.298950662134157 0 28
0.714261639914534 0 29
0.473694429136132 1 29
0.488812142257937 1 29
0.626385918582377 1 29
0.563408653979699 0 29
0.907363949461877 0 29
0.746181502541991 0 29
0.886853459579534 1 29
0.459531658360834 0 29
0.481565074273284 0 29
0.608914588087794 1 29
0.600279963306756 1 29
0.601906612639396 0 29
0.61710195325342 0 29
0.770894121845129 0 29
1.41114632406248 1 29
0.561574545617809 0 29
0.845557925413036 1 29
1.15900084696993 0 29
0.791592896689875 1 29
0.542168847812284 1 29
0.49695958088062 1 29
0.757347762333862 1 29
0.632292550610378 1 29
0.514561791751641 0 29
0.540836791847714 1 29
0.732318271712987 0 29
0.694197383304141 1 29
0.774847254013182 1 29
0.636409779706823 1 29
0.697131521993015 1 29
0.504268516002981 0 29
1.0114828769493 1 29
0.54838561804962 0 29
0.626590653873736 1 29
0.660934643988083 1 29
0.617667721014588 0 29
0.756030468810525 0 29
0.521305004051818 1 29
0.510892074187081 0 29
1.06810363445077 0 29
0.496382698879134 1 29
0.879759147677576 0 29
0.553725367925878 1 29
0.586489173289578 0 29
0.485629609040472 1 29
0.905015489782329 0 29
0.530848351540582 0 29
0.574886207816135 1 29
0.857975622484064 1 29
0.565962449516975 1 29
0.653775590195858 1 29
0.563083840536167 1 29
0.814636493340486 1 29
0.531484628394495 0 29
0.529204291371208 1 29
0.534543056799971 0 29
0.800150661395959 1 29
0.815728496408687 1 29
0.530349611366056 1 29
0.502281077779439 1 29
0.70406893749755 0 29
0.803944176075911 1 29
0.525373253948578 1 29
0.712206799489962 1 29
0.682633991094324 1 29
0.708762101048816 1 29
0.526060062542723 0 29
0.517567180035056 0 29
0.47365952193851 0 29
0.602415126866591 0 29
0.517959775315156 1 29
0.517667584749724 1 29
0.623852893460528 0 29
0.676125275033314 1 29
0.750803628552845 0 29
0.84837856871803 0 29
0.513619512107929 1 29
0.885339214418777 0 29
0.53350218649054 1 29
0.475892399071616 1 29
0.492775142478708 1 29
0.621772666965716 0 29
0.493858741708982 1 29
0.734488452623512 0 29
0.648885788155625 1 29
0.530944149891628 1 29
0.562357348217429 1 29
0.592003181321232 0 29
0.578086564485113 1 29
0.535759057220609 1 29
0.516554682054601 1 29
0.474782288655649 1 29
0.528779772119898 0 29
0.494220324616293 1 29
0.542744392703269 0 29
0.620994839808793 0 29
0.791515799081102 0 29
0.527490769564555 1 29
0.884320313151554 0 29
0.480896152586717 0 30
0.377632313220634 1 30
0.679733865256826 0 30
0.439065840711414 1 30
0.598717301606139 1 30
0.351172064530917 0 30
0.649658949827766 1 30
0.392258127370042 0 30
0.449648135860512 1 30
0.389814519851507 1 30
0.568320708496455 1 30
0.526291013326206 0 30
0.447009669059312 1 30
0.492801926003328 1 30
0.373347844171386 0 30
0.571578861574309 0 30
0.620507787067284 1 30
0.47084377740111 1 30
0.840114371244351 1 30
0.382727687694128 1 30
0.461247991074134 1 30
0.343967125221498 0 30
0.404644440584265 1 30
0.36593085688672 0 30
0.376511440227012 0 30
0.429388571447915 1 30
0.40799506053087 0 30
0.337728753595526 1 30
0.479302406899891 0 30
0.726542558955431 0 30
0.354600978084179 0 30
0.954495909384886 0 30
0.395601778561065 1 30
0.437599294420033 0 30
0.479903623606941 0 30
0.64869723514396 0 30
0.379117643938576 0 30
0.393264449561121 0 30
0.369382943995016 0 30
0.425942586886234 0 30
0.464356841526062 1 30
0.379972482588006 1 30
0.595860376376343 0 30
0.373354215581324 0 30
0.385455710190391 0 30
0.488254630338288 1 30
0.378301821689824 1 30
0.510761969328086 1 30
0.550817302138226 0 30
0.422760199833307 1 30
0.424839298723536 1 30
0.383795539184651 0 30
0.368172977185014 1 30
0.461621835385697 1 30
0.543604706174946 0 30
0.440305207737277 0 30
0.477693956606858 0 30
0.359701833852995 0 30
0.950801412833986 0 30
0.6290016481103 1 30
0.593655389873019 0 30
0.342231157563831 1 30
0.423191409340021 0 30
0.473603325714382 0 30
0.507682458858054 1 30
0.43404920387737 0 30
0.376156634917098 1 30
0.477933789238096 1 30
0.499694238976734 1 30
0.380415727541446 1 30
0.42314186146232 0 30
0.42379035367294 1 30
0.350060083099533 1 30
0.35721278501407 1 30
0.531450209300431 1 30
0.804481162980164 1 30
0.471522827759501 1 30
0.862811663063696 1 30
0.423438304285343 1 30
0.401882816140224 1 30
0.361195069658917 1 30
0.774858218335405 0 30
0.413729932986142 1 30
0.410610978331588 1 30
0.480309580130378 1 30
0.377359437676004 1 30
0.553707074212538 1 30
0.402626912496258 1 30
0.488125469117523 0 30
0.483758487710883 1 30
0.516809451545822 1 30
0.451582943042829 0 30
0.517281567673483 0 30
0.403684751167469 1 30
0.400245575929974 0 30
0.526313976612092 1 30
0.500982612431294 0 30
0.405397905003431 1 30
0.666485324288742 1 30
0.387001341103192 1 30
0.264682344464277 1 31
0.789295833064194 1 31
0.434425937776091 1 31
0.434384627334555 1 31
0.333563625675944 1 31
0.255372524560399 1 31
0.444794060680933 1 31
0.289888548800878 1 31
0.267260410956523 1 31
0.292609409076989 1 31
0.289715096652124 1 31
0.365044373287357 1 31
0.582289656767639 0 31
0.292912407649522 0 31
0.293122255745652 1 31
0.587601893555697 1 31
0.267761474087967 1 31
0.282435984487768 1 31
0.573739512574098 1 31
0.36600671205849 1 31
0.324927468368064 1 31
0.486504337834505 1 31
0.251485928617976 1 31
0.319606442629833 1 31
0.261332002532697 0 31
0.365099622425278 1 31
0.387607277538302 0 31
0.708201370305472 1 31
0.435523398726452 1 31
0.291018949638157 1 31
0.537822064694472 1 31
0.267787011453446 1 31
0.419225956016267 1 31
0.321761592580243 1 31
0.273725107579755 1 31
0.401640800940557 1 31
0.641991739171942 1 31
0.317964165489807 1 31
0.524218769989111 1 31
0.863815982915594 1 31
0.34421654131701 1 31
0.273320056657818 1 31
0.389143490414854 1 31
0.256164047675195 1 31
0.542301283688064 1 31
0.542329752918303 1 31
0.303636078239975 1 31
0.661795854730007 1 31
0.53556766684662 0 31
0.508544056004711 1 31
0.366028946935821 1 31
0.474712063002313 1 31
0.750826122629887 1 31
0.406417253169478 1 31
0.28758976095973 1 31
0.252039840518315 1 31
0.246867352004922 1 31
0.345548940421611 1 31
0.523379323490721 1 31
0.352887857283486 0 31
0.439526429201511 1 31
0.331190609770054 0 31
0.32792245871981 1 31
0.259466998273211 1 31
0.370494592058612 1 31
0.296883817900167 1 31
0.26380111454837 1 31
0.313491078089908 1 31
0.30882532133789 1 31
0.273095048466255 1 31
0.330930895848988 1 31
0.269341934204388 1 31
0.497106249418041 1 31
0.443440999667239 1 31
0.313664329816608 1 31
0.585311446295719 0 31
0.413964811241311 0 31
0.435538872993384 1 31
0.338774664774803 1 31
0.277352112412084 0 31
0.28517825900089 1 31
0.277538133485857 1 31
0.247410781590179 1 31
0.247566268893501 1 31
0.308566750721782 0 31
0.338068258072159 0 31
0.247609391674053 1 31
0.262408568807206 1 31
0.604770824166821 1 31
0.390575041350532 1 31
0.236113672351301 1 31
0.785392361973806 1 31
0.312344431301334 1 31
0.65161992911983 1 31
0.257757442448623 1 31
0.292476183672303 1 31
0.446797733064127 0 31
0.548339023539266 0 31
0.317350021036458 1 31
0.445957927854896 0 31
0.47301731146243 1 32
0.319523696998834 1 32
0.460455600458499 1 32
0.588465904336409 0 32
0.378821946776397 1 32
0.534286450907332 1 32
0.367370132284335 1 32
0.321493605616613 1 32
0.637455727362247 1 32
0.392631306493978 0 32
0.587795452245351 0 32
0.393796240431143 1 32
0.416503316964979 1 32
0.31561290265381 0 32
0.308230320274143 0 32
0.355731872689537 0 32
0.46034698445336 1 32
0.456931654070695 1 32
0.560632509414363 0 32
0.35244844161334 1 32
0.367234185316258 1 32
0.54149688943515 0 32
0.380570717958717 1 32
0.488871901891056 1 32
0.411071942760986 1 32
0.576055910362532 1 32
0.407634384960183 1 32
0.343937777642513 0 32
0.657190701886626 1 32
0.311558691232719 0 32
0.519123577188609 1 32
0.326722597919799 0 32
0.409727087282883 1 32
0.927674393397814 1 32
0.496554540609368 0 32
0.520938620878901 1 32
0.326312731137104 0 32
0.503960416269116 1 32
0.428972824202396 0 32
0.444087523701865 1 32
0.355811058164403 1 32
0.427225459477821 1 32
0.324369751378305 0 32
0.542456337349634 0 32
0.425588476650376 1 32
0.359242011546319 1 32
0.32536387361105 1 32
0.410683948470795 1 32
0.412930648402182 1 32
0.407500485725976 1 32
0.45716622498894 1 32
0.561752749481355 1 32
0.43257861615035 0 32
0.380192783428383 1 32
0.338856968738476 1 32
0.565476988263815 1 32
0.391126520427457 1 32
0.397074142522197 0 32
0.574472746778973 1 32
0.30424796661345 1 32
0.608260795025819 1 32
0.352473053039501 1 32
0.317231422235395 1 32
0.616904157946943 0 32
0.334710006162719 1 32
0.384310169433812 1 32
0.372720559917808 0 32
0.562628430289134 1 32
0.386365039196553 0 32
0.46764537698672 1 32
0.371811225006283 1 32
0.417182597053851 1 32
0.526666203052452 1 32
0.383061147842937 1 32
0.372369840389192 1 32
0.387339027264823 1 32
0.332038729411151 0 32
0.416553487151954 1 32
0.389544600494897 1 32
0.613758656428959 0 32
1.0971326112311 0 32
0.357163514314879 1 32
0.380624191184509 1 32
0.540890804135034 0 32
0.377964142431812 1 32
0.495384164237226 1 32
0.395041342977131 0 32
0.524344332681216 1 32
0.408614738737699 0 32
0.313820769058805 0 32
0.390856655826952 1 32
0.411368197802029 1 32
0.411495118338466 1 32
0.378712573661314 1 32
0.569063489319654 1 32
0.826892012947246 1 32
0.458397860400392 1 32
0.601268057518114 1 32
0.411720084282913 1 32
0.44279350123273 0 32
0.536648185333939 1 33
0.68655269849326 1 33
0.519010280385324 1 33
0.783510696706413 1 33
0.546755483929988 0 33
0.421727089937316 1 33
0.528795472051142 0 33
0.70358055348171 1 33
0.552362623881248 1 33
0.631800262582113 1 33
0.733866045110043 1 33
0.505508450976921 0 33
0.474133444184457 0 33
0.481176858961912 1 33
0.746921932718686 0 33
0.488363059920589 1 33
0.354827845917925 0 33
0.484014382661777 1 33
0.707476832207309 1 33
0.662154076365284 0 33
0.750870465167445 1 33
0.791703119648078 1 33
0.381408123003663 1 33
0.518975366060169 0 33
0.75427583712161 1 33
0.474452363948125 1 33
0.448761061484219 1 33
0.62961343286077 1 33
0.424810081250267 0 33
0.553029603940213 0 33
0.574052341227474 0 33
0.455173759700982 1 33
0.44296034403294 0 33
0.571605117387876 1 33
0.382792750374691 0 33
0.368236393104829 0 33
0.359048575499609 0 33
0.558662909346591 1 33
0.675397446926139 1 33
0.468463352494657 1 33
0.412955326489505 0 33
0.740277022793883 0 33
0.548084445391728 0 33
0.396042574089486 1 33
0.427900153748532 0 33
0.430889081110198 0 33
0.448129206132385 1 33
0.6656652975232 1 33
0.468893114833525 1 33
0.417977728384213 1 33
0.434772161547969 1 33
0.413783044541081 0 33
0.619169340903108 1 33
0.407475853676663 0 33
0.732736506157971 1 33
0.557214645959527 0 33
0.661375348088618 1 33
0.394228348672009 1 33
0.605194772394872 1 33
0.422287994314937 0 33
0.603260438102695 1 33
0.423066695252863 1 33
0.430595178539841 1 33
0.614669528739095 1 33
0.428179544449849 0 33
0.551571346004751 1 33
0.548781024039954 0 33
0.456647150322299 1 33
0.418861016584496 0 33
0.612280870566266 1 33
0.411843601017515 0 33
0.435004450214824 1 33
0.62836425646173 1 33
0.49282874651753 1 33
0.41400580723716 1 33
0.400013339679381 1 33
0.851662171879126 1 33
0.576354074429248 1 33
0.50392241308757 0 33
0.520453209403944 0 33
0.789524387322384 1 33
0.41170594956955 0 33
0.486598647762852 1 33
0.408466197986998 0 33
0.416195403080642 0 33
0.5767948512864 0 33
0.409187291256004 0 33
0.605772012727536 1 33
0.445157948390225 0 33
1.44223818754075 1 33
0.392434276339751 1 33
0.34547286622593 0 33
0.381688335981657 0 33
0.399711044779743 0 33
0.576623294931936 1 33
0.60415822908554 0 33
0.464804618634756 0 33
0.544580338853922 1 33
0.471731792029899 1 33
0.480175692541598 1 33
0.471550811105602 1 34
0.922814524617804 0 34
0.358208925422485 0 34
0.672234908478185 1 34
1.14620327735067 0 34
1.88798646517263 1 34
0.582228398176269 1 34
1.50560940236087 1 34
2.0805544277886 0 34
0.396071896150772 1 34
1.51696795381124 1 34
0.572892469861673 1 34
1.28614151104049 1 34
0.407537140894079 1 34
0.436933552521748 1 34
0.448482791576805 0 34
1.35699899229452 1 34
0.810482504821728 1 34
0.489365487641982 0 34
0.611862774025414 1 34
0.370252406578583 0 34
0.576853872679366 1 34
0.86932426802725 0 34
0.691253967574477 0 34
0.797672575988638 0 34
0.733586681183021 1 34
0.453326113923858 0 34
0.42003694346046 1 34
1.07978729052162 0 34
0.925695995501703 1 34
0.526062943863261 0 34
0.661132831802557 1 34
0.48148033315684 1 34
0.721354749020857 1 34
0.532359657694924 1 34
0.504264885559849 1 34
0.722091596359616 1 34
0.914180158006902 0 34
0.345397403731652 0 34
0.432987284674509 0 34
0.49763441039821 1 34
0.809204475334994 0 34
0.408213732954428 0 34
0.736797826061432 1 34
0.449760439848506 0 34
0.744484803073912 1 34
1.18053141125358 1 34
0.472633320745985 1 34
1.19048816769548 1 34
0.786686083284762 1 34
0.641380298207702 1 34
0.728194863423422 1 34
1.51325983221107 1 34
0.428908164091994 1 34
1.35104932260179 0 34
0.896863016820159 0 34
0.352556343689427 0 34
0.470532543646611 0 34
0.916810630774345 1 34
0.622453235221603 1 34
0.943383758535646 1 34
0.517934072311486 1 34
0.463608437309308 0 34
0.648531481431377 1 34
0.807447188840198 0 34
0.638579842775211 1 34
0.515582836121831 1 34
0.66038968778265 0 34
0.599008643668323 1 34
0.621066199783175 1 34
0.641887401484287 1 34
0.870533989869132 1 34
0.741631845429175 0 34
0.511732505338145 0 34
0.520018178589418 1 34
0.738237953192749 0 34
0.393749717759098 0 34
0.586494717649553 1 34
0.680884647141745 0 34
1.00996688417317 1 34
0.920282672351223 1 34
0.795015054801091 1 34
0.436411700605573 0 34
1.488152283232 1 34
1.01063585111032 1 34
0.422030001853537 0 34
0.530067672564972 0 34
0.381646049368854 0 34
1.00148626398855 1 34
1.20854432577073 1 34
0.667530044956713 1 34
0.799297002624337 1 34
0.712970160938225 0 34
0.909363562847065 1 34
2.20799773497744 1 34
0.46042310230698 1 34
0.515484356943512 1 34
0.675462143735907 1 34
1.14137720411292 1 34
1.31724025108789 1 34
0.390889356979498 0 35
0.402806818230048 1 35
0.435779417867159 1 35
0.506396796795991 0 35
0.41743874682086 0 35
0.40217562097379 0 35
0.40277231852854 0 35
0.382199738889848 0 35
0.369308574584654 0 35
0.505314329488062 0 35
0.386854067216052 0 35
0.446394245172122 0 35
0.555517538553197 1 35
0.468024013086796 0 35
0.474699029152434 1 35
0.412466600719023 0 35
0.42164869487358 0 35
0.386279197906008 1 35
0.481806152907881 1 35
0.44607150773976 0 35
0.448875550105215 0 35
0.440979137207796 0 35
0.37237794648844 0 35
0.471163861302081 0 35
0.528157411330357 0 35
0.974874341024538 1 35
0.492686984292621 0 35
0.387437195212656 0 35
0.6123337626258 1 35
0.437636032082042 0 35
0.766041436739346 1 35
0.50658503059516 1 35
0.42703839217742 0 35
0.372344151265462 0 35
0.432264922811618 0 35
0.498545626380296 0 35
0.528286828592506 0 35
0.511744289359493 0 35
0.470398970062858 1 35
0.482277499334135 0 35
0.630343861495194 1 35
0.44187484908487 0 35
0.431816054825374 0 35
0.629054158256084 1 35
0.355616938010715 0 35
0.406810033888233 0 35
0.529561111711117 0 35
0.356203185230747 0 35
0.414778913699169 0 35
0.413913270386396 0 35
0.621854570998298 1 35
0.432383194617706 0 35
0.491605463806682 0 35
0.409342943136803 1 35
0.538974827054931 1 35
0.716269767370566 0 35
0.443608489613649 0 35
0.423764189278804 1 35
0.384323788890206 0 35
0.786953612159181 1 35
0.399446946869461 0 35
0.528851859774539 1 35
0.415048606885239 1 35
0.364827896574358 1 35
0.531295323075911 1 35
0.48562132339805 1 35
0.540877985209814 1 35
0.532947666569739 1 35
0.418684511474338 0 35
0.419299977210654 0 35
0.379552132484428 0 35
0.37375381328724 0 35
0.680705481913378 0 35
0.395308872576714 0 35
0.477368997355871 0 35
0.456958086883036 0 35
0.436102459058823 0 35
0.422109160613351 1 35
0.578020127967473 1 35
0.387458421793932 0 35
0.483921876245551 0 35
0.633867394410578 1 35
0.711765709378718 0 35
0.384719569634505 1 35
0.53468938085912 1 35
0.491760885276962 1 35
0.403784928402409 0 35
0.675464650138701 1 35
0.545804144041878 1 35
0.441004939871148 1 35
0.390949605978373 0 35
0.455447231364256 1 35
0.492077945601249 1 35
0.5056183904631 0 35
0.5056605147236 0 35
0.478500778014229 1 35
0.395524558539037 0 35
0.598361069926985 0 35
0.54955353357811 1 35
0.434218054744222 0 35
0.346161765932997 1 36
0.307707449930503 1 36
0.385087248644962 1 36
0.480124487880722 1 36
0.28404460852244 0 36
0.297489397913942 0 36
0.307386727350386 0 36
0.345829037173984 0 36
0.331170937767648 0 36
0.324285932243318 0 36
0.318018518646742 1 36
0.471988674094366 1 36
0.294006112702869 0 36
0.294512174536887 1 36
0.286855109988529 1 36
0.303290862443031 1 36
0.375975275973764 1 36
0.29166412126931 0 36
0.295525044000749 0 36
0.455589212878044 1 36
0.303424368083997 1 36
0.2807953573568 1 36
0.385489252765241 0 36
0.34782456980848 1 36
0.365104700091798 1 36
0.294445812347945 0 36
0.302869633225985 1 36
0.306667785136807 0 36
0.504899033704339 1 36
0.380199821370074 1 36
0.338850867856165 1 36
0.335499682545576 1 36
0.337878311660012 0 36
0.307066681569587 1 36
0.306861873857893 1 36
0.355348702560461 1 36
0.297747361653735 1 36
0.351281587531466 1 36
0.28448302871012 1 36
0.285635615640948 1 36
0.281410381343283 0 36
0.297463130028743 1 36
0.318546234540927 1 36
0.349621084026709 1 36
0.308090300132398 1 36
0.360200580161963 1 36
0.300224331923668 1 36
0.364939325553465 1 36
0.279204819316387 1 36
0.290433488560372 0 36
0.326711610560407 1 36
0.346587026716074 1 36
0.281720511257537 1 36
0.329572600012826 1 36
0.297926240532263 1 36
0.292429337385305 1 36
0.422650255618061 0 36
0.329828641315604 1 36
0.316059093058258 1 36
0.362143273087054 0 36
0.301385740135792 0 36
0.323253340834088 1 36
0.301424013364284 1 36
0.396868118610073 1 36
0.318093194583743 1 36
0.356138968915505 1 36
0.292457395174353 1 36
0.381934255170836 1 36
0.287529300962009 1 36
0.287259776316868 1 36
0.300295308451625 0 36
0.313858107337763 1 36
0.289730153226248 1 36
0.279305098803476 0 36
0.308675964636814 0 36
0.355095761243105 1 36
0.3031861824513 1 36
0.342134586852477 1 36
0.329527653298028 1 36
0.310581232688123 1 36
0.286374455394575 1 36
0.29981881312575 1 36
0.316271933653065 0 36
0.295000462006462 1 36
0.320946504127923 0 36
0.390589326510475 1 36
0.300396815685683 1 36
0.284404527143423 0 36
0.291656172071208 1 36
0.28358040232897 1 36
0.422336337200767 1 36
0.276793108989786 0 36
0.28546719014707 0 36
0.441298623597814 1 36
0.32160582960825 1 36
0.388691342134835 1 36
0.335537191997806 0 36
0.324276303497441 1 36
0.299906399960452 1 36
0.306744964437201 1 36
0.612943450915809 1 37
1.89253271555221 1 37
0.531467950466233 0 37
0.505178850956611 0 37
0.504590230948759 0 37
0.678117518206845 1 37
0.455736845810387 0 37
0.793624404531003 1 37
0.842201979515675 1 37
0.654285314540467 1 37
0.69142006622892 0 37
0.614161897191461 0 37
1.45645580482339 1 37
0.573379002467925 0 37
0.641866492147947 1 37
0.990360354712404 1 37
0.599471600527491 0 37
0.527387705773724 0 37
1.36289329756474 1 37
0.856639061402835 1 37
0.719087668260176 1 37
0.521676865765007 0 37
0.493517799559301 0 37
0.759564084006803 0 37
0.504933501482313 0 37
0.486180059120831 0 37
0.544512509566807 0 37
0.911294698084407 1 37
0.576656480836562 1 37
1.01137797678284 1 37
0.815617421770078 0 37
0.781252876998363 1 37
0.96875234455847 0 37
0.608364884832663 0 37
0.967468560216227 0 37
1.34269959988406 1 37
0.818812323645802 0 37
0.551235972183802 0 37
0.74399068755044 1 37
0.976336781754118 1 37
1.32273381595019 1 37
0.760749006629758 1 37
1.04412258327787 1 37
0.471767961972134 0 37
0.717380740006061 0 37
0.984166892993384 1 37
0.680891243389617 1 37
1.17335503513121 1 37
0.937272218333071 1 37
0.738689129018496 1 37
0.497602797452939 0 37
1.20613721855623 0 37
0.970960812835099 0 37
0.840345036415419 0 37
0.517854850984487 0 37
0.637013367362649 0 37
0.521806102816513 0 37
0.520757883327162 0 37
1.18838236637524 0 37
0.704257445853383 0 37
0.554326077519066 0 37
0.596040689063894 0 37
0.651801131210473 0 37
0.609364015495085 0 37
0.77307678227124 0 37
0.483813054617495 0 37
0.994969654321254 0 37
0.648042510340047 1 37
1.27687792680773 1 37
0.500740155011094 0 37
0.71878751182783 1 37
0.690565910357539 0 37
0.505981281578324 0 37
0.492128009045971 0 37
0.566585451360827 1 37
0.812913369342083 0 37
0.895977711085257 0 37
0.552326538254153 0 37
0.638144223290635 0 37
0.585502914849527 0 37
0.475603540966153 0 37
0.589648689894202 1 37
0.725978790823942 1 37
1.45402145007463 1 37
0.904128729085275 1 37
1.2290883690351 1 37
1.25456547797532 0 37
0.900971522524023 1 37
0.572255078893774 0 37
0.857912930457299 0 37
0.543344775386331 0 37
1.20302872309208 1 37
0.665673985703875 1 37
0.879523725595705 1 37
0.72924778874252 1 37
0.95743554124725 0 37
1.28903953015709 1 37
1.36480242676438 1 37
1.24764800960279 1 37
1.60119103846302 0 37
0.570758493851514 0 38
0.448775317812579 1 38
0.429934189400067 1 38
0.446228969388121 1 38
0.430207505425391 0 38
0.457623747216572 1 38
0.647098589972013 1 38
0.398295943631535 0 38
0.409728112022009 1 38
0.423006258779587 1 38
0.471265979523041 0 38
0.403503296623672 1 38
0.405583494261192 1 38
0.42310805153071 1 38
0.437454210190392 0 38
0.418847631520052 1 38
0.64670800158551 0 38
0.557722551065047 1 38
0.411885209168375 1 38
0.447346025210312 0 38
0.498552696754721 1 38
0.46107666808879 1 38
0.409466337749688 0 38
0.401728744254618 1 38
0.479460848605152 0 38
0.437161487586281 1 38
0.708575624933539 1 38
0.665062187496237 1 38
0.439950846776779 1 38
0.413062506251123 0 38
0.532239973830046 0 38
0.433985102126286 0 38
0.41190206284368 0 38
0.414597639897879 1 38
0.420192968960138 1 38
0.559805766342105 1 38
0.440183578483711 1 38
0.553804521311627 1 38
0.458997435138721 1 38
0.474721379512387 1 38
0.445086529222904 1 38
0.460194433070575 1 38
0.519970316139769 0 38
0.399261115567946 1 38
0.456623263441523 1 38
0.402924265161058 0 38
0.670748068901234 1 38
0.43428205968672 1 38
0.46293405258465 0 38
0.440318397920318 1 38
0.417043749752687 1 38
0.533242815494962 0 38
0.47132139131906 1 38
0.414995025407223 1 38
0.437619096737507 1 38
0.422046247325629 0 38
0.848726897009515 0 38
0.444758645449495 1 38
0.415787790590042 1 38
0.426483482538865 1 38
0.567886612333351 1 38
0.506673572541651 1 38
0.547883522020879 1 38
0.398196743466003 1 38
0.461052710563532 1 38
0.474569067035644 0 38
0.425084232720058 1 38
0.431645541415204 0 38
0.407123899975018 0 38
0.422322387865874 1 38
0.404874187834259 1 38
0.448739363695806 1 38
0.42286126190437 0 38
0.484471090952934 1 38
0.450271276439658 0 38
0.40632097824516 1 38
0.444301292592066 1 38
0.575336595841186 1 38
0.424328209741513 1 38
0.579201344508884 1 38
0.43585046424035 0 38
0.439066069462151 1 38
0.488503458141952 0 38
0.45497170811588 1 38
0.495951913954409 0 38
0.54009357807286 1 38
0.705745392194211 0 38
0.42604703612869 1 38
0.420971981319278 1 38
0.411339641031639 1 38
0.540492683539978 1 38
0.407593913244468 1 38
0.466019691866588 1 38
0.533401097754088 1 38
0.41688060659164 1 38
0.462958264541321 0 38
0.618553720909398 1 38
0.41856867965107 1 38
0.617997114227792 1 38
0.541595355493111 0 38
0.28333635458424 1 39
0.353630076254701 1 39
0.336269202189916 1 39
0.402658506844726 1 39
0.404631446461459 1 39
0.431109306920175 1 39
0.788764336687721 1 39
0.281598762712432 1 39
0.500629520413896 1 39
0.38397259679206 1 39
0.329724469667322 1 39
0.366106530418378 0 39
0.283833349246786 0 39
0.393062002450453 1 39
0.33127864788248 0 39
0.450785205890182 1 39
0.335772520551865 1 39
0.326737146262134 1 39
0.285696747696106 0 39
0.543124698665257 1 39
0.521027381711839 1 39
0.381800439027372 1 39
0.338335479030251 1 39
0.608124861922817 1 39
0.350415902119278 1 39
0.302523715554937 0 39
0.417297572232306 1 39
0.339905319691325 0 39
0.360027256175803 1 39
0.386284576424127 1 39
0.390491103349814 0 39
0.407771819545102 1 39
0.309944393358592 1 39
0.428837402206649 1 39
0.297120750112711 1 39
0.652388049039184 1 39
0.315300142638238 0 39
0.43303140246334 1 39
0.374651077155107 1 39
0.34263473376162 0 39
0.764396699648426 1 39
0.324689634782961 1 39
0.327749785164866 0 39
0.336304345404843 1 39
0.336111829706034 1 39
0.429994119832208 1 39
0.273878444100329 1 39
0.353313166183577 1 39
0.417201395085305 1 39
0.342002329862959 1 39
0.354641958199704 1 39
0.352428775545868 1 39
0.462394958031675 1 39
0.492539361677888 1 39
0.294255198205338 1 39
0.406548916688414 1 39
0.492095385522422 1 39
0.30311207539192 1 39
0.537450738124978 1 39
0.357575715043608 1 39
0.399861451765578 0 39
0.294475762608713 1 39
0.396380417527278 1 39
0.510733508361375 1 39
0.333763385822697 0 39
0.279010723670826 0 39
0.298902663415865 1 39
0.311989306944861 0 39
0.408480038085034 1 39
0.31972092348095 0 39
0.407774032272103 1 39
0.461562841193796 1 39
0.416355841329853 1 39
0.278352295298967 1 39
0.47474777838672 0 39
0.329739822667549 0 39
0.313044144662233 0 39
0.35154125091972 1 39
0.391982297147789 1 39
0.291075237884851 0 39
0.459836113362312 1 39
0.367729212208626 1 39
0.733997840142433 0 39
0.354946984342726 0 39
0.389283102599841 1 39
0.28498621235292 1 39
0.444758395032413 1 39
0.588353251156197 0 39
0.36550423210269 1 39
0.416056572462407 0 39
0.326217563201446 1 39
0.328832796835138 1 39
0.48082874951362 1 39
0.296038298021529 1 39
0.532150611862609 1 39
0.302226985125259 1 39
0.381516007531234 1 39
0.261346392220703 1 39
0.508619638287525 0 39
0.443938034371466 1 39
0.428814964685206 1 40
0.421040376448343 1 40
0.442840950518169 1 40
0.960417935357928 0 40
0.701066258581875 1 40
0.34790674032183 1 40
0.506977521657266 0 40
0.359796414457973 0 40
0.613967287328842 1 40
0.644147555841807 0 40
1.08947088662845 0 40
0.661534038431827 0 40
0.6391437770832 1 40
0.65921634857301 1 40
0.572447294563724 1 40
0.389923508103108 1 40
0.734609348430734 0 40
0.411753377484174 0 40
0.821996406716465 1 40
0.330715378952792 0 40
0.511155913933647 0 40
1.03294408790423 1 40
0.340867600509308 0 40
0.413959740599326 1 40
0.380645607716681 0 40
0.533052498048234 1 40
0.871796719065193 0 40
0.478059099901136 1 40
0.440456911831546 1 40
0.682926061662404 1 40
0.60124862244373 1 40
0.436187023649022 0 40
0.928665253592262 0 40
0.776894815922014 1 40
0.337391400518496 0 40
0.621459990892752 1 40
0.682947600647751 0 40
0.421989452643989 1 40
0.713313277804835 1 40
0.521400387909248 1 40
0.400332444317685 0 40
0.412815401709847 1 40
0.449026851134299 1 40
0.409637075684304 1 40
0.432338344844119 1 40
0.59032329149646 0 40
0.507403334793567 0 40
0.420970550135466 0 40
0.710197838517222 0 40
0.434631979251733 0 40
0.33917858635925 1 40
0.585044645935317 1 40
0.533165640035303 1 40
0.449906223989419 0 40
0.419139988528197 1 40
0.565498042082864 1 40
0.805856210768909 0 40
0.464467076064988 1 40
0.337046519725021 0 40
0.398849671001706 1 40
0.361086400972425 1 40
0.824983983802834 1 40
0.732620990992545 1 40
0.811751832427783 0 40
0.336903205295285 0 40
1.15620061686228 0 40
0.633905695413693 0 40
0.342947000297306 0 40
0.429538580199866 0 40
0.424195933724964 1 40
0.523044663465536 1 40
0.843039068924742 1 40
0.794658352325118 1 40
0.328255734409069 1 40
0.351519040493225 0 40
0.957405413253268 1 40
0.408326895597344 0 40
0.441835376483349 1 40
1.00324112244162 1 40
0.397779038981646 1 40
0.547038715563834 0 40
0.387862729666395 0 40
0.489095922120714 1 40
0.375718391436013 0 40
0.748733942953994 1 40
0.509146883396528 1 40
0.497747214173909 0 40
0.489111107787891 1 40
0.379000335947059 1 40
0.389709902795558 0 40
0.478927103389849 0 40
0.426710895320604 1 40
0.40177337710487 0 40
0.430629557288495 1 40
0.768555259064759 0 40
0.458626582044211 0 40
0.424886602980744 0 40
0.450587466267049 1 40
0.424062583547207 1 40
0.484731387249596 1 40
0.217484953013458 0 41
0.434358036266862 1 41
0.415045486021239 0 41
0.664912687157869 1 41
0.267427724833349 0 41
0.362031381138467 1 41
0.228526335254623 0 41
0.27603837883076 0 41
0.668836103069924 1 41
0.332866251761297 1 41
0.377372992732718 1 41
0.317176056318159 1 41
0.400465537248234 1 41
0.664735227394688 0 41
0.506162937831406 1 41
0.34412307405008 1 41
0.632663561063155 0 41
0.691987413989084 1 41
0.282787529069668 1 41
0.275348337998688 0 41
0.390975994788042 1 41
0.286271516377789 0 41
0.211924637982365 0 41
0.224674116141839 0 41
0.217624350480851 0 41
0.225543473898429 0 41
0.25207714276094 0 41
0.31488286833762 0 41
0.439115722969703 0 41
0.305999506243508 0 41
0.320973614936421 1 41
0.450471914886903 1 41
0.236426541165181 0 41
0.347051588518025 1 41
0.225241489662304 0 41
0.370826451506436 1 41
0.245942541022282 0 41
0.278589417537795 0 41
0.278589979857845 1 41
0.861277220537496 0 41
0.389362438049114 1 41
0.245246890197471 0 41
1.1189652003683 1 41
0.290658726405039 0 41
0.260815829246251 0 41
0.399552701499693 1 41
0.272119235065923 0 41
0.456330595043836 0 41
0.433208250307784 1 41
0.206815135681304 0 41
0.425972419905811 0 41
0.515490227667247 1 41
0.233024627492776 0 41
0.227319273649171 0 41
0.762765420991375 1 41
0.215614161046245 0 41
0.229660736317601 0 41
0.390900679112825 1 41
0.584472540585291 0 41
0.562849065128705 1 41
0.443276363717112 1 41
0.417915531376289 0 41
0.736965523005612 1 41
0.42964202580569 1 41
0.653504486945277 1 41
0.613278899900307 0 41
0.261892698956518 0 41
0.277163786555648 0 41
0.74812663347189 1 41
0.890149472451671 0 41
0.423754100856976 1 41
0.709644041501559 1 41
0.678683741709196 1 41
0.228239070563935 0 41
0.504441525248086 1 41
1.0718118098264 1 41
0.585786407250039 1 41
0.437982236416923 0 41
0.353339998839243 0 41
0.375684812081815 1 41
0.593791131212356 1 41
0.512201100937214 1 41
0.421016229586755 1 41
0.301433198018477 0 41
0.227373061045366 0 41
0.239791016513008 0 41
0.281672611659191 0 41
0.966436552440011 1 41
0.224565631656493 0 41
0.588148391548937 1 41
0.328869234759394 1 41
0.220126491775541 0 41
0.880320632306355 1 41
0.412353594744583 1 41
0.690774201742898 1 41
0.311854497915007 0 41
0.466297843172752 1 41
0.301416856210508 0 41
0.402393341300141 1 41
0.537277677583019 1 41
0.757773582907261 1 42
1.03697355272991 0 42
0.964353507080076 1 42
0.477907406515584 1 42
0.273546920005722 0 42
1.13158181676414 0 42
0.898973767407114 0 42
0.430809441990101 1 42
0.836389266631393 1 42
0.549489557999858 0 42
0.764051959096803 1 42
0.253064052460343 0 42
0.67835303722693 0 42
0.733088203131545 0 42
0.943354600333548 0 42
0.632207041994831 0 42
0.308202156527833 0 42
0.741225934595411 1 42
0.517618701448042 1 42
0.296427638709849 0 42
0.518520057190213 1 42
1.32615704884714 1 42
0.406474324558609 1 42
0.830810610151933 1 42
0.30901946111786 0 42
0.359739976288294 0 42
0.358415535199782 0 42
0.535401608009526 1 42
0.339172130147903 1 42
0.372191307056811 0 42
0.272538128851556 0 42
0.448141571293983 1 42
0.800270511527716 1 42
0.322451877396939 0 42
0.417064372861878 1 42
0.320569698634114 0 42
0.598821491746811 1 42
0.32180845355587 0 42
0.358214538840722 0 42
0.265944557957393 0 42
0.321753100900715 0 42
0.615130174931165 1 42
0.285072527624606 0 42
0.803515332331853 1 42
0.360875821188946 0 42
0.469116887750437 1 42
0.42998121940813 0 42
0.961974689094525 0 42
0.267770079345047 0 42
0.351631457666857 0 42
0.316654838911766 0 42
0.36193050987773 0 42
0.351608515945517 1 42
0.379993907729785 0 42
0.977395814379886 1 42
0.305404058558351 0 42
0.647598804839773 1 42
0.590703553019776 1 42
0.504299335611286 0 42
0.286603699118503 0 42
0.366226523429532 1 42
0.846914677758625 0 42
0.408882813135675 1 42
0.717901831081071 0 42
0.653661675459421 1 42
0.371460337335275 1 42
0.300055921357017 0 42
0.444439289221386 0 42
0.699040931636593 1 42
0.262773519415781 0 42
0.416715899213869 0 42
0.286269373799156 0 42
0.293473251234102 0 42
0.537752116788419 0 42
0.529862915453646 0 42
1.03569256924858 1 42
1.06777864838683 1 42
0.400404282073082 1 42
0.583826986923628 1 42
0.948010479236377 1 42
0.516417787083223 1 42
0.804605189854746 1 42
0.455281343705741 1 42
0.454652595008648 0 42
0.290573138398383 0 42
0.624168763806728 1 42
0.362777641077469 0 42
0.339450336289111 1 42
0.404093524063853 1 42
0.46798740537897 1 42
0.320729057126632 1 42
0.737923870421185 0 42
0.3009796457718 0 42
0.418778825807489 0 42
0.671144813018904 1 42
0.325032353942051 0 42
0.358536886456154 0 42
0.311794110716259 0 42
0.39693461691001 0 42
0.318146849156215 0 42
1.02385826683211 0 43
0.468876535417936 0 43
0.574649861307713 1 43
0.55033532619159 0 43
0.482194204031604 1 43
0.512562084417107 1 43
0.681692223402023 1 43
0.397457070614949 0 43
0.622066121521966 1 43
0.517759754343911 1 43
1.40676327909593 1 43
0.58768152753249 1 43
0.549317726890322 1 43
0.440450672545734 0 43
0.637771046941079 0 43
0.451429953136129 1 43
0.447634468146693 1 43
0.797325992277798 0 43
0.51575533199494 1 43
0.520663938177494 1 43
0.507544485704258 1 43
0.423517646103072 1 43
0.436534960047469 1 43
0.464616051571793 1 43
0.4100481348096 0 43
0.498612106921528 1 43
0.63867026941439 1 43
0.52293308660521 1 43
0.635651247959741 1 43
0.546032995959713 0 43
0.485809718104048 1 43
0.531501841177133 1 43
0.556814596335579 1 43
0.48202727181836 1 43
0.412148646357567 1 43
0.453010574632317 0 43
0.537874871862645 1 43
0.58902613403344 1 43
0.46163120060431 1 43
0.529877644994368 1 43
0.498401405872269 1 43
0.811773087389058 1 43
0.393792963622297 0 43
0.516639832306008 1 43
0.446829985653264 1 43
0.414540729061778 0 43
0.404043423092614 0 43
0.790910948714939 1 43
0.755173585503524 1 43
0.700734206207635 1 43
0.540193929833063 1 43
0.4623501808792 0 43
0.457509203335283 1 43
0.668399017467254 1 43
0.451897878214213 1 43
0.41859677181194 1 43
0.480082856146259 1 43
0.690229854083061 1 43
0.412039250511975 1 43
0.386256568907163 1 43
0.547224073975561 1 43
0.455917116334723 0 43
0.456538865828091 1 43
0.368373902132593 1 43
0.423892011909462 0 43
0.443654508447711 1 43
0.516714977226132 1 43
0.377091091214683 0 43
0.575027271556027 1 43
0.578049789100092 1 43
0.39895852516003 1 43
0.424564002927658 1 43
0.626877544201055 1 43
0.803870980427325 1 43
0.437163202480231 1 43
0.491998899445955 1 43
0.701305356325568 1 43
0.38173343537523 1 43
0.587175170408855 1 43
0.530114053388085 1 43
0.672743780239442 1 43
0.406688905087761 0 43
0.528557336818593 1 43
0.71339722797614 0 43
0.726169617162345 0 43
0.607372898383417 1 43
0.884081698411975 1 43
0.547403408032389 1 43
0.427493122495491 0 43
0.45700680347961 1 43
1.10944647475713 1 43
0.440187257123466 1 43
0.516914391834876 1 43
0.407210287019895 1 43
0.512575105751577 0 43
0.438935381867009 0 43
0.429272516462757 1 43
0.557732749574954 1 43
0.559128040109663 1 43
0.466232144742337 1 43
0.474213962570477 1 44
0.494675965609443 1 44
0.397046777902819 1 44
0.434834628392958 0 44
0.410546178630989 1 44
0.39412879767766 0 44
0.498693931681963 0 44
0.792561190438512 1 44
0.579077950618999 1 44
0.430531450910022 1 44
0.446453006593253 0 44
0.637398094633385 1 44
0.511445730521993 1 44
0.435587404016557 0 44
0.404097976608011 0 44
0.405130747767436 1 44
0.493501383390275 1 44
0.550828574788993 1 44
0.42037562103244 0 44
0.408202347604264 0 44
0.528826482824956 1 44
0.494978250833763 1 44
0.43935768915766 1 44
0.410349683194129 0 44
0.481478379113476 0 44
0.422535991798152 0 44
0.420879859566504 1 44
0.550638503337789 1 44
0.438425550533457 0 44
0.55707864506716 0 44
0.40264616146784 0 44
0.390366242789312 0 44
0.395179383798935 0 44
0.467372271773867 1 44
0.511899249604401 1 44
0.460358971623969 0 44
0.646880055442368 0 44
0.491021821358526 1 44
0.608051930568813 1 44
0.421048642260315 1 44
0.470207070283121 0 44
0.383464940309394 0 44
0.646478851120144 1 44
0.433880597480435 0 44
0.464495314577243 0 44
0.535559977257141 1 44
0.390626450236319 0 44
0.527752922151563 0 44
0.461057167820597 0 44
0.433281206538631 1 44
0.410270241712698 1 44
0.424718101196973 0 44
0.447945628867829 1 44
0.55024296764755 1 44
0.524490735611229 0 44
0.46037444936932 0 44
0.447471669816999 0 44
0.431609858834345 1 44
0.591027256863284 1 44
0.449635063554283 1 44
0.645730498975025 1 44
0.472069234889376 1 44
0.545012906511975 0 44
0.45491788550819 0 44
0.518593600359007 0 44
0.394622405317484 0 44
0.419015577726344 0 44
0.476837252916592 1 44
0.523180450466981 1 44
0.42575849845348 1 44
0.526658697784381 1 44
0.45701693651647 1 44
0.51426784035847 1 44
0.597434456670098 1 44
0.525327019090959 0 44
0.673902774514713 0 44
0.468542990358771 1 44
0.491654276941366 0 44
0.398429163310873 0 44
0.670243696111857 1 44
0.449860831664129 1 44
0.416065085147238 1 44
0.433626948780786 0 44
0.397765141827277 0 44
0.455505191358717 1 44
0.532608356599398 1 44
0.476766558021605 1 44
0.523902321697822 1 44
0.501033394731348 1 44
0.421608901647397 1 44
0.590085067589516 0 44
0.550066839669937 0 44
0.56347104255761 1 44
0.398574714907539 0 44
0.432814176042349 0 44
0.441003113287135 1 44
0.414435602005252 0 44
0.521390281784567 1 44
0.437705290469962 1 44
0.538372526542728 0 44
0.627083192372513 1 45
0.438598262894861 1 45
0.961521678340715 1 45
0.603704861703234 0 45
0.345139304919377 1 45
0.915439764909334 1 45
0.471311680366704 1 45
0.458227253690268 1 45
0.390362181962139 1 45
0.588338293352072 1 45
0.410809309225555 0 45
1.08560732517169 1 45
0.626216060035359 0 45
0.32372068230646 1 45
0.698913833823951 1 45
0.510597146671872 1 45
0.498730810937154 1 45
0.506628519070113 0 45
0.428929583176122 1 45
0.54903494649911 0 45
0.475318959779566 0 45
0.367881103591686 1 45
0.929516519022965 0 45
0.731230432019663 1 45
0.365779479036049 0 45
0.411240215789384 0 45
0.497506209433516 1 45
0.876130991968147 1 45
0.361641099444142 1 45
0.368945687694389 1 45
0.494856051980051 1 45
0.363874993395323 0 45
0.530143974213422 0 45
0.952282485598495 1 45
0.382713817482008 0 45
0.379701178633471 1 45
0.442829371082846 0 45
0.517610302967025 1 45
0.573382094725264 1 45
0.476624003493498 1 45
0.585088290598415 1 45
0.48076242335755 1 45
0.483873621711201 1 45
0.380391915878372 1 45
0.366284165627562 1 45
0.508527315598933 1 45
0.446632314843846 0 45
0.345711842615508 0 45
0.534382423629527 0 45
0.597659281755942 1 45
0.502471782165865 1 45
0.639878761530947 0 45
0.573093664324619 0 45
0.356661161201378 1 45
0.5119324301491 1 45
0.432286840538929 1 45
0.404589346774439 1 45
1.17090218513294 1 45
1.07439779279294 1 45
0.70100676586101 1 45
0.36695298652597 1 45
0.65369057770094 1 45
0.379683770717251 1 45
0.460946238818092 0 45
0.419616364149845 0 45
0.538823884300254 1 45
0.358512955124709 0 45
0.485302564843123 1 45
0.420681534089249 1 45
0.662370047000316 0 45
0.371896866830304 1 45
0.503753454649434 1 45
0.792502356827994 0 45
0.469321533517002 1 45
0.586934479495622 0 45
0.561696295463742 1 45
0.805840387266214 1 45
0.382784687749491 1 45
0.33711677493644 1 45
0.421159976480056 0 45
0.563399373091717 1 45
0.374534567080944 1 45
0.331646934970234 0 45
0.550273187291716 1 45
0.486775798700194 1 45
0.36375986510773 1 45
0.38721817623717 1 45
0.60976079574704 1 45
0.388365497882959 0 45
0.364648386684877 1 45
0.330647162254318 1 45
0.410113729634426 1 45
0.784115086694748 1 45
0.330490268008654 0 45
0.42042787555757 0 45
0.343055342705738 0 45
0.394897959671407 0 45
0.373789085550929 1 45
0.4511285485974 0 45
0.52050151485783 1 45
0.761575853683639 1 46
0.467583875389798 1 46
0.403033159883942 0 46
0.464128216000288 0 46
0.485717609327449 0 46
0.68539193212108 0 46
0.622998247828069 0 46
0.541382127033399 0 46
0.466450104575134 0 46
0.491860769677081 0 46
0.579961797716893 0 46
0.507316014920626 1 46
0.641216390941501 1 46
0.700129176721494 0 46
0.462775135245875 1 46
0.876507124971543 0 46
0.559841685252281 0 46
0.388460842796504 0 46
0.49242616315969 1 46
0.43657852044908 1 46
0.744415095204709 0 46
0.914237353627573 0 46
0.400908855925329 0 46
0.504501428133763 0 46
0.688980915072109 0 46
0.426904508011877 0 46
0.544273829979981 1 46
0.442203078106566 0 46
0.438115909433199 1 46
0.487834218754298 1 46
0.745099623691039 1 46
0.471943054596298 1 46
0.414204143704009 0 46
0.474344566192426 1 46
0.73648950406581 1 46
0.458160362241605 1 46
0.490924619221283 0 46
0.54226731058976 1 46
0.608515767564244 1 46
0.548656362717733 1 46
0.517085244056015 1 46
0.444805429336195 0 46
0.430657023920221 0 46
0.439288252966 0 46
0.491713891217467 0 46
0.414332893358434 0 46
0.446686635133511 1 46
0.526129426431562 1 46
0.640646307652558 0 46
0.514935162809021 0 46
0.426815976582072 0 46
0.687657921141409 0 46
0.389225783744348 0 46
0.502014961998569 0 46
0.571176490034603 1 46
0.526779516978372 0 46
0.437211827483183 1 46
0.442705622480288 0 46
0.463402722468697 1 46
0.588728380559177 1 46
0.396731953604048 0 46
0.664900001738033 0 46
0.453154717928757 1 46
0.443909560897688 1 46
0.489955902253996 0 46
0.399804786179344 0 46
0.44406458877196 0 46
0.661771832360022 1 46
0.615114430989859 1 46
0.589039262166524 1 46
0.44348740974515 0 46
1.22624100929228 0 46
0.505161345228954 0 46
0.399850602211373 0 46
0.705447575873413 0 46
0.46689168073524 0 46
0.481255684225397 1 46
0.731345094817367 1 46
1.1082466530235 0 46
0.771409807028456 0 46
0.564569062354165 0 46
0.698989219887534 1 46
0.430335234841563 0 46
0.383261450385778 0 46
0.600190490106881 0 46
0.416838284524219 0 46
0.855290552510944 0 46
0.526950057820675 0 46
0.495963367971418 0 46
0.428018122736074 0 46
0.680133242540545 0 46
0.712469124796758 0 46
0.442574787043819 1 46
0.53564505182398 1 46
0.7450404869114 0 46
0.53351045497438 0 46
0.554666747550221 0 46
0.51516278602953 1 46
0.624387026384682 0 46
0.437989544266533 0 46
0.250381944905139 0 47
0.423652142809135 1 47
0.322105852151585 1 47
0.359920886057853 0 47
0.304528506872357 1 47
0.305436224067154 1 47
0.296473196078338 1 47
0.438821102422889 1 47
0.25449764587446 0 47
0.311095110097028 1 47
0.305822878601219 0 47
0.279771618976387 0 47
0.33747344368331 0 47
0.285554994134196 0 47
0.323014561676174 1 47
0.526584572717106 1 47
0.442293364251914 0 47
0.252408325890514 0 47
0.463398886782501 1 47
0.272963880675562 0 47
0.44731096623712 1 47
0.25946502508441 0 47
0.26637437770304 0 47
0.251613673739162 0 47
0.319672650714328 0 47
0.288254454626808 0 47
0.388580572965567 0 47
0.310806505102153 1 47
0.267243709877636 0 47
0.397037055607502 1 47
0.259907827061758 0 47
0.504536703385744 0 47
0.45020370007444 1 47
0.270602650959199 0 47
0.245837210384021 0 47
0.275429487039007 0 47
0.289608657353659 0 47
0.404204209832299 1 47
0.383600457534889 0 47
0.293317354724163 0 47
0.406035201060379 1 47
0.312837937100733 0 47
0.258903978083387 0 47
0.333129162914787 0 47
0.263053789830663 0 47
0.259937169032296 0 47
0.258514843297492 0 47
0.325490395714936 1 47
0.297718058026252 0 47
0.293593617429712 0 47
0.270991161453461 0 47
0.364864448407998 1 47
0.309514011772346 1 47
0.349193683610519 1 47
0.305755642886374 0 47
0.317579272916926 0 47
0.317911204965104 1 47
0.260702461639454 0 47
0.273836619553492 0 47
0.285575541370653 0 47
0.403659729605275 1 47
0.269406943004729 1 47
0.333293279508819 1 47
0.407121034779899 1 47
0.252156582276264 0 47
0.251272747860113 0 47
0.297051071231031 0 47
0.264181025886956 0 47
0.25123940152516 0 47
0.252768324579441 0 47
0.284354210683691 0 47
0.509814476420684 1 47
0.29730650589173 0 47
0.261365454062587 0 47
0.300434032652539 1 47
0.321269603582837 1 47
0.379587236768097 0 47
0.539304081231954 0 47
0.28351520748123 0 47
0.419423769733162 1 47
0.26213316760657 0 47
0.331878028148542 0 47
0.275094766036273 0 47
0.448735791537134 0 47
0.458424005871748 1 47
0.568910793156051 1 47
0.43549619166346 1 47
0.26078087854277 0 47
0.319803261774988 0 47
0.245284226916632 0 47
0.313990000690137 0 47
0.762919069681063 1 47
0.26507111264492 0 47
0.579408938606535 0 47
0.424150164079516 1 47
0.42659434488946 0 47
0.635132306617961 1 47
0.401930425285259 1 47
0.265953214824777 0 47
0.397622876302 1 47
0.557088663469368 0 48
0.341677859501701 0 48
0.590067029363163 1 48
0.316110128268261 0 48
0.371931459771254 0 48
0.488821385988687 1 48
0.501525806832143 0 48
0.61909439604934 0 48
0.342073284308699 0 48
0.439816474410736 0 48
0.338656301693307 0 48
1.24542726962804 1 48
0.809676169117851 1 48
0.812328107287722 0 48
0.740490299071652 1 48
0.860701555317246 1 48
0.336165998515781 0 48
0.340371108684846 0 48
0.863040833629581 1 48
0.33546473580772 0 48
0.524630937462896 1 48
0.530148466401923 0 48
0.437020600417456 0 48
0.643485994218638 1 48
0.346793909605426 0 48
0.384863881632627 0 48
0.314472327444588 0 48
0.499905572319328 0 48
0.376165429113159 1 48
0.339490850488049 0 48
0.490742925439458 0 48
0.740175684969192 1 48
0.46124150251381 1 48
0.455658282724124 0 48
0.866021227160534 1 48
0.411380245276414 1 48
0.490011499709748 1 48
0.333396356414526 0 48
0.336525399384307 0 48
0.341899132336925 0 48
0.583852483067802 1 48
0.42838772230488 1 48
0.488270261080009 1 48
0.428959930964703 0 48
0.424658617450048 0 48
0.648800391944222 1 48
0.533646177142744 1 48
0.327659455731558 0 48
0.399167599574176 0 48
0.358418025362464 0 48
0.329255267583207 0 48
0.550409268586475 1 48
0.316409318898882 0 48
0.323184400348134 0 48
0.347027193343818 0 48
0.593327367731763 0 48
0.637500253412179 1 48
0.613887409694311 1 48
0.523844370589385 1 48
0.440208072849563 1 48
0.515562234309362 0 48
0.314009482046452 0 48
0.604817808681639 1 48
0.66731190990071 1 48
0.408542145680698 1 48
0.374004395036008 0 48
0.320412911953623 0 48
0.581406027326381 1 48
0.38808291999549 0 48
0.322955368429837 0 48
0.335363264232183 0 48
0.333640702831234 0 48
0.572202488144934 0 48
0.584904988934467 0 48
0.464908894614237 1 48
0.414539582381852 0 48
0.352202678611743 0 48
0.336130648805221 0 48
0.32652566072406 0 48
0.630604102667086 1 48
0.525787351325428 1 48
0.401242779631517 0 48
0.509165381371888 1 48
0.607831489786978 1 48
0.452427845703028 0 48
0.665065055440825 1 48
0.532623178938549 0 48
0.328278871744116 0 48
0.526598032827932 1 48
0.488377566346004 0 48
0.529382746954406 1 48
0.373278831188501 0 48
0.584685997537558 1 48
0.521897551271161 0 48
0.323992583298624 0 48
0.626042982621514 0 48
0.522412966177085 0 48
0.421376225208504 0 48
0.809784461044223 0 48
0.345174097018281 0 48
1.48907029283084 1 49
0.333044193669427 0 49
1.02188870238525 1 49
0.486893873274759 0 49
0.901931468693337 0 49
0.395231378448605 0 49
0.419698894868794 1 49
0.441867800648881 1 49
0.539720151385058 0 49
0.334727223530405 0 49
0.534466021015629 1 49
0.982937663190022 0 49
0.648675121694379 0 49
0.434567109760469 0 49
0.406839791383832 0 49
0.829925274156412 1 49
0.516281811595439 0 49
1.39944126242871 1 49
0.58444845566202 1 49
0.351003309158756 0 49
0.502279263882232 1 49
0.396533751253178 0 49
0.551114751050495 1 49
0.582430027390326 1 49
0.686668411833584 1 49
1.43416000285246 1 49
0.587830886128092 1 49
0.387288592784564 0 49
0.537733047774225 0 49
0.671992704028271 1 49
0.502234418762339 0 49
0.365994893906305 0 49
0.677666766761801 0 49
0.607186606344301 1 49
0.613736369127873 1 49
2.41671690169843 0 49
1.6759834481206 1 49
0.599704752566207 1 49
0.725842589600133 1 49
0.370920502877359 0 49
0.505803271140823 0 49
0.348360514749247 0 49
0.362419812452441 0 49
0.333676254213848 0 49
0.911550559932484 1 49
0.78729068445412 1 49
0.640201931217318 1 49
0.831070244907053 0 49
0.584866834703358 1 49
2.71477416212412 1 49
0.901591507146459 1 49
1.30408849438921 1 49
0.419119455665506 0 49
0.443575678056157 1 49
0.459815451181948 0 49
0.425876317464949 0 49
1.31438700571131 0 49
0.338274821341112 0 49
0.89744382048793 0 49
0.447342910308306 0 49
0.42846908821628 1 49
0.436122305937394 0 49
1.21222294659686 1 49
0.600644376411998 0 49
1.05973172575266 1 49
0.829895559668872 1 49
0.755831830796833 1 49
0.46109533030434 0 49
0.348783272992121 0 49
0.354795876240456 0 49
0.756511619181023 1 49
1.26001599744958 1 49
0.732805285701667 1 49
0.435421473001794 0 49
0.828043525244263 1 49
0.442264270539361 1 49
0.541069075396176 1 49
0.546894244308046 0 49
0.973991462598105 1 49
0.454586202468343 0 49
0.329611943024445 0 49
1.32645569047878 1 49
0.342470971197778 0 49
0.607101014193985 0 49
0.347734121235623 0 49
0.526008987631028 1 49
1.27728992705431 1 49
0.46218186834594 0 49
0.538309210612008 1 49
0.382451296478322 0 49
0.56127000599804 0 49
0.440339044147034 0 49
0.5493016262101 1 49
0.340448090947298 0 49
0.912176775377376 1 49
0.388339995629855 0 49
1.01610358311316 1 49
1.47800426593235 0 49
0.366327117972847 0 49
0.620379458294365 1 49
0.484973458952127 1 50
1.42924494103555 0 50
0.472704411911877 1 50
0.345967422107303 1 50
0.407179956009672 1 50
0.621664583619208 1 50
0.641892578044859 1 50
0.408344099953921 1 50
0.66703251464377 0 50
0.729037302511311 1 50
0.371832590071921 1 50
0.59095531047707 0 50
0.419770596002988 1 50
0.434757502477193 1 50
0.757507292138934 1 50
0.496101740487476 1 50
0.655305370291115 1 50
0.367615941373352 1 50
0.387130010181186 1 50
0.758908686038249 0 50
0.437079184672299 1 50
0.748975216133358 0 50
0.526550612678337 1 50
0.341723146394139 1 50
0.53419494074684 1 50
0.393879842142917 1 50
0.525440503195631 1 50
0.441182913445584 1 50
0.3566554585215 1 50
0.381209642763201 1 50
0.697879318141485 1 50
0.3806559635064 1 50
0.322714607020266 1 50
1.4265650508029 1 50
0.346186136927826 1 50
0.529284856380631 1 50
0.439978560857662 1 50
0.463627360726326 1 50
0.348993320212154 1 50
0.325661887638155 1 50
0.535783626598829 1 50
0.365421484841044 1 50
0.787917975346012 1 50
0.448904491239632 1 50
0.342052644439853 1 50
0.528627922387464 0 50
0.521246501833049 1 50
0.624279876692697 1 50
0.496725530516178 0 50
0.545950758325396 1 50
0.401154624985864 1 50
0.492494291298702 1 50
0.373237715395889 1 50
0.406953018232578 1 50
0.377042658909416 1 50
0.822004248015995 0 50
0.738892997660785 0 50
0.453592514689908 1 50
0.429110704145404 1 50
0.345814946433409 1 50
0.418563026341791 1 50
0.389893746127859 1 50
0.442606182400131 1 50
0.663923465111435 1 50
0.824501191660272 1 50
0.422736731993567 1 50
0.725128188306953 1 50
0.83565625495503 0 50
0.720890730205075 1 50
0.369481185878471 1 50
0.446116515293668 1 50
1.47830824082616 0 50
0.400215193404839 1 50
0.369485300441918 1 50
0.4820608819912 1 50
0.342483794257988 1 50
0.836787029910517 0 50
0.4676745860651 1 50
0.668655620557765 0 50
0.423569364185779 1 50
0.570068968693773 1 50
0.332801608467777 1 50
0.778086417156369 1 50
0.352982723520793 1 50
1.25015683116157 1 50
0.700533578916676 1 50
0.525657955303911 1 50
0.393030693706752 0 50
0.544268995520552 1 50
0.441779490314028 1 50
0.450377358158697 1 50
0.495138185155517 1 50
0.661349152235603 1 50
0.840267910034087 0 50
0.382048603343366 1 50
0.48711314956489 1 50
0.323002085228594 1 50
0.80667072181075 1 50
0.337262157690515 1 50
0.690027701509842 0 50
0.581322719870502 0 51
0.9166160060992 0 51
0.6416506306661 1 51
0.562171957846056 1 51
0.497365307436627 1 51
0.586303139807432 1 51
0.833306561171485 0 51
0.473029891551364 0 51
0.431023580574429 1 51
0.434375336740365 1 51
0.822890824532656 1 51
0.460029238969251 1 51
0.589216719747565 1 51
0.706039921034854 1 51
0.502760675265901 1 51
0.44399205873751 1 51
0.450443723888847 1 51
0.587445823841946 1 51
0.654072474723674 0 51
0.635195241490798 0 51
0.454673010805451 1 51
0.45378564529537 1 51
0.5528497695576 1 51
0.714461710241137 1 51
0.828682725405042 0 51
0.449061380828016 1 51
0.429049097912045 1 51
0.451259453603159 1 51
0.500077106794219 1 51
0.480364603701834 1 51
0.756723006625217 0 51
0.48454613536895 0 51
0.546268738153936 0 51
0.485943948935663 1 51
0.535001468849727 1 51
0.976372196617794 0 51
0.57988910518173 1 51
0.47829466616387 0 51
0.444625884490241 1 51
0.497772059194849 0 51
0.442762820333923 1 51
0.752098103227123 1 51
0.414498421337585 1 51
0.660124669797066 0 51
0.659572994110326 0 51
0.578992479346772 0 51
0.500477889262509 1 51
0.464738246340414 1 51
0.750545210973242 1 51
0.564315975756797 1 51
0.49177129783115 1 51
0.484636227917898 1 51
0.481507526119333 1 51
0.746543309823098 0 51
0.90003869041848 0 51
0.665062736307867 0 51
0.45580280861048 1 51
0.561412592635875 1 51
0.414044878044891 1 51
0.415820481339932 1 51
0.455372434042897 0 51
0.511237599299261 1 51
0.436031301054316 1 51
0.541390601537755 0 51
0.609755698066936 0 51
0.555429506877393 1 51
0.540001573092659 0 51
0.461671173903036 1 51
0.986953584425451 1 51
0.469175601153788 0 51
0.594062624180157 0 51
0.679068079384109 0 51
0.462797451785531 1 51
0.450473046517795 1 51
0.444365448913187 1 51
0.456927624181973 1 51
0.542228264870882 0 51
0.667744259935189 0 51
0.525635068646826 1 51
0.637704271979167 1 51
0.566231778670991 1 51
0.977123887609271 0 51
0.498666148771744 1 51
0.608891770582432 1 51
0.574275511105262 1 51
0.602526125695606 1 51
1.0623547228412 1 51
0.485372486792327 1 51
0.705664659419186 1 51
0.538909218150775 1 51
0.469594746302196 1 51
0.436286598709064 0 51
0.922006779704667 0 51
0.459763911958431 1 51
0.68893088462284 1 51
0.419452846617428 1 51
0.426148475898051 1 51
0.900233654879586 1 51
0.609958486417396 1 51
0.484391299568122 0 51
0.543899318993832 0 52
0.348013124328394 1 52
0.405366456415244 1 52
0.830990890225253 1 52
0.335139555193253 1 52
0.522437913416088 0 52
0.329666616496205 1 52
0.556017216469791 0 52
0.507627776072468 1 52
0.344209357120518 1 52
0.327550624650305 1 52
0.344544616396593 1 52
0.344161841254164 1 52
0.586869675526565 1 52
0.337605502296116 1 52
0.382304371226286 1 52
0.363947542175263 1 52
0.515111170205217 1 52
0.381506869247617 1 52
0.394659824496002 1 52
0.382592019946606 1 52
0.91659864194589 1 52
0.364850318311212 1 52
0.959394569486486 1 52
0.398646109395199 1 52
0.640671703817203 0 52
0.364956402134572 1 52
0.356680940968738 1 52
0.839722063599634 1 52
0.83753195865384 0 52
0.366035007832838 1 52
0.721424443809677 1 52
0.333017740531876 1 52
0.523074600280242 1 52
0.332878940796804 1 52
0.385358647408642 1 52
0.387199568046092 1 52
0.339583875465659 1 52
0.332136951193 1 52
0.427883305631714 1 52
0.381288887680176 1 52
0.32777757060743 1 52
0.509428917182391 1 52
0.358141667287994 1 52
0.393620976044892 1 52
0.628021810932033 0 52
0.473319358709649 1 52
0.326063137868788 1 52
0.325382878081686 1 52
0.680781989372977 1 52
0.455365696875457 1 52
0.544101839344345 1 52
0.495994929115392 1 52
0.40647692405961 1 52
0.536126175109994 1 52
0.689999525750659 1 52
0.373318655753215 1 52
0.335801873992983 1 52
0.32912688581526 1 52
0.320144743850913 1 52
0.36671623514108 1 52
0.327653252784473 1 52
0.521092547916421 1 52
0.359470979155338 1 52
0.371506430998144 1 52
0.412575388805804 0 52
0.598542062240429 0 52
0.331601004144114 1 52
0.435914984067208 0 52
0.342991743664063 1 52
0.869473399739397 1 52
0.379817891318885 1 52
0.37702828104441 1 52
0.33566011337713 1 52
0.340654476928196 1 52
0.333795716650108 1 52
0.415439724320079 1 52
0.365962460994053 1 52
0.505584614921387 1 52
0.380931963520741 1 52
0.392845311391071 1 52
0.339264412907056 1 52
0.324526764214061 1 52
0.375804504380201 1 52
1.05120178919353 1 52
0.410458424478421 1 52
0.332924790837333 1 52
0.346895727559578 1 52
0.418096057405172 0 52
0.35463534755082 1 52
0.577154362581954 1 52
0.381877398042736 1 52
0.405230106841408 1 52
0.343278300760024 1 52
0.60862321267629 1 52
0.761773667848007 1 52
0.37168937269125 1 52
0.393335341793871 1 52
0.326850280442331 1 52
0.34423267822846 1 52
0.447837436667392 1 53
0.261096409287769 1 53
0.29538774518488 1 53
0.324314540202463 1 53
0.280304549836444 1 53
0.264485604406899 1 53
0.270533557473497 1 53
0.245998745243732 1 53
0.90244307210141 1 53
0.554050734744106 1 53
0.258024262450235 1 53
0.257125165774864 1 53
0.868928102439618 1 53
0.350527151101512 1 53
0.40628832715387 1 53
0.44111497218488 1 53
0.384972959092976 1 53
0.32002973087029 1 53
0.247517565397136 1 53
0.598510588328379 1 53
0.337341808874226 1 53
0.368654736952617 1 53
0.434748682870273 1 53
0.348890151806377 1 53
0.286699531721395 1 53
0.255760572321955 1 53
0.268274868356112 1 53
0.32325521758462 1 53
0.332360653916857 1 53
0.43346349536133 1 53
0.522578368259288 1 53
0.263406427944044 1 53
0.897519754005305 1 53
0.765252103466801 1 53
0.317894147034891 1 53
0.609560976594319 0 53
0.298299438486752 1 53
0.26997648293947 1 53
0.280156134406588 1 53
0.297917681109434 1 53
0.345934360966657 1 53
0.315444465798552 1 53
0.291828495414595 1 53
0.273125609026701 1 53
0.75525175491182 1 53
0.397181425924496 1 53
0.717900318425027 1 53
0.58391590860578 1 53
0.792450695049342 1 53
0.332118611541714 1 53
0.312490381543913 1 53
0.286558536302262 1 53
0.309810695003047 1 53
0.320951778544493 1 53
0.318847231702132 1 53
0.3475826737825 1 53
0.298718790093614 1 53
0.32340801231538 1 53
0.256516134436043 1 53
0.258912867012811 1 53
0.436847095737298 1 53
0.446736979155343 1 53
0.329513482716909 1 53
0.324996567171042 1 53
0.440278758162432 1 53
0.354630695129711 1 53
0.403601313350898 1 53
0.393195597040747 1 53
0.414620954551899 1 53
0.360871342778887 1 53
0.246881415975567 1 53
0.34578771706674 1 53
0.268873385147774 1 53
0.274725162241088 1 53
0.344871385829274 1 53
0.302003314075188 1 53
0.396069093003204 1 53
0.402095942056608 1 53
0.28482220090168 1 53
0.393023860695789 1 53
0.327673314709867 1 53
0.250891186251379 1 53
0.258667904199977 1 53
0.362586254898041 1 53
0.304375236135493 1 53
0.297768017581513 1 53
0.294054606210845 1 53
0.375972310327558 1 53
0.373061442630547 1 53
0.268654617595053 1 53
0.263106970812451 1 53
0.287655658803339 1 53
0.377378695097376 1 53
0.257990059075299 1 53
0.273214573449558 1 53
0.252662926705775 1 53
0.276880310443063 1 53
0.947459981798321 1 53
0.273292011317544 1 53
0.349432568826092 1 53
0.430267540398785 0 54
0.347894903605877 1 54
0.34330470684515 1 54
0.327882685997323 1 54
0.411797373776924 1 54
0.326705055207435 1 54
0.350174777422801 1 54
0.496372489672771 1 54
0.332919857472662 0 54
0.394293651477093 1 54
0.417805909761916 1 54
0.428352517267546 0 54
0.382964146330399 0 54
0.38572019064323 0 54
0.323033698278929 1 54
0.447815540664708 0 54
0.434949388087631 1 54
0.317128022024481 1 54
0.323263827070824 1 54
0.553684581598992 1 54
0.500495984794855 1 54
0.413804855176114 1 54
0.348765185741414 1 54
0.368859270234014 1 54
0.44752369495246 1 54
0.362511068908443 0 54
0.319513758567674 1 54
0.374741567808765 1 54
0.356241235976017 1 54
0.38271664677409 1 54
0.357509092642472 1 54
0.516707151812328 1 54
0.34095470301838 1 54
0.437960679115418 0 54
0.323544539256994 1 54
0.350161609445725 1 54
0.352643803822282 0 54
0.371112823284412 0 54
0.330011071952982 1 54
0.390078812919535 0 54
0.464305560603965 0 54
0.428682449943136 0 54
0.344926448895706 1 54
0.369402562198024 1 54
0.36878238367081 0 54
0.450242302284962 0 54
0.48084430071141 1 54
0.325869857469953 1 54
0.336702888363937 1 54
0.397266858217505 1 54
0.515615169905655 1 54
0.475748031523823 0 54
0.411480406832067 1 54
0.450175091555057 1 54
0.380500472423002 0 54
0.382123673439586 0 54
0.405777489137016 0 54
0.510591807838314 1 54
0.637405693672735 0 54
0.337865894601243 1 54
0.351166097192704 1 54
0.395978656144955 1 54
0.529305976303842 1 54
0.324663102023929 1 54
0.408777610555342 0 54
0.551703699750811 0 54
0.600753924008785 0 54
0.381713061433352 1 54
0.330342291823176 1 54
0.401988780387851 1 54
0.340335396317298 1 54
0.342163356124817 1 54
0.483060390750781 1 54
0.4714843834226 1 54
0.549593825766666 1 54
0.316222479473989 1 54
0.348374169959009 1 54
0.402661269816078 1 54
0.566953269723153 0 54
0.496192335068646 0 54
0.351870724584324 1 54
0.350032189485257 1 54
0.541346393331244 1 54
0.446624572779095 1 54
0.384203811308755 0 54
0.415840152758271 0 54
0.390951680216689 0 54
0.346495088345808 1 54
0.378843760673473 1 54
0.368980641106672 1 54
0.321770633419009 1 54
0.329492214410192 0 54
0.364462023330674 1 54
0.404304589073329 1 54
0.386218147027015 1 54
0.382248535907289 1 54
0.349714349567308 0 54
0.331340200230888 1 54
0.317029453304393 1 54
0.381612616488063 0 54
0.342575496963633 1 55
0.284871330484309 1 55
0.72558538230919 1 55
0.429851981431987 1 55
0.351049504239552 1 55
0.358384695555973 1 55
0.383625573892858 1 55
0.298123053104101 1 55
0.321752085180723 1 55
0.323534063696036 0 55
0.432982304223338 1 55
0.339944664938521 0 55
0.624766661347332 1 55
0.405241297115883 1 55
0.287806352137055 1 55
0.377225514641442 0 55
0.339621460019135 1 55
0.281893831667415 1 55
0.361306903873028 0 55
0.328796094372972 1 55
0.369827114112293 1 55
0.287830208152667 1 55
0.31076832887204 1 55
0.506356849917486 1 55
0.30261734267464 1 55
0.523602690773047 1 55
0.698173226478343 0 55
0.560467098820286 1 55
0.498411043011626 1 55
0.708949187809713 1 55
0.483030743387642 1 55
0.337393968425039 1 55
0.631650625883882 1 55
0.65136706066849 0 55
0.396545747625929 1 55
0.463231241847793 1 55
0.327163234932994 0 55
0.265855086223831 1 55
0.314110403595522 1 55
0.282068656442045 1 55
0.292420325322816 1 55
0.620849600350746 1 55
0.503785612120102 1 55
0.371209813146231 1 55
0.511233240669065 1 55
0.34728587509885 1 55
0.817995113525029 1 55
0.482321557532097 1 55
0.305503052821993 1 55
0.273331904207207 1 55
0.379753352076332 1 55
0.26964592001496 1 55
0.427168009485434 0 55
0.347177464983484 0 55
0.290309025814526 1 55
0.31209780803836 1 55
0.423231561660047 1 55
0.362374708420274 1 55
0.421534556888021 1 55
0.368844310781829 1 55
0.381617921095193 0 55
0.274442107433454 1 55
0.366536985009811 1 55
0.306546077367748 1 55
0.286602737270964 1 55
0.401948565762644 1 55
0.535976570858808 1 55
0.494713374926673 1 55
0.558552623058322 0 55
0.296961138273663 1 55
0.402861575261984 1 55
0.308443099629087 1 55
0.371150189465216 1 55
0.340971411053244 1 55
0.485932781199838 1 55
0.271945174579971 1 55
0.280454683468072 1 55
0.344518074908291 0 55
0.358872552046375 0 55
0.613894484200525 1 55
0.269630703814338 1 55
0.333250900488442 1 55
0.612968343208524 1 55
0.31847387516978 1 55
0.36527509783684 1 55
0.616296750475835 0 55
0.417107628223552 0 55
0.616942659261123 1 55
0.357766127992446 0 55
0.312792773523334 1 55
0.476420923381852 1 55
0.365436587017449 1 55
0.408402048656176 1 55
0.397574890785005 1 55
0.516036598039883 1 55
0.314012207791849 1 55
0.295646159941127 1 55
0.319485212327684 1 55
0.281589033068469 1 55
0.264207275755341 1 55
0.473944766773554 0 56
0.369754655800898 1 56
0.529778506558706 0 56
0.407171819378891 1 56
0.405803344400117 1 56
0.556689013188951 1 56
0.463482470776287 1 56
0.472764899405448 1 56
0.366289253492142 1 56
0.445297784960886 1 56
0.384669142858781 1 56
0.448617079150372 1 56
0.439711486654394 1 56
0.425338592004007 1 56
0.379708773168299 1 56
0.414728003186025 1 56
0.568677020778901 0 56
0.402479830339232 0 56
0.375682816925213 1 56
0.406348700231532 1 56
0.366117725245976 1 56
0.457410100510652 1 56
0.409846137722763 0 56
0.456965693388855 1 56
0.502241570388563 0 56
0.460769474148654 1 56
0.375063675774194 1 56
0.452537333456196 1 56
0.448472129208518 1 56
0.374249993730443 1 56
0.390061770888879 1 56
0.417661395967962 1 56
0.431350590009518 0 56
0.421907688870491 0 56
0.395131881888188 0 56
0.477063649276329 1 56
0.483911935137187 0 56
0.388841543050764 1 56
0.401378619079467 0 56
0.38998780271662 1 56
0.466950406834722 1 56
0.586611103151229 0 56
0.392398918936967 1 56
0.4621482902293 0 56
0.384852384806423 0 56
0.375199654897213 1 56
0.436629909351885 1 56
0.439402243506724 0 56
0.387894249623916 1 56
0.459343970778459 1 56
0.393058172245335 1 56
0.395821512534638 0 56
0.368227108724095 1 56
0.408367421495571 0 56
0.379484695217028 1 56
0.418162797549859 1 56
0.405032053300123 1 56
0.379216139893891 1 56
0.370318636393581 1 56
0.382461925781286 0 56
0.441489138106366 1 56
0.638737677927823 1 56
0.408144906079774 1 56
0.407672210857262 1 56
0.538378666122917 0 56
0.377665011239855 1 56
0.393958393149445 0 56
0.447972934217314 1 56
0.417332866219103 1 56
0.379923935916386 1 56
0.395611350131253 0 56
0.40456850114325 1 56
0.403899876422975 1 56
0.377312970338886 1 56
0.410477476319932 1 56
0.397009474362902 1 56
0.391374753745286 1 56
0.409696366994677 1 56
0.398992145244955 1 56
0.7 1 56
0.39836043352262 1 56
0.441261385708987 0 56
0.393777727808509 1 56
0.595691299469424 0 56
0.493452562688535 1 56
0.384718395345521 1 56
0.478047256900995 1 56
0.372072877955962 1 56
0.370067104149834 1 56
0.375196993619486 1 56
0.473643009709102 1 56
0.445584683058575 1 56
0.404192094640301 1 56
0.375926223856363 1 56
0.483097054267633 1 56
0.540691385419442 0 56
0.425006753769431 1 56
0.406584148189665 1 56
0.369135726732644 1 56
0.539205210748375 1 56
0.784831486280948 0 57
0.731701196080088 1 57
0.586501788128898 1 57
0.924669467395424 1 57
0.624377892701528 0 57
0.517404739004464 0 57
0.477516884049302 0 57
0.536186387102269 0 57
0.519921592107406 0 57
0.541066486894836 1 57
0.574565631525142 1 57
0.866448053185102 1 57
0.562147188250799 1 57
0.542643099843904 0 57
0.62339393060463 0 57
0.743562718095266 0 57
0.685251316097415 1 57
0.860416260082653 0 57
0.622069800543985 0 57
0.860227326196237 0 57
0.53060696890963 0 57
0.518624310274898 0 57
0.486636584000089 1 57
0.659658329570247 1 57
0.759502300453182 0 57
0.707834358751516 1 57
0.779016568738275 0 57
0.446817172911783 1 57
0.836129258011131 0 57
1.86007170930419 1 57
0.735018269373884 1 57
0.522270718729935 0 57
0.490625090768929 0 57
0.469336055012878 1 57
0.465258987419375 1 57
1.13460257164743 0 57
0.546779886687995 0 57
0.654674959077427 1 57
0.697400467226525 1 57
0.52099620024717 1 57
0.75219925587774 1 57
0.767924650118845 0 57
0.590495666262074 1 57
0.997343900834377 0 57
1.64022324203157 1 57
0.530168870823982 1 57
0.897306503862806 1 57
0.616733174287696 0 57
0.517623127587076 0 57
0.693117345672217 0 57
0.453447312263811 0 57
0.623560893753482 0 57
0.59843182495026 1 57
0.727006618640556 1 57
0.521584424425896 1 57
0.487017065928382 0 57
0.630567418087189 0 57
0.477452256293609 0 57
0.485738838598671 1 57
0.700452360748573 1 57
0.583418718302151 1 57
0.908617726032361 0 57
0.482624970134315 1 57
0.74296197359848 1 57
1.16976322898229 1 57
0.535011547660094 1 57
0.776266278941318 0 57
0.960289887658706 0 57
0.971959745748589 1 57
1.26720370969632 0 57
0.62480876352714 1 57
0.509456099198375 0 57
0.540412613906323 0 57
2.02712673867326 0 57
0.630907315977504 0 57
0.478475284646046 1 57
0.742173652118048 0 57
0.513973098894138 0 57
1.17408641233905 1 57
0.542259244639212 0 57
0.548873557027647 1 57
0.666196239192448 0 57
0.74406882733342 0 57
0.676485821296264 0 57
0.471562609746436 1 57
0.634047614292227 0 57
0.505608440965899 1 57
0.612252129906727 0 57
0.464043492382936 0 57
1.23925083022633 1 57
0.872177461395114 1 57
0.905165210612408 1 57
0.460386244432212 0 57
0.894904761919164 0 57
1.07162695490144 0 57
0.532085804526075 1 57
1.68484153121078 0 57
0.795174122148186 0 57
1.00374233950547 1 57
1.03376279101979 1 57
0.386818638911104 0 58
0.358793152311027 1 58
0.321893130689203 0 58
0.347891586720596 1 58
0.350372413597591 0 58
0.436399847701905 1 58
0.339908324484286 0 58
0.536307787831751 0 58
0.317866512790037 0 58
0.361784487667005 1 58
0.353453913913317 0 58
0.319611140883308 0 58
0.426635107710441 1 58
0.403171205964562 1 58
0.342424498960152 1 58
0.615912142237066 1 58
0.392339004693612 1 58
0.379138055172205 0 58
0.464390278784915 1 58
0.319886466111537 0 58
0.400877616809241 1 58
0.34961523471802 0 58
0.391879830534604 1 58
0.429503605167183 1 58
0.382188846893144 0 58
0.498146740246707 1 58
0.439568861665732 1 58
0.628075567139806 1 58
0.472977014393428 1 58
0.353260455160514 1 58
0.356445392894076 0 58
0.383666607454985 1 58
0.335413597408983 0 58
0.342532828767408 1 58
0.489061673005779 1 58
0.308106346669429 0 58
0.443298724897575 1 58
0.522033894180073 1 58
0.478313611692205 1 58
0.530611785731598 1 58
0.321227877556876 0 58
0.338421690843428 0 58
0.3279238000005 0 58
0.527684355852651 1 58
0.460059729761012 1 58
0.573745798657407 1 58
0.390503057974536 1 58
0.344787368124883 1 58
0.395235787324171 0 58
0.341514991662659 0 58
0.558257578888798 1 58
0.353751852433036 0 58
0.373294381177267 0 58
0.349733217862108 1 58
0.32544782207366 0 58
0.453161078263938 1 58
0.741371408063724 0 58
0.553528745880124 0 58
0.422732589483407 1 58
0.310306690282216 0 58
0.323246263572894 0 58
0.347451607949178 1 58
0.314118549559484 0 58
0.404912134130557 1 58
0.556031957542973 0 58
0.520585966913519 1 58
0.319690135739918 0 58
0.389069483822555 1 58
0.316258400311798 0 58
0.437052836071942 1 58
0.453002485260803 0 58
0.340431252517634 0 58
0.35773576375591 0 58
0.465378843609305 1 58
0.37388195548742 1 58
0.310047441743337 0 58
0.407150032207724 1 58
0.334983316725229 0 58
0.439547736021373 1 58
0.339721461915498 0 58
0.432533738490267 1 58
0.345061413371105 1 58
0.401478162860381 1 58
0.33118611392627 0 58
0.394343903026487 0 58
0.401912360442764 1 58
0.423498961546371 1 58
0.358865335086729 0 58
0.377891022461737 0 58
0.409830646454904 1 58
0.337760759343862 1 58
0.357142187300096 1 58
0.378419523424146 1 58
0.384916594758577 1 58
0.619242974031581 1 58
0.332155447761238 0 58
0.387309919165397 1 58
0.392602256679195 0 58
0.34804730564178 1 58
0.334443715430777 0 58
0.304086202535938 1 59
0.306643272475877 1 59
0.304104103579197 0 59
0.492810573803528 1 59
0.4768438015177 1 59
0.553450776268957 1 59
0.342980191496846 1 59
0.554447372423689 1 59
0.346014431835146 1 59
0.265267295141393 1 59
0.371893337462992 0 59
0.358884095576479 1 59
0.371732028143846 1 59
0.31822428843573 1 59
0.301184291411956 0 59
0.337396947296507 1 59
0.38593202891253 1 59
0.320717828704692 1 59
0.305626293525464 0 59
0.331049409951822 1 59
0.281682005619594 1 59
0.436128497905978 1 59
0.288091723210978 1 59
0.568787297429778 1 59
0.334630237416139 1 59
0.299501176767277 1 59
0.284515616667691 1 59
0.324853527205123 1 59
0.384980766950963 1 59
0.325248278480965 0 59
0.303123389038939 0 59
0.399015232959964 0 59
0.46351795033479 1 59
0.427225620029784 1 59
0.668227722341033 1 59
0.474650957875447 1 59
0.332347416678103 1 59
0.336594055899895 1 59
0.366654063811337 1 59
0.415177989876293 1 59
0.296778789107863 1 59
0.288067074829326 1 59
0.366055971659581 0 59
0.318454536836632 1 59
0.316473358880796 1 59
0.321420545033139 0 59
0.348923639033777 1 59
0.585617080630395 0 59
0.325443609152212 1 59
0.379139416156629 0 59
0.286931004330411 1 59
0.557453925085677 1 59
0.294904871911121 0 59
0.278139025159851 1 59
0.387234015175579 0 59
0.305382011007013 1 59
0.351092886515491 1 59
0.336869713651574 1 59
0.364892319985101 1 59
0.490556342712406 1 59
0.361411147439873 1 59
0.303723225028846 1 59
0.298710720398337 1 59
0.30839451606291 1 59
0.272951082998435 1 59
0.432354873681678 1 59
0.278679259746971 1 59
0.444194432814806 1 59
0.295890438579776 0 59
0.427175903644186 0 59
0.34625592479208 1 59
0.287956594286558 1 59
0.289129642239658 1 59
0.299315941558618 1 59
0.303792961475039 1 59
0.308873893830904 1 59
0.33170010599442 1 59
0.356268689319019 1 59
0.518046933244429 1 59
0.468958495430058 1 59
0.369488375413858 1 59
0.279864701737149 1 59
0.315439757085855 1 59
0.333343029044886 1 59
0.449446931859064 1 59
0.446373528128829 1 59
0.433902789105333 1 59
0.304865333812635 1 59
0.38512608413957 1 59
0.319748284173009 1 59
0.645432526403907 1 59
0.347142845984382 1 59
0.573758094211487 1 59
0.377860579016938 1 59
0.325440744008086 1 59
0.42610679041317 0 59
0.311771054475414 0 59
0.29970191717671 1 59
0.347079501464347 1 59
0.322085972104735 1 59
0.663519811274458 0 60
0.476648262416519 0 60
0.566067042743484 0 60
0.545719355118433 0 60
0.493089400488886 1 60
0.286076697512747 1 60
0.25354217634816 1 60
0.529472919583412 1 60
0.418421302593714 0 60
0.354080149389566 1 60
0.301021808998525 1 60
0.259166011603461 1 60
0.25530642808207 1 60
0.345762259078059 1 60
0.347420014480301 0 60
0.333823114033346 1 60
0.263552788965809 1 60
0.346756851401921 1 60
0.513431772385169 1 60
0.314339867059744 1 60
0.319827861915178 0 60
0.267489436081415 1 60
0.673471663878877 0 60
0.358993559764442 1 60
0.262952230788502 1 60
0.289276827990722 1 60
0.348457402031164 0 60
0.361926370491696 1 60
0.278123241865108 1 60
0.391863310592749 1 60
0.359692153326912 1 60
0.390552251303345 1 60
0.491260431160311 0 60
0.335052863755838 1 60
0.362261912048342 0 60
0.297447233692663 1 60
0.331015924863561 1 60
0.269173305745837 0 60
0.758859336165002 1 60
0.683246045873846 1 60
0.271862442797391 0 60
0.32522055070565 1 60
0.304410258223331 1 60
0.303334328950499 1 60
0.488657340401146 1 60
0.561958596906353 1 60
0.379449807949206 1 60
0.332038921739636 1 60
0.434636359045341 1 60
0.276963289920762 1 60
0.335494244632464 1 60
0.346861272980649 1 60
0.282703203350306 1 60
0.274202787398863 0 60
0.525936249006881 0 60
0.278694476008072 0 60
0.355537232820805 0 60
0.963076075569844 1 60
0.379940409348042 1 60
0.26224765862648 1 60
0.309574413289009 0 60
0.267179826879855 1 60
0.285289547122334 1 60
0.316778409838876 1 60
0.310449327694762 1 60
0.451754707091546 1 60
0.338776053975398 0 60
0.319785431171721 1 60
0.359230191850867 1 60
0.387331046790303 1 60
0.27229191811416 1 60
0.33062814573033 1 60
0.425684631263145 1 60
0.429029129269956 1 60
0.48261206702325 1 60
0.500923348931313 0 60
0.533072001687185 0 60
0.417288438110114 0 60
0.416678881395909 0 60
0.558109880947841 1 60
0.255304553210183 1 60
0.320736515556465 1 60
0.357852890876028 1 60
0.48796030295776 1 60
0.443743387529847 1 60
0.36347163489861 0 60
0.377831436263844 0 60
0.273082211725974 1 60
0.457534689260415 0 60
0.351110694853668 1 60
0.446845056753833 1 60
0.255482168087449 1 60
0.363415132141896 1 60
0.327946779306785 0 60
0.278349027588583 0 60
0.576118902469698 1 60
0.3797878352662 1 60
0.376835781815263 1 60
0.363022858377235 1 60
0.528101000431763 1 60
0.470630338502992 1 61
0.624951888282791 1 61
0.303185842418965 1 61
0.537855313018122 0 61
0.73149110729085 1 61
0.469618260365032 1 61
0.405625191007559 1 61
0.28145541065615 0 61
0.541637005486593 1 61
0.36641058306754 1 61
0.43366224037793 0 61
0.31879181088094 1 61
0.337006067394845 1 61
0.718334150985889 1 61
0.310023906769488 1 61
0.341396808087753 0 61
0.232966879259034 1 61
0.260818869269183 1 61
0.306695944250889 1 61
0.369486648963522 1 61
0.466511613194977 1 61
0.290420194820562 1 61
0.655381086246245 1 61
0.416681117632735 1 61
0.285693209196145 1 61
0.46547050488739 0 61
0.525901867094289 1 61
0.242446687787113 0 61
0.662801591460591 1 61
0.2946160693651 1 61
0.32853276561103 1 61
0.863793384189498 1 61
0.270719891674114 0 61
0.373703444272953 1 61
0.645758609939276 1 61
0.392008256423659 1 61
0.542725172263918 1 61
0.453302662917658 1 61
0.629555562143654 1 61
0.394303229442321 1 61
0.565254512482806 0 61
0.475627992198877 0 61
0.325598369625624 1 61
0.278390741601656 1 61
0.270094886124654 1 61
0.639281877567623 1 61
0.454512507497004 1 61
0.459763505501699 1 61
1.08680744381515 1 61
0.252940930507804 0 61
0.756528036282044 1 61
0.308499667293325 1 61
0.244553470658609 1 61
0.440987898636928 1 61
0.736116510526619 0 61
0.369427546549316 1 61
0.38048313873204 1 61
0.343743395376109 1 61
0.813781091924228 1 61
0.251736436360327 1 61
0.322137181807854 1 61
0.714833604845915 1 61
0.310678694812695 1 61
0.462740519965852 1 61
0.298077972839871 1 61
0.346629177121896 1 61
0.404932542122469 1 61
0.592458632434277 1 61
0.402760907757673 1 61
0.425637761461254 1 61
0.47039219339757 1 61
0.389467068936623 0 61
0.332550333432934 1 61
0.277660708600174 0 61
1.11644851905198 1 61
0.784056923992713 1 61
0.600130530902213 0 61
0.306942806143992 0 61
0.684476325907842 1 61
0.325402658565916 0 61
0.470250263079619 1 61
0.260704118931493 1 61
0.607246101305804 1 61
0.493786891552413 0 61
0.262849518742016 1 61
0.346422000388919 1 61
0.278410036718164 1 61
0.531459951093678 1 61
0.249122596357767 1 61
0.407013659261173 1 61
0.61022018835869 1 61
0.294066379625151 1 61
0.350224686950106 1 61
0.314090898992781 1 61
0.474546686158128 1 61
0.904205948264244 1 61
0.351238100935178 1 61
0.582862732109618 0 61
0.618326120577167 1 61
0.262806610311402 0 61
0.938635190323378 1 62
0.353894468094885 1 62
0.443024821555709 0 62
0.498488526122336 0 62
0.305113585221816 0 62
0.375954221188389 0 62
0.967710261295478 1 62
0.580666334071241 1 62
0.403637554855174 0 62
0.516356818331211 1 62
0.409886226385413 0 62
0.467596631224399 0 62
0.327110930102242 0 62
0.486019385838631 1 62
0.369206468896426 0 62
0.518521635551139 0 62
0.50136840206532 1 62
0.320300142333833 0 62
0.355094442639055 1 62
0.356644488216302 1 62
0.533490746175588 1 62
0.427375340031231 0 62
0.324334727248478 0 62
0.428132750292006 1 62
0.62684786312819 1 62
0.37346881314383 0 62
0.529857672828835 0 62
0.440065462826306 1 62
0.464344154415857 1 62
0.415862778528791 0 62
0.361112190161526 0 62
0.402145624633844 0 62
0.662760979502829 0 62
0.350659476057776 1 62
0.422434230879554 0 62
0.450440448118869 1 62
0.360555292376168 0 62
0.715787641242087 0 62
0.412669513868556 1 62
0.355414831448333 0 62
0.582593116816338 1 62
0.548189603568665 1 62
0.347702020073767 0 62
0.546482154115194 1 62
0.726356622633276 1 62
0.409547455066264 1 62
0.465819003602251 1 62
0.320639015339506 1 62
0.332283418227277 1 62
0.553543526286477 1 62
0.343727571503967 0 62
0.985131974895725 1 62
0.364274533781378 0 62
1.07874488627036 1 62
0.362401640635477 1 62
0.402475107911392 1 62
0.32317015262537 0 62
0.376955161229685 1 62
0.314795278917786 0 62
0.566997495193683 1 62
0.429893860297833 0 62
0.459477251063114 0 62
0.466566080494953 0 62
0.49882260402953 1 62
0.873991267956258 0 62
0.405903265402131 0 62
0.40145490021916 1 62
0.396561487360617 0 62
0.546268555110807 1 62
0.445508426040158 1 62
0.474790940157381 1 62
0.597813528059506 1 62
0.908075922675422 1 62
0.361867194841991 1 62
0.738021774937087 0 62
0.349360069221234 1 62
0.585978468628136 1 62
0.459335909763912 1 62
0.416036456938556 0 62
0.698017645273893 0 62
0.585935692747519 1 62
0.52567327556595 1 62
0.532664655754399 0 62
0.574634878468078 0 62
0.350316589935041 1 62
0.794804568079224 0 62
0.598448372998869 0 62
1.1823152994161 0 62
0.397648839761605 1 62
0.606010914879739 0 62
0.335945687416063 0 62
0.659081778447515 1 62
0.595976740895831 1 62
0.70920927690519 1 62
0.58093595307026 0 62
0.542414808430099 0 62
0.600019778240308 1 62
0.551826494366787 0 62
0.430440746108672 0 62
0.397487903806231 1 62
0.253231785111814 0 63
0.257667742364857 0 63
0.302322719008813 0 63
0.358801793429214 1 63
0.285067962339343 1 63
0.299709973325578 1 63
0.268838208661591 1 63
0.469132699268501 1 63
0.262242453504142 1 63
0.305149265909873 1 63
0.332823833218622 1 63
0.443197496240662 0 63
0.329529427660055 0 63
0.253135789183717 1 63
0.539510032636276 1 63
0.380728216515269 1 63
0.251661028743449 1 63
0.270019091803027 1 63
0.234278979641758 1 63
0.263295801057896 1 63
0.737973699703078 0 63
0.286932218409419 1 63
0.370780369994408 1 63
0.270170275111077 1 63
0.33875948700331 0 63
0.257650081545661 0 63
0.249613644150674 0 63
0.328099752201367 1 63
0.440500887001658 0 63
0.434837577823443 1 63
0.315697448291303 1 63
0.368922584122738 1 63
0.467318394263438 1 63
0.293743266539479 1 63
0.343928071783509 0 63
0.753342581892092 1 63
0.389104090419604 1 63
0.338419817733689 1 63
0.356216321176069 1 63
0.27085624169377 1 63
0.272017423150492 1 63
0.357121387861765 1 63
0.347698624693139 1 63
0.2484890542574 1 63
0.261343190233719 1 63
0.327839934007005 1 63
0.327418100717282 0 63
0.301153418020345 1 63
0.258300162595451 1 63
0.327293000505488 0 63
0.482692506466935 1 63
0.491422892503793 1 63
0.2500085863917 1 63
0.282113961481284 1 63
0.260316740887382 1 63
0.33849456940161 0 63
0.279795466526966 1 63
0.249565612309822 1 63
0.289962698563155 0 63
0.295607325824298 1 63
0.26172512086982 1 63
0.355830920846745 0 63
0.276210909644868 1 63
0.286745513208187 1 63
0.318175540577879 0 63
0.410869142464514 1 63
0.247712744645648 0 63
0.251829380952727 1 63
0.382827642844505 1 63
0.266966726241458 1 63
0.497603319784881 1 63
0.249412786882908 1 63
0.274079284925832 1 63
0.302028359372179 1 63
0.26265845234221 1 63
0.287568394376871 1 63
0.410666392355379 1 63
0.256645612672633 1 63
0.325518318630336 1 63
0.262083818560998 1 63
0.38506795701983 0 63
0.246467541610832 1 63
0.462813137907066 1 63
0.414385077646 1 63
0.245096021312096 1 63
0.308265231439912 1 63
0.364832431108984 0 63
0.53397241163063 1 63
0.310377581974154 1 63
0.302932253364409 0 63
0.336134243568975 1 63
0.317723863106459 0 63
0.309853158107746 1 63
0.31268228784376 0 63
0.302379076401228 0 63
0.333644029370509 0 63
0.362865763059296 0 63
0.290091193994957 1 63
0.254217785811496 1 63
0.269691387252573 1 63
0.511973752517163 1 64
0.503304997132251 1 64
0.564175916830413 1 64
0.540262487558452 1 64
0.499269237048862 1 64
0.589182749495372 0 64
0.653741171860545 1 64
0.503965094150306 1 64
0.473725932653751 1 64
0.652811369194129 1 64
0.508215202211936 0 64
0.568255885870843 1 64
0.73704621350636 1 64
0.494120518955051 0 64
0.511157000370167 0 64
0.798432514491685 0 64
0.46629308821514 1 64
0.478294298519156 0 64
0.677346770972994 1 64
0.552314743268868 1 64
0.543448473444692 1 64
0.54299407019576 1 64
0.512438647815276 0 64
0.535862532703913 1 64
0.473628825385255 1 64
0.566123774608968 0 64
0.4797030742117 0 64
0.516392509456934 1 64
0.498244254376408 1 64
0.700528574546929 0 64
0.509238508113005 1 64
0.535400243522393 0 64
0.690228342540565 1 64
0.680912642393407 1 64
0.588352298553092 0 64
0.71026372618171 1 64
0.523410395976919 0 64
0.494566986159448 1 64
0.645512349664734 0 64
0.596753995243309 0 64
0.82263972750309 1 64
0.847060047364567 1 64
0.489765738470365 1 64
0.756144305326788 0 64
0.497917548554363 1 64
0.49542773017245 0 64
0.466185529607902 0 64
0.700426906804048 1 64
0.496295233953625 1 64
0.508482963330039 1 64
0.546994806691095 0 64
0.47173370334878 0 64
0.554301193517253 1 64
0.465464416873627 0 64
0.49418858471745 0 64
0.580647788833128 1 64
0.806187726637563 1 64
0.585923004010881 1 64
0.577814029224181 0 64
0.565819146885925 1 64
0.479384289411954 1 64
0.578723424570654 0 64
0.546464771271289 1 64
0.470706227902811 0 64
0.563692604040325 0 64
0.48666119106655 1 64
0.503811812917335 0 64
0.518546855316176 1 64
0.555808110741426 1 64
0.462658748418015 0 64
0.580931977807901 0 64
0.478935026048867 1 64
0.506825097844294 0 64
0.562761606810536 1 64
0.539476053889896 0 64
0.796918184677447 0 64
0.538618611862719 1 64
0.480079371849709 0 64
0.468750252132798 0 64
0.470395855522214 0 64
0.536222714755636 1 64
0.588537481677837 0 64
0.559668531759289 1 64
0.543895684856782 0 64
0.55916377579306 0 64
0.531629908318214 1 64
0.49596470291073 0 64
0.492257779410367 0 64
0.488970725948432 0 64
0.571091844190699 1 64
0.668862538831908 1 64
0.577062903362936 0 64
0.549633529439984 1 64
0.49533411582257 0 64
0.581599079789724 1 64
0.733413490698486 1 64
0.484205549114549 0 64
0.469413662552726 0 64
0.497784137993309 1 64
0.485756913751215 1 64
0.463188402650844 0 65
0.914869715277322 0 65
0.443380426418929 1 65
0.600817766737538 0 65
0.972615573664137 1 65
0.870881692110209 1 65
0.52374785533582 0 65
0.575665480277359 1 65
0.643252262053705 1 65
0.564013444292356 1 65
0.467537222741014 1 65
0.491997922655027 1 65
1.00631401387282 1 65
0.548539176001924 0 65
0.563896606958774 1 65
0.870718163630492 1 65
0.64461523163344 1 65
0.624329364256571 0 65
0.614758718837268 1 65
0.739034590036935 1 65
0.888134218302901 0 65
0.507091186012488 1 65
0.516294334476394 0 65
0.683954787529494 0 65
0.809017242914804 0 65
0.578782748793957 1 65
0.605104913192262 1 65
0.494480208295637 1 65
0.672237165975602 1 65
0.434714149009579 1 65
0.844112134715534 1 65
0.50804805726087 1 65
0.567233957161027 1 65
0.480620422224577 0 65
0.435847731844736 1 65
0.459889320812603 0 65
0.522378516941434 1 65
0.511656999969036 1 65
0.396692286409903 1 65
0.567333669925829 1 65
0.879110994756871 1 65
0.449059219841285 0 65
0.62854512584506 1 65
0.413932702726132 1 65
0.643484237770703 1 65
0.549118235486349 1 65
0.637476316755265 0 65
0.76591791453611 1 65
0.394550255248093 1 65
0.453282550849924 1 65
0.442881266215748 1 65
0.479330785398614 0 65
0.411193642983302 0 65
0.575819655328096 1 65
0.490751405460421 1 65
0.427538183870157 1 65
0.437748947878619 1 65
0.636203521329096 0 65
0.633031471007701 1 65
0.695025152051114 1 65
1.07235178831656 1 65
0.413062283264476 1 65
0.969658222170463 1 65
0.941914144694849 0 65
0.444023801127417 1 65
0.476417859570418 1 65
0.72133184822623 0 65
1.01670856869661 1 65
0.658943822773545 1 65
1.04582670104891 0 65
0.925539601559753 1 65
0.566089316865331 1 65
0.942653273964224 0 65
0.871156940560564 1 65
0.490827060511433 1 65
0.44631488878994 1 65
0.786933741931867 1 65
0.400709963734757 1 65
0.695407952127992 0 65
0.843612934432209 1 65
0.593978579648451 1 65
0.483147882139286 1 65
0.554607122930529 0 65
0.498917030764821 1 65
0.456771193912636 1 65
0.604771749877762 1 65
0.535472472145604 0 65
0.491229095624014 1 65
0.520623703591231 1 65
0.462287623843938 1 65
1.05554746507628 1 65
0.576387623194921 0 65
0.436792197899414 1 65
0.944235279504569 0 65
0.422867275530834 0 65
0.444758778225628 1 65
0.596195941955829 1 65
0.449766474919024 0 65
0.497638309760326 1 65
0.446141688523939 0 65
0.639239487389199 0 66
0.443994945393813 1 66
0.585632746726461 1 66
0.530596516411971 1 66
0.459579839045845 1 66
0.483778212143948 1 66
0.46050633542539 0 66
0.479387477941648 1 66
0.479957576833266 1 66
0.60436950309569 1 66
0.417438097975692 0 66
1.06489259148916 1 66
0.705085214489922 1 66
0.415656087922396 1 66
0.433309758636881 1 66
0.589023279604936 1 66
0.560976680076818 1 66
0.57864479250949 0 66
0.669820664105954 0 66
0.447268190021697 0 66
0.443804671862489 1 66
0.822544354095486 1 66
0.574150084827475 1 66
0.586343069722044 1 66
0.61116980208639 0 66
0.474252467270544 1 66
0.415288345543205 0 66
0.486088334939301 0 66
0.684537042167617 0 66
0.547877886146827 1 66
0.432283172082679 1 66
0.451047139868476 1 66
0.493966923319417 1 66
0.4414282590603 1 66
0.510373081444866 1 66
0.99175460537299 1 66
0.426057043594507 1 66
0.496324764221399 1 66
0.429821006378623 1 66
0.468458636911331 0 66
0.580408718319056 1 66
0.445637172446163 1 66
0.419268844002776 0 66
0.505190253199213 1 66
0.845490800381792 1 66
0.551277436649854 1 66
0.48661184062412 1 66
0.583154550985726 0 66
0.448294912066391 1 66
0.903835386278338 1 66
0.682146607073842 1 66
0.524964898529824 1 66
0.508374433452753 0 66
0.524017601140464 1 66
0.494518122655856 1 66
0.686886894795161 1 66
0.611893261454375 1 66
0.431559782897488 1 66
0.607489921553293 1 66
0.410130263239203 0 66
0.667426587551451 1 66
0.531335648625453 0 66
0.452707471665348 1 66
0.643665109501317 1 66
0.566999413392527 1 66
0.518936180935466 1 66
0.961637346737038 1 66
0.444545884573837 0 66
0.416056455311967 0 66
0.898653562446968 0 66
0.753478244498191 1 66
0.492080703474742 0 66
0.63591446946114 1 66
0.474435347926358 0 66
0.628221525718047 1 66
0.510450533876368 1 66
0.616491572139001 1 66
0.418185362490558 0 66
0.63841224950617 1 66
0.526772999694182 1 66
0.550876030502001 0 66
0.492733792323104 0 66
0.474671218098754 1 66
0.420372511273437 1 66
0.501175971682771 1 66
0.58674558834685 1 66
0.461956504390262 1 66
1.00979265070561 0 66
0.729041722455583 1 66
0.750529134200801 1 66
0.49367050375043 1 66
0.465113597149146 1 66
0.79260989090895 0 66
0.693960652434868 1 66
0.673785408164389 0 66
0.579932832575083 1 66
0.402062126114344 0 66
0.567789341281172 1 66
0.40494155450742 0 66
0.919836789945625 0 66
0.439699551708752 1 67
0.395877157352372 1 67
0.494334171745203 0 67
0.413892077729455 0 67
0.424638229917646 0 67
0.732320635454143 0 67
0.556506857174079 0 67
0.43155646323656 0 67
0.51980807706559 0 67
0.42223678560192 1 67
0.630345913169669 1 67
0.517887301511364 1 67
0.458068684381572 1 67
0.422214860489107 1 67
0.420934925836642 0 67
0.406573977896735 1 67
0.366201005652445 0 67
0.390912970689806 1 67
0.417343751062675 0 67
0.467461364232087 1 67
0.378501680946215 1 67
0.697755759167976 1 67
0.42494773026611 0 67
0.389822416022393 0 67
0.408045986259271 1 67
0.414511409725679 0 67
0.594283697425179 0 67
0.458664897268731 1 67
0.364179719998729 1 67
0.467446515264437 0 67
0.42729959836864 0 67
0.38803398383268 1 67
0.353366435545012 0 67
0.603280573894141 1 67
0.574381886870763 0 67
0.374237593575374 1 67
0.494464004655146 0 67
0.390051934740189 1 67
0.647150381692592 1 67
0.487844813279252 1 67
0.516089934286901 0 67
0.353405111254415 0 67
0.415684054537932 1 67
0.474054462982804 0 67
0.404733214005964 1 67
0.39223630271878 1 67
0.494600104484433 0 67
0.483141993325564 1 67
0.430228729040395 0 67
0.483592076963881 0 67
0.42200420770061 1 67
0.456407020704487 1 67
0.465380881093473 1 67
0.425885109866878 1 67
0.408604905617097 0 67
0.509329943549692 1 67
0.462161749561498 0 67
0.43218747817411 1 67
0.423494730944009 1 67
0.431204309328385 1 67
0.508085814036375 1 67
0.513322377555736 1 67
0.407203656659265 0 67
0.608585301937877 1 67
0.422474509160049 0 67
0.603592608286973 0 67
0.417511791457498 0 67
0.542956488253265 1 67
0.36050749332734 1 67
0.398306046611089 1 67
0.447779123275651 0 67
0.433357246108096 1 67
0.473181469294997 1 67
0.412689774076708 1 67
0.362124269637121 1 67
0.697362504091771 1 67
0.441772243979249 1 67
0.394745897053296 0 67
0.420950756912114 1 67
0.389067001951556 0 67
0.45164812454083 1 67
0.446937795446502 1 67
0.477281062838853 1 67
0.429014709236896 1 67
0.514225029845788 0 67
0.397933858034887 0 67
0.493937351964406 1 67
0.53274116966093 0 67
0.668162580835514 1 67
0.470358852576561 1 67
0.461859180316779 1 67
0.389256401542991 1 67
0.424336097646359 0 67
0.431856034890315 1 67
0.424396580335923 0 67
0.778191679909608 1 67
0.45335936764642 1 67
0.547070420337123 0 67
0.384735085679914 0 67
0.455490271717472 1 67
0.524682192502559 0 68
0.976665875772137 0 68
0.65687885508133 0 68
0.486323206280906 1 68
0.537932677577182 1 68
0.431047818684698 1 68
0.510477383808279 1 68
0.670218282006461 1 68
0.411449179375794 1 68
0.746776298377295 1 68
0.439307535379826 1 68
0.564061990755054 1 68
0.543858428508 0 68
0.469288115431178 1 68
0.574610215602305 1 68
0.439017140191867 1 68
0.641798220726084 1 68
0.415181712313621 1 68
0.54585979045497 0 68
0.540685050557389 1 68
0.552358861832644 1 68
0.452435570651704 1 68
0.442823809874717 0 68
0.455914815993756 1 68
0.628573099464191 1 68
0.462556095021357 1 68
0.530100032937242 1 68
0.741158195773472 1 68
0.444600973229738 1 68
0.398051770908475 1 68
0.454016915385469 1 68
0.434280385235238 1 68
0.619791286817125 1 68
0.611637267055241 0 68
0.469922844584639 1 68
0.40763224539251 0 68
0.411869709019788 1 68
0.657300352662936 0 68
1.00976619178607 0 68
0.632017252976756 0 68
0.501408190290449 0 68
0.430064422863313 1 68
0.3896865019003 1 68
0.420375253863237 0 68
0.513239149532595 1 68
0.408885138847473 1 68
0.428481596027644 1 68
0.374025340218907 1 68
0.38700401301255 1 68
0.571528350858636 1 68
0.672920186847676 1 68
0.45218726306749 1 68
0.547482651106392 1 68
0.7622396475665 1 68
0.533358405246686 1 68
0.411805803898092 1 68
0.404229256462425 1 68
0.520460199510264 1 68
0.419294227904525 1 68
0.388486366416524 1 68
0.382237712535966 1 68
0.464194485165774 1 68
0.559728818022916 1 68
0.40254970654017 1 68
0.450271092318732 1 68
0.471511534200614 1 68
0.489341915593727 1 68
0.408535894511585 1 68
0.437567589080827 1 68
0.475072738797649 1 68
0.504926352251655 1 68
0.398151274442989 0 68
0.479966448727045 1 68
0.433673723306596 1 68
0.62275557522785 1 68
0.592624199952658 1 68
0.37984544620302 1 68
0.692497182214534 1 68
0.387930210699927 1 68
0.416838628625631 0 68
0.488861849950012 1 68
0.482253116175797 1 68
0.435452687549735 0 68
0.417027640992712 1 68
1.00991984542889 1 68
0.412388424816946 1 68
0.446476156304076 1 68
0.402722900634643 0 68
0.629738319243674 1 68
0.462309104767966 1 68
0.552760317211039 1 68
0.491445509993549 1 68
0.592608880344084 0 68
0.38664850766456 1 68
0.478198916726163 1 68
0.519786883859808 0 68
0.405805622586362 1 68
0.544903812930697 1 68
0.443493263625262 1 68
0.578466783816736 1 68
0.5893825387163 0 69
0.557313137180336 0 69
0.614792574654077 0 69
0.42085862140887 0 69
0.536689580419159 1 69
0.3574337074825 1 69
0.42441333140169 1 69
0.391558957880672 0 69
0.493569297418074 0 69
0.594654867724532 0 69
0.530466727435708 0 69
0.425453608094418 1 69
0.545037473210637 0 69
0.539193963687805 1 69
0.622517403492169 1 69
0.339648180309993 0 69
0.366691587942699 1 69
0.399820166038609 1 69
0.510931221352528 0 69
0.431422594429908 1 69
0.350460010737421 0 69
1.07032991123547 0 69
0.379477106236926 1 69
0.459048289978222 1 69
0.568205901896584 1 69
0.364721901084781 1 69
0.704675981309115 0 69
0.417188319030237 0 69
0.558341146118748 0 69
0.407375109626188 1 69
0.409236687167459 0 69
0.361771742377751 0 69
0.414656810763407 0 69
0.434286635360623 1 69
0.380453584333418 0 69
0.634222849820968 1 69
0.445132089643069 1 69
0.449209347445789 1 69
0.409109982121418 1 69
0.661923357960302 0 69
0.485348750966951 1 69
0.431667491499972 0 69
0.462072921986358 1 69
0.348416778686118 0 69
0.413938633138291 1 69
0.463014404309843 1 69
0.42410832042246 1 69
0.416292608577518 0 69
0.417442110880196 1 69
0.35890551469106 0 69
0.510679401409088 1 69
0.479395403095765 0 69
0.91360578516993 1 69
0.453996430864585 1 69
0.41939949331796 1 69
0.369537574458352 1 69
0.370958994401856 1 69
0.377358208685691 0 69
0.372028018404869 0 69
0.99109244159395 0 69
0.443130894050318 0 69
0.39789722410947 0 69
0.773745404628621 0 69
0.34403381976107 0 69
0.495333648949443 1 69
0.467702838903964 0 69
0.390018383897717 1 69
0.391348490346997 1 69
0.567679774549251 1 69
0.539693584145109 1 69
0.427376220552296 0 69
0.468623062165106 1 69
0.428937587997982 0 69
0.377952777546722 0 69
0.387406643540668 1 69
0.495960771129836 1 69
0.506097621730206 0 69
0.413484866054399 1 69
0.364456060386436 0 69
0.547308141834175 1 69
0.625586325604632 0 69
0.367583100048348 0 69
0.459923190796558 0 69
0.604820322506491 0 69
0.399439154552433 1 69
0.499695800046943 0 69
0.463728775765845 1 69
0.373221302328963 0 69
0.34328759680309 1 69
0.391936259464243 0 69
0.407731215396 0 69
0.36152544857471 0 69
0.502418011096102 0 69
0.375544063520262 1 69
0.448952138365626 0 69
0.380456348439067 1 69
0.36268699792794 1 69
0.432504040192649 1 69
0.494769013311403 1 69
0.369241415597493 0 69
0.451651120494604 1 70
0.455730983474651 0 70
0.630534392705788 1 70
0.508135329054838 0 70
0.471740567078035 0 70
0.486304904411161 0 70
0.515362204764421 1 70
0.548868987995292 0 70
0.514284505974568 1 70
0.473729392474047 1 70
0.486686139178866 1 70
0.419532917011643 0 70
0.524585557270633 1 70
0.591588147854019 0 70
0.660767487234305 1 70
0.715587355754525 1 70
0.586302642900672 0 70
0.451752321171752 0 70
0.491727108065599 1 70
0.471924296972433 1 70
0.432025187947715 0 70
0.556835844327335 1 70
0.44801615846776 0 70
0.450756862450477 0 70
0.875635178078607 0 70
0.456474005283335 1 70
0.495688263679885 0 70
0.46257836520257 0 70
0.449016502909517 1 70
0.46785841656906 1 70
0.50050664542735 1 70
0.432399987332917 0 70
0.528404966300668 0 70
0.644089342439907 1 70
0.48805626826124 1 70
0.45815189060407 0 70
0.461885085496085 0 70
0.495439822068735 0 70
0.470458959659734 1 70
0.558548589948916 1 70
0.476962448150388 1 70
0.527896070109209 1 70
0.423673468027046 0 70
0.584679295788295 1 70
0.489402764732517 0 70
0.490920445577983 0 70
0.576272398730919 1 70
0.528528549398699 0 70
0.461718931116433 1 70
0.445557963876315 0 70
0.767554276233584 1 70
0.471801294965526 1 70
0.508822088227443 1 70
0.58979521792309 1 70
0.431788080538394 0 70
0.445690536771344 0 70
0.499219158073593 1 70
0.49035953064912 1 70
0.457954032362467 1 70
0.44900620747367 0 70
0.552385993809879 0 70
0.470555822238141 0 70
0.444713554458865 0 70
0.624357981238766 0 70
0.423152857112679 0 70
0.434023488697824 0 70
0.419194003177058 0 70
0.58340160300289 1 70
0.61579570202631 1 70
0.564166797115147 0 70
0.714422181320727 0 70
0.445717539348433 1 70
0.605327474349569 0 70
0.473360301413851 1 70
0.44951276666044 0 70
0.501813171861686 1 70
0.433886640522361 0 70
0.423741140669073 0 70
0.609413093497531 0 70
0.528203907786388 0 70
0.417738179925384 0 70
0.443713718639096 0 70
0.709964131294136 0 70
0.435401324724409 0 70
0.555599396551569 1 70
0.466205919396749 1 70
0.675566672283777 0 70
0.523018124702807 0 70
0.607686906076819 1 70
0.551714786109168 0 70
0.546786621751808 1 70
0.508493317858076 0 70
0.459588580098288 1 70
0.429118782218769 0 70
0.489852219916811 1 70
0.610179574386638 0 70
0.541677780694528 1 70
0.439348001445335 1 70
0.540415590722508 1 70
0.524189565399741 1 70
0.323479601402968 1 71
0.270263274622546 0 71
0.780675349178584 1 71
0.34627142923823 0 71
0.434036597775466 1 71
0.275536715309604 0 71
0.816402824594023 1 71
0.353090529254728 0 71
0.470441692554326 0 71
0.329783730879943 0 71
0.389693163779954 1 71
0.282550107957059 0 71
0.340316819317757 0 71
0.558778760134706 1 71
0.526280897900861 0 71
0.303612602939962 0 71
0.412594338637044 1 71
0.410001524893832 1 71
0.327916822305548 1 71
0.486284175580161 1 71
0.516419409231777 1 71
0.266331196571715 1 71
0.389015819574554 1 71
0.300407066150925 0 71
0.323729489690204 1 71
0.288464722613022 0 71
0.690595353604372 1 71
0.344293840252886 0 71
0.377644215452203 0 71
0.636140790725921 1 71
0.318358024141469 0 71
0.398369818250091 1 71
0.45934336919203 1 71
0.48017487785937 1 71
0.299830918854145 0 71
0.489234070186355 1 71
0.364361381193571 0 71
0.437976079942552 1 71
0.329467063092168 1 71
0.362966506560194 1 71
0.323561330877662 1 71
0.351035502067688 0 71
0.313862613180332 0 71
0.288957588230558 1 71
0.505450378224285 1 71
0.319326263941034 1 71
0.286464696481355 0 71
0.417140091060912 1 71
0.633727404823167 1 71
0.289040243879969 0 71
0.40396880674709 1 71
0.624174758594065 0 71
0.538106346546142 1 71
0.425170873085657 1 71
0.39560161673959 0 71
0.281862944271599 0 71
0.369589621010995 0 71
0.366578647470277 0 71
0.463867743935189 0 71
0.508231433216132 1 71
0.492321722031181 1 71
0.620401758151258 1 71
0.554793058270265 0 71
0.323761174918712 1 71
0.362717872127731 1 71
0.360943734871142 0 71
0.539484439152379 1 71
0.289121338444248 0 71
0.332094758811131 1 71
0.404601277227778 1 71
0.603123361456835 1 71
0.567995459414787 1 71
0.30024348260411 1 71
0.309727984572801 1 71
0.312455269331508 1 71
0.44326060201871 1 71
0.380051151135538 1 71
0.313995660454715 0 71
0.799693449356455 0 71
0.47561163100586 0 71
0.670144344416797 0 71
0.391346200029008 1 71
0.302077375207019 0 71
0.366509657314437 1 71
0.259030424106465 0 71
0.314318087052477 1 71
0.480658859655181 0 71
0.330987910340958 1 71
0.417305062894445 0 71
0.406177759210038 1 71
0.307125118554188 1 71
0.31345591088687 1 71
0.436383692028555 1 71
0.477289510721407 1 71
0.43649122594046 0 71
0.510343691322339 1 71
0.298963492806827 1 71
0.255188898352743 0 71
0.530883410873048 0 71
0.987688266100934 1 71
0.506530896174455 1 72
0.389376406637621 1 72
0.386724049898078 1 72
0.381692384222622 1 72
0.612010438358019 0 72
0.334691264766957 1 72
0.398127653435613 0 72
0.364267400220884 0 72
0.489895935863915 1 72
0.410598617140439 1 72
0.347086610623468 1 72
0.5544924774339 1 72
0.452023908405376 1 72
0.512286817410676 0 72
0.368700375965731 1 72
0.421705826662733 0 72
0.368669704092369 1 72
0.75151232892051 1 72
0.563870738952863 1 72
0.536190532369426 1 72
0.61520987705756 1 72
0.565256547155613 1 72
0.4949712451424 1 72
0.464613141360892 1 72
0.43580833141599 1 72
0.333056781586005 1 72
0.348544730867018 1 72
0.336591519103202 1 72
0.482468683760527 1 72
0.387752414432863 0 72
0.334265961696163 0 72
0.369122805576638 0 72
0.509367916945249 1 72
0.357974417449303 1 72
0.397052853217924 1 72
0.448783750043547 0 72
0.523180905100272 0 72
0.701864231209743 1 72
0.495055219045967 0 72
0.317020075123708 1 72
0.650446003339332 1 72
0.360426874952682 0 72
0.3983296970149 1 72
0.539476243187465 1 72
0.36496947490403 1 72
0.40679258503931 1 72
0.382100561452236 1 72
0.374030847505513 1 72
0.323232770356302 1 72
0.388634539010888 1 72
0.509579348087797 1 72
0.351392308116501 0 72
0.737693576921228 1 72
0.339727594983514 1 72
0.336098834908882 1 72
0.343969632555135 0 72
0.542999208336335 0 72
0.42540619090282 1 72
0.399025307602438 1 72
0.416129981379347 1 72
0.593287984673493 0 72
0.630108302646574 1 72
0.3894376226112 1 72
0.390482096860276 0 72
0.383494548471841 0 72
0.447161745111104 0 72
0.333605613129493 1 72
0.472819982346655 1 72
0.355967450039349 0 72
0.405522724986723 1 72
0.385417334616307 0 72
0.494311743075071 1 72
0.377524111944388 1 72
0.629046851926489 1 72
0.516402599114913 0 72
0.419252736240718 1 72
0.404166087524298 1 72
0.405150851139541 1 72
0.57819298042248 1 72
0.368757131004519 0 72
0.416659965560797 1 72
0.413297800044316 1 72
0.342902200986499 0 72
0.443015570638295 1 72
0.388490977933025 0 72
0.426642738868551 1 72
0.543370731605943 1 72
0.331203561139391 1 72
0.495859033263368 1 72
0.41492956808462 1 72
0.577137843025179 0 72
0.377096488435182 1 72
0.578176781636866 1 72
0.47647224408484 1 72
0.358962780278926 1 72
0.481528565106216 1 72
0.417859856795647 1 72
0.719225034375481 1 72
0.365444906225472 0 72
0.462450500932486 1 72
0.422020695348593 1 73
0.351294228575772 0 73
0.567712821638481 1 73
0.388481687726335 1 73
0.406539041227054 1 73
0.394274421052248 1 73
0.554018719981463 0 73
0.495905561133291 1 73
0.480503533745247 1 73
0.420571431480994 0 73
0.584363196075645 1 73
0.472327995061313 0 73
0.374525430253363 1 73
0.405401718730783 1 73
0.400405835670143 1 73
0.453959768379927 1 73
0.47051226464272 1 73
0.375399435284761 1 73
0.347098656743591 1 73
0.367074012368908 1 73
0.768773781354119 1 73
0.386961662123964 0 73
0.486269148266783 1 73
0.549583526634253 1 73
0.486396250153393 1 73
0.571600747704477 0 73
0.87231369043026 1 73
0.535195511391892 1 73
0.49600427004374 1 73
0.624026926631149 1 73
0.484600621002366 1 73
0.394481822950789 1 73
1.05262046156973 1 73
0.419786769071947 1 73
0.490644860728538 1 73
0.71043832691521 1 73
0.407763496428356 1 73
0.361640833889491 1 73
0.422963321015716 1 73
0.475118467822128 1 73
0.447989515722585 1 73
0.393822280671145 1 73
0.362382730214061 1 73
0.468529640318032 1 73
0.368884708334446 0 73
0.627819051475149 1 73
0.479515673973655 1 73
0.449451616985237 1 73
0.388092559752791 1 73
0.593141112952808 1 73
0.607903877100618 1 73
0.355414908994494 0 73
0.443899665323938 1 73
0.34889748082826 1 73
0.367854881291117 0 73
0.468900529043245 1 73
0.820524511268532 1 73
0.482642376998239 1 73
0.417876461613148 0 73
0.445234920425768 0 73
0.431812794573773 1 73
0.51405704089956 1 73
0.396411480200445 1 73
0.359106918212869 1 73
0.401750235911048 1 73
0.365535186945492 1 73
0.355999133080992 1 73
0.477965320132584 1 73
0.473052360915269 1 73
0.379958305287622 0 73
0.416329815419063 1 73
0.44647734904126 1 73
0.493798498811706 1 73
0.422386536783916 1 73
0.516326558958581 0 73
0.584691474242185 1 73
0.403124380210033 1 73
0.455196093575785 1 73
0.506603909874916 1 73
0.642893574972047 1 73
0.429611261230492 0 73
0.505232898014873 1 73
0.441320903723732 1 73
0.547258605979466 1 73
0.426338317652733 0 73
0.481778124197202 1 73
0.646428058025095 1 73
0.455170222135891 1 73
0.449673461137476 1 73
0.632721945132004 1 73
0.806016445767742 0 73
0.475361399603015 1 73
0.623232065389543 0 73
0.373431790238755 1 73
0.366323956469024 0 73
0.448857296543255 1 73
0.397833892999024 1 73
0.454853706308316 1 73
0.540175971215792 0 73
0.599289186287761 0 73
0.673673974762441 1 74
1.13062573085361 0 74
0.877264347815438 1 74
0.698897644758507 0 74
0.478768819342774 1 74
0.433267404267959 0 74
0.454362642344328 1 74
0.492528009053562 0 74
0.388293063167053 0 74
1.03161483005781 0 74
1.04779374871389 1 74
0.725682180397483 0 74
0.470455146702909 1 74
0.858981663676187 0 74
0.689632617779177 1 74
0.683678011427301 1 74
0.600676341471882 1 74
0.768448447281763 1 74
0.631106661940747 1 74
0.451396027627452 0 74
0.398216942936975 0 74
0.376117194743736 0 74
0.391238948430688 0 74
0.900272418188859 1 74
0.779701790455085 1 74
0.6259194250675 0 74
0.469401747740204 0 74
0.455081120383166 0 74
0.59121348569178 0 74
1.0352166359272 1 74
0.724057204614034 0 74
0.46185230149644 1 74
0.686253983525508 0 74
0.488490454532368 0 74
0.431107066157923 0 74
0.492347472567008 0 74
0.805970385249515 1 74
0.641078212142026 0 74
0.613908360018304 1 74
0.406698987412582 0 74
1.19863418388092 0 74
0.720994618179343 0 74
0.834090354627806 1 74
0.42302832922606 0 74
0.560665214678847 1 74
0.756307729604666 1 74
0.534679229932635 0 74
0.889925361337094 0 74
0.604678775548089 0 74
0.718209036047822 1 74
0.486520451391941 0 74
0.603350356230054 1 74
0.744824401439713 1 74
0.986536395305528 1 74
0.484244869310459 0 74
0.63649921451391 0 74
0.517734329050904 1 74
0.434794592718087 0 74
0.476549804480991 1 74
0.447920239335037 1 74
0.543277344146401 0 74
0.58308096839001 1 74
0.628370955643707 1 74
0.479354280775823 1 74
0.383728696346196 0 74
0.500586973876257 0 74
0.58669996401014 0 74
0.489153823157902 1 74
0.591955895636312 0 74
0.767469465299605 1 74
1.21362864496681 0 74
0.903543283571652 1 74
0.968214808200114 0 74
1.0265167608205 0 74
0.469005797103242 0 74
0.569848719822664 0 74
0.418959659161007 1 74
0.50083152148975 0 74
1.10160471015021 0 74
0.652205923448439 1 74
0.427335883281148 1 74
0.457014277675885 0 74
0.791871110937366 0 74
0.675552912896175 1 74
0.711064836380936 1 74
0.904730693013458 0 74
0.4812747855905 0 74
0.569236173261922 1 74
0.823649889160834 0 74
0.548110967165801 1 74
0.56499641051108 0 74
0.405908225385516 0 74
0.699801347886055 0 74
0.421634803860483 0 74
1.02514364927989 0 74
0.678197164134327 0 74
0.626568533650278 0 74
0.530980250971388 0 74
0.701827244773124 0 74
0.508899226718647 0 74
0.336299391243976 0 75
0.28761756821307 1 75
0.336492896172312 0 75
0.34747263417019 0 75
0.267305479361712 1 75
0.257251695034303 1 75
0.264737082713789 1 75
0.257985859397511 1 75
0.375715154074439 0 75
0.275059040594367 1 75
0.286914591630327 1 75
0.262546503840985 1 75
0.304012214869673 0 75
0.254302848647079 1 75
0.275102838803426 1 75
0.318705848670179 1 75
0.461276736346313 0 75
0.335984376255637 0 75
0.34556441263384 1 75
0.288958190974033 1 75
0.283842374803318 1 75
0.32785929173793 1 75
0.284142047389807 0 75
0.344854861122838 0 75
0.312059591133624 0 75
0.266204879798452 1 75
0.29177811179188 1 75
0.260688254722342 1 75
0.33664028456808 0 75
0.368312694758712 0 75
0.322259690016932 0 75
0.323146782335299 1 75
0.260505859320162 1 75
0.287642387462108 1 75
0.266176349750267 1 75
0.267128900467835 1 75
0.289549687286721 0 75
0.273824238169919 1 75
0.258559487499257 1 75
0.482819395473182 1 75
0.269235428477771 0 75
0.453099695371938 0 75
0.259546484744761 1 75
0.265999506173336 1 75
0.25781730871097 1 75
0.290421110474183 0 75
0.309221828774247 1 75
0.323190502966437 1 75
0.292616277975555 1 75
0.291279942875409 0 75
0.27422477257668 1 75
0.281326440947238 0 75
0.291118407485134 1 75
0.346806815645124 0 75
0.335338996265821 0 75
0.256541337643146 1 75
0.284358300200343 0 75
0.266329417896013 1 75
0.335742317583388 0 75
0.313908887066557 1 75
0.292139874971564 1 75
0.276430251295766 1 75
0.316378971372747 1 75
0.2646615367956 0 75
0.327613908562748 1 75
0.278128587617934 0 75
0.26795786424672 1 75
0.253146867585953 1 75
0.417068110702835 1 75
0.266217170675521 1 75
0.269662176738771 1 75
0.276774910118993 1 75
0.312790043422006 1 75
0.283573274823123 0 75
0.286405807377541 1 75
0.30851650332213 0 75
0.396964849515771 1 75
0.277764793615246 0 75
0.259531886642842 1 75
0.273992349244176 0 75
0.257271486769121 1 75
0.289176502074032 1 75
0.259899552775662 1 75
0.257589603277969 1 75
0.437535554670653 1 75
0.273121585752883 1 75
0.270582207497172 0 75
0.321695336353561 0 75
0.298771203055764 1 75
0.278326593501372 1 75
0.374469504496085 1 75
0.281891918947949 1 75
0.303692623099289 0 75
0.316076941313877 1 75
0.279596743095891 1 75
0.291868923560089 1 75
0.285698889577052 1 75
0.268483466361022 1 75
0.29079853733104 1 75
0.262099242326455 0 75
0.364082815855465 0 76
0.500432573274181 1 76
0.672173180368826 1 76
0.433070348549569 1 76
0.376017011877296 1 76
0.512038947393461 0 76
0.306562147926714 0 76
0.468654980992433 1 76
0.352822402042524 1 76
0.340345872172753 1 76
0.357032984588161 0 76
0.47455481650122 0 76
0.342527010600967 1 76
0.546737982274382 0 76
0.867338375059635 1 76
0.587472007735718 1 76
0.86980929788695 1 76
0.746737816936082 0 76
0.323586316490724 0 76
0.720756623551134 0 76
0.733196358348944 1 76
0.385938362264103 1 76
0.298010956667807 0 76
0.341842665261294 0 76
0.854751442112342 1 76
0.487632352197742 0 76
0.351484902326602 0 76
0.604807771026489 0 76
0.352540462925556 0 76
0.77643824806287 1 76
1.42815984824258 0 76
0.287188544561892 0 76
1.03013258492598 1 76
0.701883611600746 1 76
0.476084897067368 1 76
0.943745461623535 0 76
1.04942106991766 1 76
0.714299525519056 0 76
0.611129778647592 0 76
0.54789598872084 1 76
0.505895740849308 0 76
0.38853314320161 0 76
0.938518794110961 0 76
0.433008001876904 1 76
0.357563145908775 1 76
0.399459569473541 1 76
1.28871657556388 1 76
0.800817905355508 1 76
0.466074289104308 1 76
0.681480935305541 0 76
0.604503287499834 1 76
0.311297090238016 0 76
0.489976042397031 1 76
0.39537027523753 1 76
0.406919707877951 0 76
0.456301976580036 0 76
0.712804559395362 1 76
0.701205829742727 0 76
0.717830292347013 0 76
0.636433381993172 0 76
0.651414388214987 1 76
0.666349790269996 1 76
0.461950981257952 1 76
0.657368364133775 1 76
0.516692303382841 0 76
1.27998440991754 0 76
0.374813360879988 0 76
0.833146473739496 1 76
0.504409495225058 1 76
0.335162424577011 0 76
0.446261057852496 0 76
0.579215416603262 1 76
0.313588933232474 1 76
0.404790947668095 0 76
0.429353505158152 0 76
0.62577736594749 0 76
0.354029229164031 1 76
0.601790959507325 0 76
0.57564480744525 0 76
0.549935291434124 0 76
0.324034676607564 1 76
0.830034202792595 1 76
1.06145358039601 1 76
0.727507539205509 0 76
0.853033098468322 1 76
0.492371872719119 1 76
1.14492310728738 1 76
0.458179411628272 1 76
0.291774151509065 0 76
0.484444372647466 0 76
0.309078846884318 0 76
0.346463409015023 1 76
0.578300108743677 1 76
0.531040459623943 0 76
0.321996029295776 0 76
0.43603485073611 1 76
0.671825030618403 1 76
0.360595449321323 0 76
0.872706107572876 1 76
0.43405908968109 1 76
0.247769604720565 1 77
0.390950783877846 0 77
0.262025792965994 1 77
0.304490228391926 1 77
0.317640911519448 0 77
0.956633281158635 1 77
0.309093975758894 1 77
0.281149838022207 1 77
0.275534130776316 1 77
0.323641229375036 1 77
0.551165899575289 1 77
0.247545737679733 1 77
0.260631427536347 1 77
0.341506112410504 1 77
0.238081870767969 1 77
0.289291281356332 1 77
0.351240230968004 1 77
0.702411293465639 1 77
0.261701942818966 1 77
0.262664125862968 1 77
0.483819329407731 0 77
0.261722955871369 1 77
0.2667349913336 1 77
0.239513457516564 1 77
0.463062523243453 1 77
0.478004937962971 0 77
0.256700623145415 1 77
0.26706724011949 1 77
0.248004967613936 1 77
0.326963976353597 1 77
0.24138082895208 1 77
0.25171438122637 1 77
0.358141815757519 1 77
0.715627241276999 1 77
0.25534408459909 1 77
0.258261231491692 1 77
0.873368057495566 1 77
0.462524687098454 0 77
0.297978549235687 1 77
0.238179622229798 1 77
0.304856669355561 1 77
0.290219912746474 1 77
0.272755253634035 1 77
0.245637857378974 1 77
0.292425632940907 1 77
0.435730054610546 1 77
0.33153642354257 1 77
0.259077488804087 1 77
0.44750394273238 1 77
0.241747942304235 1 77
0.252166608964616 1 77
0.356119971108024 1 77
0.426740680219631 1 77
0.26069502727605 1 77
0.332800901915411 1 77
0.240762520653028 1 77
0.280998504075508 1 77
0.346656946168061 1 77
0.455113871542407 0 77
0.264691083913614 1 77
0.238776280602942 1 77
0.447334944220104 1 77
0.236977526171802 1 77
0.3212581737894 1 77
0.308655544820789 1 77
0.252255900349549 1 77
0.253224252588983 1 77
0.251170014077437 1 77
0.527867218995082 1 77
0.427480446412748 1 77
0.245339797676065 1 77
0.24248855939993 1 77
0.368780558490079 1 77
0.352548128400326 1 77
0.241891136123216 1 77
0.277210016711801 1 77
0.268079977437341 1 77
0.458667819593076 0 77
0.497553432601615 1 77
0.360149894079331 1 77
0.26967827755039 1 77
0.455811118002388 1 77
0.507078863755903 1 77
0.408174347622361 1 77
0.276486068880781 1 77
0.249755527016303 1 77
0.274743839429892 1 77
0.3854133596928 1 77
0.409766059685114 1 77
0.244681809404022 1 77
0.621175310907678 1 77
0.248290070574519 1 77
0.861011153333238 0 77
0.249369019349787 1 77
0.238408495748102 1 77
0.366830432676946 1 77
0.249761396206773 1 77
0.262526520095378 1 77
0.257354213920701 1 77
0.29223787140489 1 77
0.674763652642016 1 78
0.605783619767138 1 78
0.5384348622569 1 78
0.553401679052709 1 78
0.710463294808051 0 78
0.542413614999457 1 78
0.472460379893655 0 78
0.473025562340225 1 78
0.723076104042207 1 78
0.481085446015516 0 78
0.443498420375102 0 78
0.663937013437862 1 78
0.634293001914655 0 78
0.723151438228161 1 78
0.540370223169041 0 78
0.618432506739906 1 78
0.567601930679176 0 78
0.481714063536889 1 78
0.679581077634265 0 78
0.581873182722805 1 78
0.530932276279723 0 78
0.60089810697974 1 78
0.475259017501231 0 78
0.685007647736863 1 78
0.981606610159504 0 78
1.24560775149072 0 78
0.615073340185485 1 78
0.488113285127158 1 78
0.459502678777282 1 78
0.615431968575626 1 78
0.523477524256835 1 78
0.962145614584975 1 78
0.730406454333217 1 78
0.42479374851092 1 78
0.569456391160192 0 78
0.759569564247887 1 78
0.515281979381806 1 78
0.640645485261264 1 78
0.59816914789489 1 78
0.779084821068849 1 78
0.455366414546337 1 78
0.804856334065425 1 78
0.506923652275717 1 78
0.541811565520616 1 78
0.557798583022608 1 78
0.521762865226101 1 78
0.571363426132951 1 78
0.554779450171942 1 78
0.486092260528282 1 78
0.440342724166492 0 78
0.513760149790397 0 78
0.731098405696716 0 78
0.444137466335377 1 78
0.482713619153567 1 78
0.648345881096191 1 78
0.654856290099088 1 78
0.57063186499247 1 78
0.521378974245754 1 78
0.509119298860946 1 78
0.523768109575556 0 78
0.611297905799801 1 78
1.28540422780701 1 78
0.489588043608947 1 78
0.724497561093228 0 78
0.570497616368121 0 78
0.426186133076285 0 78
1.00097748712867 1 78
0.567138445333132 1 78
0.644497097191412 1 78
0.612652566130289 1 78
0.454685271612091 0 78
0.718956898339717 1 78
0.415872761948775 0 78
1.10932133611121 1 78
0.535358266221215 1 78
0.708320159625629 1 78
0.622812693461577 1 78
0.446417266640752 1 78
0.758090144919018 1 78
0.443237516052243 0 78
0.581754825353125 1 78
0.46884625339604 0 78
0.773757437975342 1 78
0.547629576139212 1 78
0.63740502066036 1 78
0.536675231357344 1 78
0.605547042147746 1 78
0.778489059263278 0 78
0.506492293404415 0 78
0.457746584604028 0 78
0.418104666451729 0 78
0.693382712768121 0 78
0.455731925044023 1 78
0.48018531712016 1 78
0.498334965503514 1 78
0.55096567038865 0 78
1.5 1 78
0.791630745103046 1 78
0.520055013354408 0 78
0.520032171592835 1 78
0.482472992800062 0 79
0.750301008275527 1 79
0.637436736043326 1 79
0.410306561689787 1 79
0.554810074142455 1 79
0.381141866448108 1 79
0.918292166227558 1 79
0.424494367524471 1 79
0.449513140677239 1 79
0.957684028396118 1 79
0.447284182810833 1 79
0.533324184062618 0 79
0.560930819747653 1 79
1.10504369195459 1 79
0.639054998936706 0 79
0.423888774090028 0 79
0.618100959505765 1 79
0.484246821968277 1 79
0.818854474450197 0 79
0.514463035195746 0 79
0.470042979656997 0 79
0.63159462985991 1 79
0.705382939446 0 79
0.411426821658095 1 79
0.4485084523782 0 79
0.513613977766626 1 79
0.579203723572555 1 79
0.423377762584983 0 79
0.773749306273136 0 79
0.610948779060511 1 79
0.633396510352164 1 79
0.422732471873704 1 79
0.440161677032218 0 79
0.563000144889163 1 79
0.420186662334977 1 79
1.42561056853625 1 79
0.407378322264463 1 79
0.903299403660702 1 79
0.553875787146006 1 79
0.505002071351597 1 79
0.452899662541211 1 79
0.749964993604314 1 79
0.517419203684784 0 79
0.942044990133453 1 79
0.577989293987738 1 79
0.654369959423138 1 79
0.478601693133113 1 79
1.00656196965633 1 79
0.514952694420547 0 79
0.393683153910967 1 79
1.21005386744815 1 79
0.407702525329434 1 79
0.362031570899904 0 79
0.477369010943375 0 79
0.489653775856839 1 79
0.544472862549294 1 79
0.559972625897757 0 79
0.459269387948602 1 79
0.60880272617436 1 79
0.717876269555717 1 79
0.518202224264126 1 79
0.548532324306414 0 79
0.777186792272209 0 79
0.518986517502567 1 79
0.516188682392288 0 79
0.389106618197403 0 79
0.396105274780001 1 79
0.463946229969275 1 79
1.26537373809003 1 79
0.529460581468174 0 79
0.478352138098202 1 79
0.562369533620148 0 79
0.865247130459651 1 79
0.579770298617516 1 79
0.523390560415435 1 79
0.383066690065485 1 79
0.823368037196703 1 79
0.724233438121029 1 79
1.62348955120919 0 79
0.673173393776455 1 79
0.586169929931592 1 79
0.477299779241367 1 79
0.67123865218482 0 79
0.556092954558609 1 79
1.04325748802517 0 79
0.393393150922439 0 79
0.420213188265858 0 79
0.558379067122586 1 79
0.544746289025542 1 79
0.388885913354111 1 79
0.50999284784424 1 79
0.584016697486025 1 79
0.398734386941487 1 79
0.434835372443988 1 79
1.24310341997636 1 79
0.367692131297665 0 79
0.975295287995741 1 79
0.464607888489803 0 79
0.687081988724077 1 79
0.719636066793895 1 79
0.566408378541379 1 80
0.675983711488507 0 80
0.432393958646385 0 80
0.581548027870702 0 80
0.543147829376446 1 80
0.486435146387395 1 80
0.802416913000875 1 80
2.10243885910834 1 80
0.606388692987987 1 80
0.637455242667478 0 80
0.444248496605183 1 80
0.651653629734777 1 80
0.890286454436103 1 80
1.42264094236611 1 80
0.834943598184284 1 80
0.456114417430597 1 80
0.530839051214135 1 80
0.525338666276501 1 80
1.86645041927447 1 80
0.720213958330028 0 80
0.398235159470289 1 80
0.421444251281882 1 80
0.571547414005213 0 80
0.737583215675203 0 80
1.1342465108196 1 80
0.535184351036351 1 80
0.873586708007896 1 80
0.53725480451749 0 80
0.486534903943765 1 80
1.08745739820254 0 80
0.986476043238075 1 80
1.22106335003548 1 80
1.02071733383539 0 80
0.887617530183563 1 80
1.15304721353002 1 80
0.768979579448382 1 80
0.587859538629634 1 80
0.416806375808174 1 80
1.17628218193366 1 80
0.628027704246654 1 80
0.469524685629414 1 80
0.725364092741173 0 80
0.415883576000431 1 80
0.420281158999786 0 80
0.822841836465445 0 80
0.957178808802854 1 80
0.622487077938039 1 80
1.64405811540676 1 80
1.55524801309879 1 80
0.43934288742153 1 80
2.5058131865543 1 80
0.765915211956756 1 80
0.502872865301282 1 80
0.438461628104289 0 80
1.03621110241844 1 80
0.609768838126415 1 80
0.437142314457169 1 80
0.644329097488837 1 80
1.86691884129844 1 80
1.31614682822537 1 80
1.13761883906532 1 80
1.14552845481651 1 80
0.551874469299031 1 80
0.45130390359982 1 80
1.15838332202354 1 80
0.597467327386392 1 80
1.3329114865186 0 80
0.500758403607593 0 80
1.71239165851783 1 80
0.474506683294372 1 80
0.547119208069222 1 80
0.684670468811443 1 80
0.801337228988848 0 80
1.45612414674989 1 80
1.06331441183493 1 80
0.443505737785681 1 80
0.609281278151611 1 80
0.572836004937896 1 80
0.89140460624695 1 80
0.652842651753353 1 80
1.14964372710896 1 80
0.539205779730523 1 80
0.827375769266057 1 80
0.58866013918581 1 80
0.856504896398083 1 80
0.452163683505072 0 80
0.480596113482873 0 80
0.977155341178394 1 80
0.979223167234363 0 80
0.639840788718308 1 80
0.881623609441516 1 80
1.10411103148302 0 80
1.48895323364726 1 80
0.756524518924131 1 80
0.944123191283522 0 80
0.439381538227651 0 80
0.640336265267122 1 80
0.59890983675047 1 80
1.2972254678676 0 80
1.64409927755487 0 80
0.449061879784061 1 81
0.460311434565187 1 81
0.493794711980488 0 81
0.462821977515214 1 81
0.934874025797024 1 81
0.548821980976771 0 81
0.550124181516416 1 81
0.538982234352374 0 81
0.543640559889502 0 81
0.56811884906895 1 81
0.465892467357229 0 81
0.503230980460221 0 81
0.508247157483703 1 81
0.452987582018393 1 81
0.504207172655582 0 81
0.466555266544928 1 81
0.490856426366849 0 81
0.571140150484192 1 81
0.476120952530821 1 81
0.53436754573595 1 81
1.00705168056945 0 81
0.446499531187573 1 81
0.500845728072785 1 81
0.583991147664626 1 81
0.482839581274999 0 81
0.483437300722154 0 81
0.597147866496726 1 81
0.492686100145229 0 81
0.471922817093102 0 81
0.491364548895874 0 81
0.534358156329523 0 81
0.476049300219305 0 81
0.488682557827501 1 81
0.487169897235802 0 81
0.54185184289327 0 81
0.509433730016838 1 81
0.517904571260665 0 81
0.562644007953961 0 81
0.538376365946085 1 81
0.645146520501827 1 81
0.723675034659039 1 81
0.47160227078832 1 81
0.516271392162601 1 81
0.618370878226913 1 81
0.619034227939512 1 81
0.619029042164745 1 81
0.480483875761153 1 81
0.498333900521354 0 81
0.553942689827732 0 81
0.560413433176099 0 81
0.483356762391021 0 81
0.453638231807733 1 81
0.7175123053358 0 81
0.463977891412643 1 81
0.44728959603066 1 81
0.527685691994827 1 81
0.525029330787922 1 81
0.485855874156438 1 81
0.538243294448103 0 81
0.498063085244528 1 81
0.469424870506255 0 81
0.647100891842366 0 81
0.577446094485873 1 81
0.549764731458711 1 81
0.473130480741145 0 81
0.562482783973732 1 81
0.525973501473145 1 81
0.545684458404353 1 81
0.770081219123409 1 81
0.464949861399283 1 81
0.864879441532752 1 81
0.470761654733051 1 81
0.474068729633764 1 81
0.458464515241669 1 81
0.48258455466587 1 81
0.557196242675115 1 81
0.622525411870134 1 81
0.536027234375412 0 81
0.518985042944291 1 81
0.504626770106643 1 81
0.481421674333379 0 81
0.541292309264855 1 81
0.459466971599348 0 81
0.64404620732102 0 81
0.497853445547069 0 81
0.455137551445392 1 81
0.462701521209672 1 81
0.546540377313322 1 81
0.469087981234269 0 81
0.493319434107568 1 81
0.513334711235492 1 81
0.464525777740286 1 81
0.459789832082003 1 81
0.539536763384324 0 81
0.535940554128402 0 81
0.493902120544295 1 81
0.500634248082099 1 81
0.50652887909632 0 81
0.564515607583002 0 81
0.677706873746454 1 81
0.212347082209758 1 82
0.217178605180861 0 82
0.217638617419954 1 82
0.264805640289936 1 82
0.244756480658551 0 82
0.250852091054807 0 82
0.34418320780999 1 82
0.226006558853499 0 82
0.211211801889709 0 82
0.243258916669599 1 82
0.290309475418752 0 82
0.255572921045276 1 82
0.41269610325609 0 82
0.237560981418829 1 82
0.227986447351339 1 82
0.301777405016584 1 82
0.215569278599101 1 82
0.436027044220735 1 82
0.275372366337865 0 82
0.239014416893013 1 82
0.298507223943188 0 82
0.219303198688032 1 82
0.258514992979995 1 82
0.269889446377103 1 82
0.282280672764803 1 82
0.208207055123651 1 82
0.372798843910677 1 82
0.221261711792644 1 82
0.303887449349536 1 82
0.215150304923059 1 82
0.21949559093634 1 82
0.256193891064938 1 82
0.213919393498628 0 82
0.278077895780462 1 82
0.316968409386182 0 82
0.239207641888208 1 82
0.274539233702774 1 82
0.319180543753621 1 82
0.276089410087363 1 82
0.258644364126933 1 82
0.238301915139666 1 82
0.285100215595463 0 82
0.286249859493469 1 82
0.226584151455471 0 82
0.251227702907629 1 82
0.257663222424128 0 82
0.28062051046498 1 82
0.214792692151162 0 82
0.217680253090587 1 82
0.343563298349356 1 82
0.241945736996144 0 82
0.220687938917916 1 82
0.212285210911259 1 82
0.340603477050564 1 82
0.230401797020794 1 82
0.25087916668465 0 82
0.252366793648503 0 82
0.242332147699753 0 82
0.294973647966515 1 82
0.281990017951928 0 82
0.21457012999755 0 82
0.214203041046822 1 82
0.321822846697852 0 82
0.240192723963233 0 82
0.338212970686291 0 82
0.358392727340058 1 82
0.272933531562677 0 82
0.243841145927677 1 82
0.339793914598396 1 82
0.220418818183744 1 82
0.23623200102942 1 82
0.28672930769075 1 82
0.239270452955667 1 82
0.222319080003909 1 82
0.337623001752466 1 82
0.22742751480173 1 82
0.240523521112326 1 82
0.328423814639418 0 82
0.3053628202856 1 82
0.421537268251581 1 82
0.227202441085093 1 82
0.206785528543429 1 82
0.383328444890259 0 82
0.360028330797586 0 82
0.329328613330745 1 82
0.289900532706158 0 82
0.29596851132719 1 82
0.305524506732349 0 82
0.272158031778792 1 82
0.213151564730658 1 82
0.241263600873692 1 82
0.418983416316649 1 82
0.203316944873341 1 82
0.224281606401092 1 82
0.218101189960563 0 82
0.250620561807543 0 82
0.225795269597903 1 82
0.245302129576578 1 82
0.213990482107489 1 82
0.392453113193482 1 82
0.331435100129949 0 83
0.339972326848139 0 83
0.419095689313807 1 83
0.420969469574405 1 83
0.379764954091032 1 83
0.683592232152827 1 83
0.42870271818441 0 83
0.324977858686516 0 83
0.464248844768867 1 83
0.358759667211136 1 83
0.433712661526256 1 83
0.342016838615368 0 83
0.328969567304773 0 83
0.402113064114771 0 83
0.441888641583115 1 83
0.407399194643326 0 83
0.411460454435853 1 83
0.401514315177248 0 83
0.538559785700149 0 83
0.342114092814001 1 83
0.337660253354723 1 83
0.334941989478302 1 83
0.333148285480347 0 83
0.333130110141902 1 83
0.404968031847472 0 83
0.488110584394192 1 83
0.343641927694058 1 83
0.386307400522958 1 83
0.438327475856723 0 83
0.489047285632226 0 83
0.427093689225371 1 83
0.381347891048448 0 83
0.521003015504218 0 83
0.429548870361083 1 83
0.38245977278578 0 83
0.357227598251309 1 83
0.376872788847818 0 83
0.443544508196305 1 83
0.431007314279505 0 83
0.371922012814196 1 83
0.333448326423042 1 83
0.329991908086967 1 83
0.352415952874056 0 83
0.417292671075387 1 83
0.352724574005341 1 83
0.420567334423805 1 83
0.61100792854318 1 83
0.425300255254196 0 83
0.370304536573985 0 83
0.394989174229695 0 83
0.345749488516381 1 83
0.388430109338324 0 83
0.523870486516107 1 83
0.346187951644944 1 83
0.348508440204398 0 83
0.4292268532722 1 83
0.373390324830862 1 83
0.349091331063786 0 83
0.434885314171039 1 83
0.429153814153269 0 83
0.58756457435061 1 83
0.327672668572951 0 83
0.356983563356947 0 83
0.341116636569766 0 83
0.386423313306193 1 83
0.333208683245651 0 83
0.334230171063656 0 83
0.411378403689233 1 83
0.339746616116262 1 83
0.343830926979427 0 83
0.348603073866716 1 83
0.35559136423531 0 83
0.324188695311734 0 83
0.368628429255223 0 83
0.465426652716852 1 83
0.356402625103186 0 83
0.426572257559594 0 83
0.431614830766211 1 83
0.353993659892862 0 83
0.541606400842166 1 83
0.324885356054476 0 83
0.331924306909306 0 83
0.349735476074159 1 83
0.320848423791824 1 83
0.33273743430146 0 83
0.370471330086376 1 83
0.417145063078924 1 83
0.406664374210423 0 83
0.354561039659247 1 83
0.394372406149115 0 83
0.425285718005141 0 83
0.322626438318996 1 83
0.333889634976827 0 83
0.404740179238572 0 83
0.426823029149583 1 83
0.336309272074074 1 83
0.336226129647204 1 83
0.411677699351205 1 83
0.410374041999958 1 83
0.400757403556044 0 83
0.385777915466332 1 84
0.372884413773667 0 84
0.356540955353314 1 84
0.383761386970046 1 84
0.392291551137688 1 84
0.408522291494 1 84
0.435879377990742 1 84
0.511303429288557 0 84
0.494210874055329 1 84
0.474804473945058 1 84
0.651511589316563 0 84
0.361842287107929 1 84
0.429029042882305 1 84
0.520368494181893 0 84
0.414876409350507 1 84
0.40201682475718 0 84
0.391551765952926 1 84
0.353519607317784 0 84
0.6138675704585 1 84
0.571323373455199 1 84
0.424573342334873 0 84
0.609671688991176 1 84
0.379867435851102 0 84
0.429944566020054 1 84
0.367137419552685 0 84
0.355709109588397 0 84
0.421177561482602 1 84
0.455021445651378 1 84
0.407382074408344 0 84
0.398185322429688 1 84
0.450015515092855 1 84
0.377684866291172 1 84
0.385000954038135 1 84
0.579980819023787 1 84
0.453651065865419 1 84
0.380661016096198 1 84
0.43112952234912 1 84
0.412700763324668 1 84
0.420444630852542 0 84
0.446308374612704 0 84
0.479201233359091 0 84
0.413876032822787 1 84
0.528425954795667 0 84
0.340372848176654 1 84
0.424562191838588 1 84
0.479770241715826 1 84
0.410542988483851 1 84
0.476386674878398 0 84
0.334859169388212 0 84
0.366937020259698 0 84
0.785380103869702 0 84
0.574536497206528 0 84
0.374000671347572 1 84
0.473069545917185 0 84
0.341101104916475 0 84
0.430519513208442 1 84
0.515741519147498 0 84
0.524105492463084 0 84
0.379801606922259 0 84
0.539817135324823 1 84
0.388331930764292 1 84
0.343949836604172 0 84
0.399172593058272 1 84
0.405996087589069 0 84
0.361079539864048 1 84
0.341694344253176 0 84
0.36711246414773 1 84
0.375544734079219 1 84
0.427799725180327 1 84
0.370461896989405 0 84
0.368885875653993 1 84
0.36956043552463 0 84
0.417532409409911 0 84
0.473077231304394 0 84
0.537036521334714 1 84
0.354278497925597 1 84
0.360937471647436 1 84
0.369196074236365 1 84
0.360148303866327 0 84
0.411594194937122 1 84
0.362231062785799 1 84
0.440527477701292 1 84
0.370552945616841 1 84
0.716172313965847 0 84
0.564690531494965 1 84
0.35530710323491 0 84
0.439211518511816 1 84
0.474500309157213 1 84
0.431046356936342 1 84
0.465531357929463 0 84
0.359068850734279 0 84
0.448090910510751 1 84
0.422360802287267 1 84
0.425165139402805 0 84
0.499122832420291 1 84
0.662107764696554 1 84
0.780835939977315 1 84
0.594231873648844 1 84
0.353098372906527 1 84
0.51205243444588 0 84
0.508750347911412 0 85
0.678731262648059 1 85
0.698858437256187 1 85
0.65018641132538 1 85
0.453401632119717 0 85
0.47090163211137 0 85
0.465701111478875 1 85
0.458843405749825 0 85
0.466646155140431 0 85
0.485225966867434 0 85
0.872832374303984 1 85
0.560435700157356 1 85
0.441295611430671 0 85
0.589974956983194 1 85
0.539151683688024 1 85
0.528504287267938 0 85
0.816086368528881 0 85
0.509885690781809 0 85
0.449023316502373 0 85
0.600242088077482 1 85
0.739755166280083 1 85
0.71360813975317 0 85
0.431499001130237 0 85
0.46703408923239 0 85
0.725227279685334 0 85
0.889675668746529 0 85
0.479633999173416 0 85
0.536640842584612 1 85
0.743191660930776 0 85
0.457945816066602 0 85
0.458594648323121 0 85
0.878110087805741 1 85
0.689180622042441 1 85
0.657899915056288 0 85
0.490016466186152 0 85
0.480659165046401 0 85
0.560232038579763 0 85
0.441076863443612 0 85
0.866061102135791 0 85
0.440803389634169 0 85
0.441298425584001 0 85
0.546871396621189 0 85
0.474712227292434 0 85
0.478439187032529 0 85
0.55742654450398 1 85
0.594770474421668 0 85
0.436741285266642 0 85
0.619325434618393 0 85
0.496653154885289 0 85
0.517331230872075 0 85
0.447519832400766 0 85
0.632062183728503 0 85
0.50707865000247 0 85
0.843864424348612 0 85
0.718901082270234 1 85
0.562803320469174 0 85
0.443199245769057 0 85
0.478773504963113 0 85
0.677286722461606 1 85
0.643574371836543 0 85
0.456596396559177 0 85
0.61083103825424 1 85
0.504469725157739 0 85
0.570005381689444 1 85
0.514556046725338 1 85
0.436023808582802 0 85
0.761861390802726 0 85
0.42674117887098 0 85
0.578726663351214 0 85
0.744083938435893 1 85
1.24333265752974 1 85
0.442522584206721 0 85
0.733294115746798 1 85
0.434509621679415 0 85
0.556020565877821 1 85
0.655739727669497 0 85
0.630891247034281 1 85
0.424649882644572 0 85
0.541243028040927 0 85
0.693837782959194 1 85
0.660527161775415 0 85
0.627984747247169 1 85
0.443737584081775 0 85
0.47072324887057 0 85
0.431377780924887 0 85
0.447687081935727 0 85
1.03042673041207 1 85
0.463278906298267 0 85
0.741438480475515 1 85
0.56143577377081 0 85
0.459576619068663 0 85
0.594735504551369 0 85
0.486886460727419 0 85
0.75466822341838 0 85
0.728206711662081 1 85
0.530837151666691 0 85
0.45325361141423 0 85
0.581394843227585 1 85
0.712328551600327 1 85
0.517021313738145 1 85
0.316751884553842 1 86
0.235054648785415 0 86
0.462636609547163 0 86
0.29247692746996 1 86
0.264976823313349 0 86
0.424808955488458 0 86
0.607093090096006 1 86
0.407592667127703 0 86
0.530780802765274 1 86
0.436983296566686 0 86
0.317597287749919 1 86
0.235701335103185 0 86
0.438568748133999 1 86
0.337607805076828 1 86
0.572730231097302 1 86
0.351675746275413 1 86
0.301988316103491 0 86
0.497022427684324 1 86
1.18934526496698 1 86
0.382217488035552 1 86
0.372126390224156 1 86
0.477763442970262 1 86
0.232846861677685 0 86
0.231186932174176 0 86
0.325777502235432 1 86
0.416829511559479 0 86
0.271160920946715 0 86
0.465395843693386 1 86
0.249534779802006 0 86
0.232043920611857 0 86
0.257961051775517 0 86
0.357538422435101 1 86
0.258899784748406 1 86
0.295933130703741 0 86
0.242685002281691 0 86
0.346479843634022 1 86
0.425626020674716 1 86
0.469038789474519 1 86
0.326763917741233 0 86
0.245613324991907 0 86
0.304563582743174 0 86
0.322286756450387 0 86
0.236439365233559 0 86
0.258765125981245 0 86
0.249240724084512 0 86
0.24056376656891 0 86
0.318537652948216 0 86
0.341588174032004 0 86
0.358947757306703 0 86
0.344726370397982 1 86
0.35075884396509 1 86
0.538380952254834 1 86
0.282698183353577 0 86
0.324724517730257 1 86
0.32888137028767 1 86
0.293059956342292 0 86
0.389883026042571 1 86
0.514079350664189 1 86
0.458032865667291 1 86
0.302674386079566 0 86
0.290438496337733 0 86
0.26029812919616 0 86
1.08272365073597 1 86
0.436215696096373 1 86
0.791546495378545 1 86
0.23203069343119 0 86
0.285563172519172 0 86
0.253316838139779 0 86
0.238311646018325 0 86
0.344168068214159 0 86
0.275708111338697 1 86
0.409345592277585 1 86
0.414332527894606 1 86
0.587665795694777 1 86
0.46527368088327 0 86
0.280717100603609 0 86
0.262781070753328 0 86
0.265508101458253 0 86
0.61007685505824 1 86
0.3888618886996 1 86
1.03869327864723 1 86
0.23945221193874 0 86
0.77227372629516 1 86
0.431982597683753 1 86
0.291320590742909 1 86
0.244104694203943 0 86
0.392680679045689 1 86
0.818493180856491 1 86
0.356642768072568 0 86
0.495987495019045 0 86
0.283825602653578 0 86
0.300929179481564 0 86
0.243698699265597 0 86
0.24477832205392 0 86
0.394398332551877 0 86
0.337015477587903 1 86
0.600599115387445 1 86
0.416353940409421 0 86
0.454295008788305 0 86
0.257156849293963 0 86
0.435462294769813 0 87
0.430746500579432 1 87
0.61271616173512 1 87
0.557883118946486 1 87
0.603778307148721 1 87
0.499788075977364 1 87
0.483519671939301 0 87
0.421747310429565 1 87
0.429656702516322 0 87
0.572520307458556 0 87
0.515772882439001 1 87
0.458253123756169 1 87
0.484108933880056 0 87
0.520591563589763 1 87
0.525314114321129 0 87
0.494238528137014 0 87
0.480851618977896 1 87
0.707311422232734 0 87
0.438726449233338 0 87
0.580271431134951 0 87
0.464396619962688 1 87
0.505374747093332 1 87
0.45978639979163 1 87
0.515665869214015 0 87
0.465692695852092 0 87
0.518341751509645 1 87
0.418814928561059 0 87
0.454270191019278 1 87
0.530708142622947 0 87
0.577818892731845 1 87
0.488746672771431 1 87
0.558390618967862 1 87
0.434267257597534 0 87
0.644930866204758 0 87
0.48602373628521 1 87
0.570069659957823 0 87
0.554037635686363 1 87
0.425739224405165 1 87
0.568727622687369 0 87
0.457425719363854 0 87
0.449478095128664 0 87
0.569014152853331 0 87
0.568874175431285 1 87
0.414849929744983 0 87
0.742437698287397 1 87
0.417532726853427 0 87
0.495275450696303 0 87
0.485212288688959 0 87
0.422787351299147 1 87
0.466567890606835 1 87
0.576475786446558 0 87
0.476352157833149 1 87
0.434974148072305 1 87
0.636659976522 1 87
0.429756027507077 0 87
0.458813811064761 1 87
0.516171832379003 0 87
0.444298006973211 0 87
0.588869248429284 1 87
0.451687427867052 1 87
0.445977576739648 1 87
0.577123101905095 1 87
0.428554617160908 0 87
0.56982474022165 1 87
0.451995965022297 1 87
0.435229272370293 1 87
0.5036667435708 0 87
0.579245412579383 1 87
0.545965443906009 1 87
0.446812240098566 0 87
0.438477780533288 1 87
0.453455499685139 0 87
0.423621438080236 1 87
0.638070899776382 1 87
0.502991428903248 1 87
0.615867464689287 1 87
0.493029819263562 0 87
0.564421652739222 1 87
0.463991782332379 1 87
0.425412634115586 1 87
0.47024874681265 0 87
0.47006413746029 1 87
0.548033936097501 1 87
0.42102640845501 1 87
0.467366165449142 1 87
0.657033486389624 1 87
0.42931323356208 1 87
0.47239518510319 1 87
0.505129459582932 0 87
0.561525828394291 1 87
0.4433132524715 1 87
0.474782895918764 1 87
0.426742722568854 0 87
0.493932861551181 0 87
0.545396230389075 0 87
0.433251096980712 0 87
0.695348097238056 0 87
0.446396693159155 0 87
0.423758426304912 1 87
0.455478077479424 1 87
0.40431548774894 0 88
0.357037174255298 0 88
0.388852482384278 0 88
0.36749711872499 1 88
0.341126307442853 0 88
0.3259044461092 1 88
0.497360246283412 0 88
0.472494556024804 1 88
0.407350331354229 1 88
0.273405590689795 0 88
0.431471778408991 1 88
0.292884437731633 1 88
0.273188012942226 1 88
0.339483739699899 0 88
0.283623668139651 0 88
0.349014182289467 1 88
0.317320101095859 1 88
0.292214974589713 1 88
0.370606187853457 0 88
0.275179387308611 0 88
0.274582507099771 0 88
0.406439152442053 1 88
0.362562003509839 0 88
0.359876169646909 1 88
0.33388912739251 1 88
0.325924629641726 0 88
0.346751814655895 0 88
0.294916613082906 1 88
0.509225040727989 1 88
0.404565698783916 1 88
0.513912752283366 1 88
0.41377247042682 0 88
0.287468599381855 1 88
0.290574257869163 1 88
0.371454471829484 0 88
0.272624847774299 0 88
0.314795856270188 1 88
0.470002062662527 0 88
0.283615236480815 1 88
0.280507687021095 1 88
0.445284995954669 0 88
0.33419381319331 1 88
0.335971325493503 0 88
0.265506887070727 0 88
0.323786558187061 1 88
0.444789649277528 1 88
0.25695388330159 0 88
0.368278957883713 0 88
0.306897156889224 0 88
0.348528247649158 0 88
0.392063800366064 1 88
0.388208136125072 1 88
0.281878255312691 1 88
0.299684583698515 0 88
0.474083983870673 0 88
0.430677496137644 0 88
0.281225541041475 0 88
0.276261229148767 0 88
0.345148653616856 0 88
0.314105143497991 0 88
0.429596959756328 1 88
0.340212177848603 1 88
0.34133232586407 1 88
0.273347326181202 1 88
0.439475693002266 1 88
0.329248010803859 1 88
0.485362011460964 1 88
0.299768477498381 1 88
0.300743162700388 0 88
0.272025095734102 0 88
0.467524716479561 1 88
0.295029108086522 1 88
0.279696985009905 0 88
0.407426598173417 0 88
0.389272370855052 0 88
0.273237757849112 0 88
0.338110789290645 1 88
0.284868138912166 0 88
0.364877514920796 1 88
0.287729413801826 1 88
0.432822553850747 0 88
0.335899305261075 0 88
0.395660147517455 1 88
0.293870117348856 0 88
0.414434509482653 0 88
0.619792156652541 0 88
0.28413432614238 1 88
0.331209361111064 1 88
0.377178848496744 1 88
0.359880572479504 1 88
0.378728859954684 1 88
0.367927240136408 0 88
0.445650645360973 1 88
0.361982284765794 0 88
0.309834924817891 0 88
0.283582232629265 1 88
0.366288453503557 1 88
0.310445797713589 0 88
0.348224086143094 0 88
0.266094543825879 1 88
0.744594299712642 1 89
0.720364422349987 1 89
0.819160206155009 1 89
0.521114694784579 0 89
0.52160241552476 0 89
0.675175509101104 1 89
0.925691310441022 0 89
1.30135893851246 0 89
0.792649818857858 1 89
0.790553011090253 1 89
1.02197123377791 1 89
0.608362441020139 0 89
0.664166254605519 1 89
0.780917444302925 1 89
0.890721147170917 1 89
0.602708079241189 0 89
1.39469680264602 0 89
0.822897263622563 1 89
0.510067221155582 0 89
0.613148148624221 1 89
0.538329471722895 0 89
0.72767001179532 1 89
1.46794721420535 0 89
0.578742117341603 1 89
1.249347027796 1 89
0.835761932299435 1 89
0.642670480566802 0 89
0.585000850599586 0 89
0.599868802192766 0 89
0.814771160810525 1 89
0.915848290295536 0 89
0.598710762150678 1 89
0.578478468771002 0 89
0.981068128476987 1 89
0.642099253472044 1 89
0.550622694218885 0 89
0.707644673969347 1 89
0.777806851333074 1 89
1.4540747358719 1 89
1.70475202241422 1 89
0.645063427541888 0 89
0.943258394998994 0 89
0.962541497720924 1 89
0.705925207604452 0 89
1.22061193613288 0 89
0.831570287969347 1 89
0.644757714312992 0 89
0.858410888972671 0 89
1.0249594511426 1 89
0.570399144912158 1 89
1.33318476215209 1 89
0.806146974503345 1 89
0.617229178405796 0 89
0.650300019876635 0 89
1.24462648547231 1 89
0.803735354803608 1 89
0.79838528995819 1 89
0.963982039332799 0 89
0.679804419439068 1 89
0.562358218595499 0 89
0.594067957881556 0 89
0.796763922903033 1 89
0.69583903283247 1 89
0.674034413725333 1 89
1.35969937441154 0 89
0.565748958687463 0 89
0.941361853138013 1 89
0.523496795545739 0 89
1.53272374767314 0 89
0.607916482554725 0 89
0.646241403005124 0 89
0.671032765447749 0 89
0.650753598678522 1 89
0.608504371700037 0 89
0.696616115941098 1 89
0.862606964901973 0 89
0.542430241530621 0 89
0.653665041484378 0 89
0.849039146867174 0 89
0.778821404387999 0 89
0.555417706160601 0 89
0.552254672005301 0 89
0.646071818047023 0 89
0.626747023381428 1 89
0.628817199964769 0 89
0.707669999875157 1 89
0.513654637051578 0 89
0.602251314245213 1 89
1.1036407931287 1 89
0.570418939065151 1 89
1.492566197386 0 89
1.37584457990395 1 89
0.584683179657877 0 89
0.705125962339308 0 89
0.689933503795579 1 89
0.579605537443 1 89
0.679834678116858 1 89
0.90162763559411 1 89
1.05219782956734 0 89
0.513934525739643 0 89
0.484027028678351 0 90
0.517914424515044 0 90
0.413710105286989 0 90
0.41191102799454 0 90
0.432520115956588 0 90
0.440626246264539 0 90
0.523058916570447 1 90
0.543530606298238 1 90
0.556108775061257 0 90
0.476235591892643 0 90
0.74082884240848 1 90
0.590791064723324 1 90
0.464561868870802 0 90
0.821970643968916 0 90
0.608519594609786 1 90
0.676802951360294 1 90
0.426008045179224 1 90
0.38898651991611 0 90
0.562050205689673 1 90
0.668987885923527 0 90
0.545900447145467 1 90
0.481719999764953 0 90
0.58107915626291 0 90
0.434474467686804 0 90
0.770575778810288 1 90
0.406188298857806 0 90
0.705776146238743 0 90
0.528067978569214 0 90
0.529306564219709 0 90
0.4105658248334 0 90
0.700502250327766 0 90
0.681996513149309 1 90
0.676109023311622 0 90
0.681782118838928 0 90
0.530782344931587 1 90
0.402127350757145 0 90
0.500981913356144 1 90
0.573825114956163 1 90
0.425341404500983 1 90
0.47537906693113 0 90
0.451317802759534 1 90
0.815483312778827 0 90
0.402920663326445 0 90
0.468168351821755 1 90
0.538951225349447 1 90
0.442349879341992 0 90
0.444461746937016 1 90
0.405275952787174 0 90
0.548424657767076 1 90
0.510985954837952 1 90
0.489621705872532 1 90
0.500188877616449 1 90
0.736308787431117 1 90
0.641772338459229 1 90
0.610589167521912 1 90
0.441288912419692 1 90
0.400235083460574 0 90
0.940286979698997 0 90
0.64473084464323 1 90
0.569358546465037 0 90
0.449088190737109 1 90
0.407335180753556 0 90
0.489193589386562 1 90
0.425297421547026 1 90
0.48416208349462 0 90
0.527114687657779 1 90
0.388495254758146 0 90
0.468309971011412 1 90
0.434244273894294 0 90
0.771234919502877 0 90
0.386053341625659 0 90
0.42299965750639 1 90
0.552793503877674 1 90
0.669421708652694 1 90
0.428945199657882 0 90
0.438725916273017 0 90
0.521468034047217 1 90
0.41354201205385 0 90
0.511251488925329 1 90
0.426451873661552 0 90
0.512021565070676 0 90
0.424507899606329 0 90
0.414529816077529 0 90
0.481460830401398 1 90
0.615726614157607 0 90
0.652059750132666 1 90
0.575468167976394 1 90
0.439265041126301 0 90
0.458854126342385 0 90
0.476110832678725 0 90
0.567495336827162 1 90
0.812587646833042 1 90
0.872881855402158 0 90
0.448208067700936 0 90
0.510423329966402 0 90
0.42625421773979 0 90
0.434335413645897 0 90
0.499381261100215 1 90
0.436831580386099 1 90
0.479575327915461 0 90
0.3032562281045 1 91
0.347772022620737 1 91
0.379461644220744 1 91
0.416452936257488 1 91
0.561252993404993 0 91
0.317577015027539 1 91
0.353478462362873 0 91
0.352940959572314 1 91
0.320220315784215 1 91
0.378937396141299 1 91
0.310453952169766 1 91
0.301678628264552 1 91
0.303209162743163 1 91
0.33774224492004 1 91
0.290843686991175 1 91
0.296751421502639 1 91
0.403399964389596 0 91
0.334380146574377 0 91
0.361041092549014 1 91
0.289476327752991 1 91
0.291514573949162 1 91
0.650174231366817 0 91
0.696196403133585 1 91
0.317603390034737 1 91
0.496707620877987 1 91
0.360271773619331 1 91
0.403244861844559 0 91
0.437700475093327 1 91
0.435456778942606 0 91
0.325291524858042 1 91
0.471814100730892 1 91
0.470911483250315 1 91
0.296920928856186 1 91
0.329162457006794 1 91
0.445238250836089 1 91
0.31996263640474 1 91
0.368348175117938 1 91
0.671816484646109 0 91
0.31966982896557 1 91
0.351052992122648 1 91
0.293788746975439 1 91
0.311570949180091 1 91
0.339234870106883 1 91
0.498070191729118 0 91
0.534483358809612 0 91
0.456293139020308 0 91
0.355465075237258 1 91
0.407564004296403 0 91
0.412394813957744 0 91
0.433557386377003 1 91
0.286194102619695 1 91
0.419152878103048 0 91
0.299886198191002 1 91
0.332722881920087 0 91
0.303483824800089 1 91
0.457331703169268 0 91
0.330727733550781 1 91
0.402808196116339 1 91
0.325383143794841 1 91
0.315976356294195 1 91
0.288488771299316 1 91
0.716275328287377 1 91
0.51129037080777 0 91
0.320900587320995 1 91
0.294316013745087 1 91
0.361299558158381 1 91
0.336386963048468 1 91
0.531412198617012 0 91
0.343127979299346 1 91
0.29764740567584 1 91
0.33506514984827 1 91
0.331303629420972 0 91
0.367243057298384 1 91
0.298972337666815 1 91
0.484010254632344 0 91
0.312772531644697 1 91
0.491964609576856 1 91
0.389913460623092 1 91
0.307798277407807 1 91
0.392533321185558 0 91
0.406209532460963 0 91
0.313816573167111 1 91
0.289565655047201 1 91
0.395718016149553 0 91
0.347819042346742 0 91
0.392624697278436 1 91
0.293811762993847 1 91
0.307802981434434 1 91
0.347530510201277 0 91
0.35827911545426 1 91
0.28903943368972 1 91
0.455429338891212 0 91
0.352442538242604 1 91
0.391883455560119 1 91
0.421022105765872 0 91
0.349854260134017 1 91
0.392180370985151 0 91
0.412356657444839 0 91
0.378053679567781 1 91
0.451945316504051 1 91
0.467681168795672 1 92
0.485794093755198 0 92
0.337167993942745 0 92
0.47567959558983 0 92
0.553130856032143 1 92
0.327309536654396 0 92
0.277358645407287 1 92
0.486537048563653 1 92
0.291831064023463 1 92
0.751642597590909 0 92
0.812300776057569 1 92
0.334972421446636 1 92
0.742474715163978 1 92
0.635478709471572 1 92
0.364656516203463 1 92
0.295837017000967 1 92
0.930171559772754 1 92
0.38553439250428 1 92
0.363925987222628 1 92
0.284092676341765 1 92
0.312301083450077 0 92
0.612041357922483 1 92
0.385036001930056 1 92
0.311325431930874 1 92
0.352887567623082 1 92
0.700279505238542 1 92
0.394270497285105 1 92
0.293190129032697 0 92
0.439138092472057 1 92
0.356026111515443 1 92
0.267512346457369 1 92
0.346906197041278 1 92
0.338571432166656 1 92
0.349348784919479 0 92
0.391791311301956 0 92
0.687664755630041 0 92
0.362723607251386 1 92
0.734160120238165 0 92
0.627187545731441 0 92
0.361946341410097 0 92
0.382680970300317 1 92
0.359190188014424 1 92
0.270867596237786 1 92
0.381809829151914 1 92
0.522516014225261 0 92
0.270001651781998 1 92
0.274146516017809 1 92
0.47994230819362 0 92
0.305769611823126 1 92
0.339988646282002 1 92
0.362994852139341 1 92
0.287620580240001 1 92
0.528260987501321 1 92
0.387746956191081 0 92
0.337399722577557 1 92
0.995914542423664 1 92
0.26386313083918 1 92
0.521504998874284 0 92
0.589306929160814 1 92
0.335831511153266 0 92
0.409805136683148 0 92
0.563511457446131 0 92
0.412338884454486 1 92
0.66632123922384 1 92
0.317568932285293 1 92
0.47964295743201 0 92
0.395536211333598 1 92
0.266322227829131 1 92
0.321079089191379 1 92
0.316029471806859 1 92
0.367835160280203 0 92
0.291892329515686 0 92
0.304649462834146 1 92
0.321629254793098 1 92
0.396829417773433 0 92
0.342354101476981 1 92
0.574917022285956 1 92
0.386553199877696 1 92
0.524351134358834 1 92
0.458336175998595 0 92
0.410676951233018 0 92
0.31562561563012 1 92
0.708852849340681 1 92
0.490201546045729 1 92
0.415208107539982 1 92
0.596305304006708 1 92
0.586523945480172 1 92
0.421778812638042 0 92
0.338790792808955 1 92
0.390499983991283 1 92
0.371741143802496 0 92
0.43503714173045 1 92
0.993885211285233 0 92
0.433238852552828 1 92
0.642282773435181 1 92
0.661380646312226 1 92
0.486453496761184 0 92
0.348131157228312 0 92
0.335151725704 1 92
0.375852248098651 1 92
0.323456539995836 1 93
0.333371510110987 1 93
0.350929987021376 0 93
0.428491586590583 0 93
0.578354775326217 1 93
0.271646329246479 1 93
0.247825504111545 0 93
0.33786057875879 1 93
0.257767742143625 1 93
0.549450283010285 1 93
0.288035509544281 1 93
0.316686946504001 1 93
0.310404416162749 1 93
0.285469084195488 0 93
0.283768610427918 1 93
0.296749473607198 1 93
0.262910257704192 1 93
0.353844235557643 1 93
0.268136786235784 1 93
0.398132717420921 1 93
0.331957049138931 1 93
0.263028576616552 1 93
0.421265553724511 1 93
0.284162274590291 0 93
0.263815094328871 1 93
0.343951014526742 1 93
0.314351644639309 0 93
0.417221306804371 1 93
0.321614134305506 1 93
0.290920039919456 0 93
0.440441515712833 1 93
0.279398059405002 0 93
0.273145547792532 1 93
0.245637074456914 1 93
0.242485196467861 0 93
0.248625180526254 1 93
0.281439775732402 0 93
0.334914634998537 1 93
0.350865645927107 1 93
0.273029832373863 1 93
0.317377255309268 0 93
0.404651504549008 1 93
0.34681805061327 1 93
0.45051527703388 0 93
0.34825230364141 0 93
0.304060029107712 1 93
0.322773145434553 1 93
0.28954781867571 1 93
0.31771029279384 1 93
0.263878320995212 1 93
0.238423646082466 0 93
0.236543464382868 1 93
0.272507599832527 1 93
0.252746686690506 1 93
0.26737020125157 1 93
0.264634881850045 1 93
0.253716740869372 1 93
0.293354764709572 1 93
0.246143719432492 1 93
0.254960090664771 1 93
0.37542285317011 1 93
0.259892413624205 1 93
0.306565111021021 1 93
0.249436167750098 0 93
0.247006906310393 0 93
0.275821154611625 1 93
0.266300917767918 0 93
0.249397689315412 1 93
0.291233368844041 1 93
0.268890160822143 0 93
0.282545361756766 1 93
0.430449539993348 0 93
0.28651990338791 1 93
0.282500527610033 1 93
0.313166336625816 1 93
0.244721147974333 1 93
0.347775168549481 1 93
0.387456700891465 1 93
0.246825667216497 1 93
0.395335774624914 0 93
0.282151001821639 1 93
0.366836894075598 1 93
0.293440878354599 1 93
0.306890422453686 0 93
0.254100853061991 1 93
0.346521974336715 1 93
0.339388316185116 1 93
0.288575771000945 1 93
0.243304839199886 0 93
0.23956191858185 1 93
0.317008583225932 1 93
0.263921108598141 1 93
0.403323768114649 0 93
0.488382061647633 1 93
0.302362114504549 0 93
0.273979153378288 0 93
0.327798807933181 1 93
0.289249819783291 0 93
0.25623883859236 0 93
0.326891866220813 0 93
0.626718918449692 1 94
0.3822794244162 0 94
0.422059645743037 1 94
0.518789398701792 1 94
0.520479783742013 0 94
0.354680524104077 1 94
0.405530779232117 1 94
0.36832287909018 0 94
0.523294480751126 1 94
0.377214680798161 1 94
0.476498605939779 1 94
0.407825656503607 1 94
0.421283583882399 1 94
0.474816490742128 0 94
0.365213985391772 0 94
0.375728290433024 1 94
0.475999629083975 1 94
0.726828977256628 1 94
0.403687445493692 1 94
0.375968680498363 1 94
0.338083932654838 0 94
0.418642689556697 1 94
0.577152712508628 0 94
0.457412332442921 1 94
0.469266093218119 1 94
0.734172257561749 1 94
0.354780865296747 1 94
0.873507574754135 0 94
0.378967584373129 1 94
0.33753501655213 1 94
0.533259795144335 1 94
0.402913664698284 1 94
0.339608580448236 0 94
0.344691012807536 0 94
0.336273079307273 1 94
0.465419593270719 1 94
0.389166156974887 1 94
0.455444587023902 0 94
0.534161755408066 0 94
0.40517501056511 1 94
0.508241018676124 1 94
0.501749966292376 1 94
0.341385991925305 1 94
0.574925411934904 0 94
0.499535675445173 1 94
0.880607966073635 0 94
0.366888052473706 0 94
0.339702880978364 0 94
0.345592595242431 0 94
0.424897742529129 0 94
0.350373912203001 0 94
0.56644284012822 0 94
0.372112842465549 0 94
0.353552371450984 0 94
0.432922295496739 0 94
0.825748409178853 1 94
0.366463631169299 0 94
0.51222050111295 1 94
0.375936879833216 1 94
0.411401355607401 1 94
0.360864778197233 1 94
0.342247301318518 1 94
0.3912254726907 1 94
0.607052208692979 1 94
0.328020899490615 1 94
0.437623543057924 1 94
0.475386780105722 1 94
0.331385844725006 0 94
0.344021460516542 1 94
0.508642291860058 1 94
0.378129240230305 0 94
0.400074446496721 0 94
0.629440617856272 0 94
0.351916684213745 1 94
0.512258434753757 1 94
0.370482370890339 0 94
0.352905488085961 1 94
0.326512105421654 0 94
0.556717227041608 1 94
0.407353198253744 0 94
0.419531579041865 1 94
0.337651070295049 0 94
0.675029769205819 1 94
0.625320088266622 1 94
0.326287751693905 1 94
0.38682549539506 0 94
0.415600742240582 0 94
0.361441647592937 1 94
1 1 94
0.423483419212737 1 94
0.469474227294956 0 94
0.594872278466974 1 94
0.346497338266881 1 94
0.36096956626015 1 94
0.413871558951893 0 94
0.631240496750348 0 94
0.465116480060004 1 94
0.399806581761359 1 94
0.653944026565041 1 94
0.369666418018492 1 94
0.386642041791654 0 95
0.351756736672024 0 95
0.390060337022463 0 95
0.384855907168958 0 95
0.412183624682007 0 95
0.361983861914291 0 95
0.448180989561388 0 95
0.415362031884282 0 95
0.438933217665258 0 95
0.48364454332733 1 95
0.620236426640057 1 95
0.661110572253581 1 95
0.411649080172195 0 95
0.381655552586079 1 95
0.763392767874819 1 95
0.557375607829636 1 95
0.577901335389957 1 95
0.492912431035607 1 95
0.466131467166851 1 95
0.451376065984644 1 95
0.436626660803055 0 95
0.368666366588318 0 95
0.593433907728214 1 95
0.446863603341891 0 95
0.460571599319882 1 95
0.391675715419034 0 95
0.386974930167783 1 95
0.416057355574591 0 95
0.453883229150234 0 95
0.49450415642579 0 95
0.377971908077095 1 95
0.366604883226625 0 95
0.427019273592843 0 95
0.463978872536438 1 95
0.386408898126379 0 95
0.657414826279638 1 95
0.462994071054838 1 95
0.588242879001244 1 95
0.380118770590282 0 95
0.669303128008801 0 95
0.410156773801052 0 95
1.08312393597407 0 95
0.537441854809846 1 95
0.377787693920612 0 95
0.732283475639702 1 95
0.502706692858164 1 95
0.682574359259476 1 95
0.719608075308078 0 95
0.370907060296608 0 95
0.475165788925239 1 95
0.597948140413024 1 95
0.712957807156455 1 95
0.44607446901059 1 95
0.408611636871485 0 95
0.416736860800488 1 95
0.498676263944723 1 95
0.400251283472262 0 95
0.822050401133492 0 95
0.726851201000888 1 95
0.758491314463029 1 95
0.615873901845813 1 95
0.49322082123793 1 95
0.611496975865258 1 95
0.590187098798115 1 95
0.62965033616318 0 95
0.36723472886827 1 95
0.430832923029473 0 95
0.624595747112255 0 95
0.47327322045474 0 95
0.64183129574744 0 95
0.452934190067427 0 95
0.375908091037226 0 95
0.607501689694306 1 95
0.490516538253776 1 95
0.441110708504757 1 95
0.3705461063146 0 95
0.496285335544149 1 95
0.372384084753816 0 95
0.384086919475711 0 95
0.534918067677602 1 95
0.51092121682375 1 95
0.534233531724339 1 95
0.412867621506313 0 95
0.585135876751253 1 95
0.56987767895982 1 95
0.644280907016455 1 95
0.487711081709187 1 95
0.754680294246052 1 95
0.480116543511703 1 95
0.48280704875534 1 95
0.612017678702763 1 95
0.604201195172751 1 95
0.401917207696121 0 95
0.429643932141743 0 95
0.386532872202089 0 95
0.524457264976066 0 95
1.13433987971142 0 95
0.363529883792267 1 95
0.36418830253373 1 95
0.425674087108588 1 95
0.221687688221342 1 96
0.256331441462652 1 96
0.225276259303217 1 96
0.229770969321622 1 96
0.265919946481877 1 96
0.258431895836501 1 96
0.227748623157758 0 96
0.273552687642413 1 96
0.22863190945842 1 96
0.369024908428005 0 96
0.273119767492535 1 96
0.256452416110157 1 96
0.316821319130151 1 96
0.363651138178908 0 96
0.220085969695183 1 96
0.274897292127407 0 96
0.244875317384021 1 96
0.221754919357519 1 96
0.237264027944494 1 96
0.232708680002287 1 96
0.263441726008295 1 96
0.298487282125444 1 96
0.250063092275609 1 96
0.221475275484724 1 96
0.249118736183356 1 96
0.252289700203029 1 96
0.240438988656528 1 96
0.268406334480427 0 96
0.256461121894443 1 96
0.251974026907469 1 96
0.231143551574005 1 96
0.214103288425745 1 96
0.227929935773487 1 96
0.23943512576653 1 96
0.246162733062769 1 96
0.506329456251712 0 96
0.234031384054422 1 96
0.446083875398635 1 96
0.339804022375449 1 96
0.261724489262117 1 96
0.340167971123436 0 96
0.246709493108092 1 96
0.303070338760624 1 96
0.219108473706368 1 96
0.363922818857957 0 96
0.359362695700611 1 96
0.235391057500012 0 96
0.258304834390473 1 96
0.243947660280244 1 96
0.313008311426078 0 96
0.264104390130553 1 96
0.330764083931309 1 96
0.250692075005582 1 96
0.220991184535145 1 96
0.214675026712884 1 96
0.268137962662962 0 96
0.33001822608681 1 96
0.219309316853778 1 96
0.321375849495817 1 96
0.465230358286649 1 96
0.233433105802956 1 96
0.393501339100824 0 96
0.461271622561479 1 96
0.304069835074037 1 96
0.37142453899972 1 96
0.219189860962697 1 96
0.21625087113084 1 96
0.216345030398933 1 96
0.260880574129342 1 96
0.216872479085144 1 96
0.231030779054187 1 96
0.292493996178526 1 96
0.245187076191745 1 96
0.212550583208547 1 96
0.227578684397108 1 96
0.297582740611356 1 96
0.232992137512637 1 96
0.382607518861331 1 96
0.289817344950556 1 96
0.267704170019403 1 96
0.210086704910051 1 96
0.238384556470564 1 96
0.214743133777839 1 96
0.329371314042972 1 96
0.219053657640448 1 96
0.216177807370578 1 96
0.34864187388905 0 96
0.287786823482648 0 96
0.215737530462223 1 96
0.259955905618649 1 96
0.28914975780835 0 96
0.276002074601087 1 96
0.214513880893652 1 96
0.372027189945922 0 96
0.445052757120175 1 96
0.240983550752932 1 96
0.254507706560614 1 96
0.28235935393983 1 96
0.254029105036498 0 96
0.299293105856667 1 96
0.834798578723524 1 97
1.18055763889618 0 97
0.352520539259431 0 97
0.783022921023836 1 97
0.491086140266457 0 97
0.426888687560942 0 97
0.837227062331947 1 97
2.02689967116598 1 97
1.27627873945264 1 97
0.555483321859287 1 97
0.485113432545621 0 97
0.649259062075446 0 97
0.640961261221804 1 97
0.503426890109465 1 97
1.48751369217055 1 97
0.359373234649638 1 97
0.502232306913258 0 97
1.22658599845351 1 97
0.491685097726059 1 97
1.06061488142621 1 97
0.675506141366423 1 97
0.645896130728669 1 97
0.365111229028462 1 97
0.612995521324306 1 97
0.732152498968008 1 97
1.18431823928706 1 97
0.766868303764607 0 97
1.13197110169671 1 97
0.266564793305142 1 97
0.278970884296168 0 97
0.311073101571628 1 97
0.344527675570144 1 97
0.690132124517882 1 97
0.530209703759329 1 97
0.739640055240083 1 97
0.588204957731074 1 97
0.414461106584293 0 97
0.424815876802061 0 97
0.780086680673207 1 97
0.687996461319138 1 97
0.722454323222402 1 97
0.326649884195088 0 97
0.369806252216443 0 97
1.07721467819593 0 97
0.527280910208744 1 97
0.586814396559283 1 97
0.702005765872882 1 97
1.14552180005951 0 97
0.57993647416814 1 97
0.438477538779594 0 97
0.534356266778444 1 97
0.833903070859792 1 97
0.659708614108127 1 97
1.0441476578237 1 97
0.660423934894977 0 97
1.07810058942889 1 97
0.39409432905972 1 97
0.46411261543306 1 97
0.962799862773686 1 97
0.297958447148634 1 97
0.546692421079173 1 97
0.717232080911806 1 97
0.643002458338695 1 97
0.56437810441448 0 97
0.769305882153978 1 97
1.10229170514482 0 97
0.44735693025693 1 97
0.78790004661805 1 97
1.04508280197667 1 97
0.26307757945636 0 97
0.894537057185825 0 97
0.365108489526727 1 97
0.316459434527305 1 97
0.712750408385651 0 97
1.17029310635605 0 97
0.512893592435586 1 97
0.625289330605558 1 97
1.13414728862278 0 97
0.507117603286044 1 97
1.257834858567 1 97
0.423598349810807 1 97
0.490539279500035 0 97
0.907793565339725 0 97
0.584382664004282 0 97
0.778277435104988 1 97
0.986144234443461 1 97
0.891333837008671 0 97
1.30926939452372 0 97
0.573559038956276 1 97
0.622076849852475 0 97
0.701538615580341 0 97
0.495784375437308 0 97
0.400769436330649 1 97
0.99366988866257 1 97
0.664837671326788 1 97
0.56338238996609 1 97
1.66336749839811 1 97
1.08085856526769 0 97
0.913793643022395 1 97
0.315402146807606 0 97
0.281168465781597 1 98
0.299794893278742 1 98
0.322355837072085 1 98
0.274788406163748 1 98
0.297208778119877 1 98
0.2916425337974 1 98
0.26774126558384 1 98
0.374889495385782 1 98
0.318056964111567 0 98
0.334599165343749 1 98
0.272357918728185 1 98
0.396808416957058 1 98
0.428447018597036 0 98
0.266810235718352 1 98
0.331110090492798 1 98
0.334183790727623 1 98
0.321329792599567 1 98
0.301541601191253 1 98
0.262742648074857 1 98
0.373491867930225 1 98
0.286898667044898 1 98
0.311727738644344 1 98
0.388133629840939 1 98
0.37733911448903 1 98
0.285841008558022 1 98
0.526510641235477 1 98
0.287630261116044 1 98
0.26527884170905 1 98
0.313177202317818 1 98
0.373699333959961 1 98
0.349293200650698 1 98
0.273735665318952 0 98
0.509578100153979 1 98
0.287057641451581 1 98
0.30327616787792 1 98
0.2813371432484 1 98
0.294681941977102 1 98
0.265483387894422 1 98
0.291168977835723 1 98
0.262624911133584 1 98
0.443683338539449 1 98
0.280548301300416 1 98
0.572733783106059 1 98
0.410195862179242 0 98
0.317717756575362 1 98
0.257829348599708 1 98
0.386116756765148 1 98
0.295486394745749 1 98
0.312466715122994 1 98
0.360909640873162 1 98
0.476188159860769 0 98
0.285860295549155 1 98
0.452873861968485 1 98
0.323111367638054 1 98
0.280982483920672 1 98
0.297188820008394 1 98
0.270205244006501 1 98
0.272716244543237 1 98
0.361945518092076 1 98
0.447950479263939 1 98
0.256065040424441 1 98
0.274727499359359 1 98
0.270534605974836 1 98
0.284412714523581 1 98
0.445349127807175 1 98
0.291493698217294 0 98
0.296303865559117 1 98
0.275226207026412 1 98
0.311760243954174 1 98
0.296157447202343 1 98
0.34460526755369 1 98
0.354649647701122 0 98
0.296480866942739 0 98
0.269556915981265 1 98
0.301378290370352 0 98
0.347607281542082 1 98
0.278732492848783 1 98
0.428433561972358 1 98
0.285937728711008 1 98
0.327999117728012 0 98
0.433117503110172 1 98
0.360669331840676 1 98
0.264217968181768 1 98
0.323423086141299 1 98
0.304851268299841 0 98
0.404129129962156 0 98
0.274753254790859 1 98
0.282421350743893 0 98
0.292002326840888 1 98
0.267616690595351 1 98
0.312299573125087 1 98
0.309272865770248 0 98
0.301174059847058 1 98
0.584754758450049 1 98
0.361335835717188 1 98
0.258023350660745 1 98
0.2837239878535 1 98
0.350109547832716 1 98
0.29232991265777 0 98
0.26060541632009 1 98
0.419986928240669 1 99
0.422653921930203 0 99
0.343276151227972 1 99
0.340245734901547 1 99
0.349108432291719 1 99
0.454589585098954 1 99
0.405961026906508 0 99
0.339077409624688 1 99
0.341142044161174 1 99
0.353666543899009 1 99
0.350266562390011 0 99
0.437938593300797 0 99
0.347614178834905 1 99
0.393382787569136 1 99
0.344717100441661 1 99
0.350047501452884 1 99
0.432353962051107 0 99
0.495591098384579 0 99
0.381464157646861 1 99
0.356456513981711 1 99
0.444490108806921 0 99
0.369678680993157 0 99
0.396729316147167 0 99
0.406724667898407 0 99
0.401517843212771 1 99
0.358032388651675 1 99
0.348379395646914 1 99
0.347800892234041 1 99
0.530215300464158 0 99
0.476896482978648 1 99
0.369128690158679 1 99
0.45869549291414 1 99
0.370154750962965 0 99
0.365955947323592 1 99
0.386278657659183 1 99
0.340524092571935 1 99
0.347211074507717 1 99
0.361260531681064 1 99
0.350124424996316 1 99
0.358768259575804 0 99
0.350789898114126 1 99
0.348884212518707 1 99
0.369514642853055 1 99
0.383532505523977 1 99
0.44104164422467 1 99
0.374555771511685 1 99
0.344725108202487 1 99
0.35985677624202 1 99
0.508435614539602 1 99
0.471957257126472 1 99
0.378490094293913 1 99
0.409015359036445 1 99
0.357422890356713 1 99
0.366106275185535 0 99
0.406590610529046 1 99
0.413708906265624 0 99
0.341701290010623 1 99
0.340287996753949 1 99
0.410100418883736 1 99
0.355374327857315 0 99
0.362820033894094 0 99
0.617764193712116 1 99
0.452669580969439 1 99
0.34349258657461 1 99
0.427474665450905 0 99
0.351285628852795 1 99
0.378565367933678 0 99
0.342407206399763 1 99
0.371956077307899 1 99
0.434630881871381 1 99
0.376514088602961 0 99
0.356092350252302 1 99
0.530315556252302 1 99
0.5397487218247 1 99
0.345575056917852 1 99
0.357076534579134 0 99
0.374547447830581 1 99
0.438933439641086 0 99
0.380759819617516 0 99
0.354779481075708 1 99
0.372322540943931 1 99
0.346581056528127 1 99
0.360563842660465 0 99
0.428627275181932 0 99
0.425397268051446 0 99
0.411665320200308 1 99
0.443216086568054 1 99
0.349185706110598 1 99
0.345996901127388 1 99
0.444143586184748 1 99
0.440700050151192 0 99
0.412020037213554 1 99
0.442356965611589 0 99
0.401108358879908 0 99
0.353827218514586 1 99
0.441570721560374 0 99
0.4290977276712 0 99
0.340939797944657 1 99
0.355306571754471 1 99
0.357024452604336 1 99
0.406772292407557 1 100
0.4694920969318 1 100
0.415417878357647 1 100
0.514263189493726 0 100
0.430566553523868 1 100
0.457895624742285 0 100
0.434821076742159 0 100
0.416315045960888 1 100
0.411837980385818 1 100
0.442037304441958 0 100
0.420158801426443 1 100
0.408318082760512 1 100
0.435097698830426 1 100
0.489366528546041 1 100
0.461151762925524 1 100
0.426366454064457 1 100
0.511406063075599 0 100
0.416716211978055 1 100
0.410791522021791 1 100
0.40806657245358 1 100
0.501628161567622 0 100
0.426956969628046 1 100
0.407991662310797 1 100
0.450138046337963 1 100
0.449069032994089 1 100
0.562201094130573 1 100
0.413952346812525 1 100
0.438465839451981 1 100
0.425469229409726 1 100
0.435947411731552 1 100
0.472091041356667 0 100
0.437893960264267 1 100
0.453041044374603 1 100
0.44566107609532 0 100
0.458374121782258 0 100
0.41112085845697 1 100
0.46930833319048 1 100
0.484332925394086 1 100
0.481784699579303 1 100
0.48274441794254 1 100
0.411846315397341 1 100
0.409185285583361 1 100
0.4084577889415 1 100
0.423603423872845 1 100
0.480072311603066 1 100
0.441577374152813 1 100
0.43160781808641 1 100
0.445034908951137 1 100
0.516194722788639 0 100
0.444329433518457 0 100
0.449721934794877 1 100
0.419282306420158 1 100
0.410844166021618 1 100
0.438554995670795 1 100
0.420390632345025 1 100
0.410176056938826 1 100
0.443177118030651 0 100
0.422492081017483 1 100
0.462806994411026 0 100
0.45862927931747 1 100
0.476658744286651 0 100
0.409949635946126 1 100
0.415867285440043 1 100
0.422353058052796 1 100
0.513094329932377 0 100
0.426046673111241 0 100
0.417864029137162 1 100
0.437553231273632 1 100
0.461982408171852 1 100
0.4201955317214 0 100
0.411107258089825 1 100
0.420905005025688 1 100
0.431627187212767 1 100
0.534646114496556 1 100
0.408645818872156 1 100
0.412366129194138 1 100
0.453343186644114 1 100
0.540905997936821 1 100
0.410203457972492 1 100
0.453554278567106 0 100
0.436091446254542 1 100
0.409859587664071 1 100
0.422644023323501 0 100
0.46167348561958 1 100
0.451764223014888 1 100
0.418621806885193 1 100
0.433565337502588 1 100
0.412965726324731 1 100
0.460869269475951 0 100
0.466179477024447 1 100
0.612450120035646 0 100
0.464492959174234 0 100
0.444056681584586 1 100
0.55546217401446 1 100
0.520911040328613 1 100
0.591857251428953 0 100
0.429050862544608 1 100
0.417316162196332 1 100
0.42156443361704 1 100
0.406073086571095 1 100
