"rt" "xs" "id"
0.540421055942904 0 1
0.328809584379354 1 1
0.408341616720805 1 1
0.305368666532125 1 1
0.476451147882566 1 1
0.485647491926902 1 1
0.363762466382535 1 1
0.377535766237108 1 1
0.296643071968161 0 1
0.383430408368551 0 1
0.330757047776506 1 1
0.468583036977101 0 1
0.343965871607341 1 1
0.319910286852215 1 1
0.525284242839051 0 1
0.33881248417528 1 1
0.456328046583266 1 1
0.401631420448507 1 1
0.474030479144624 1 1
0.365757694397461 0 1
0.303390465274007 1 1
0.401004169934692 0 1
0.401972320874165 1 1
0.4147148363017 1 1
0.456466824995866 1 1
0.456124602321824 0 1
0.406836868821435 1 1
0.557178023035443 1 1
0.464652039309931 1 1
0.436811964607107 0 1
0.379233079895246 1 1
0.460366870051204 0 1
0.3476517836993 1 1
0.469834448571355 1 1
0.427869767940113 1 1
0.374873042478834 0 1
0.373747803376288 1 1
0.488386585212647 0 1
0.522004269159335 1 1
0.436689358227773 1 1
0.308691561735206 1 1
0.283685688044877 1 1
0.595513649581393 1 1
0.336780487326283 1 1
0.363815663451805 1 1
0.373491169342098 1 1
0.514916424770851 1 1
0.434103825086211 0 1
0.310140771780652 1 1
0.475997013545207 0 1
0.572203323145753 1 1
0.504437587324974 1 1
0.415501886226363 1 1
0.560063386547658 1 1
0.503283380165822 1 1
0.270086273473716 1 1
0.447934906188121 0 1
0.299458734775128 1 1
0.544977649099341 0 1
0.355931832122071 1 1
0.531471531149173 1 1
0.33424455531345 1 1
0.419070129093026 1 1
0.424926262427898 1 1
0.294305145707182 1 1
0.533698037470334 0 1
0.415410184891287 1 1
0.440382638440312 1 1
0.304619923649574 1 1
0.433328334007257 1 1
0.437326223264208 1 1
0.422008404093355 1 1
0.410715863473978 1 1
0.482180119628966 1 1
0.548386934376003 1 1
0.446476225633198 1 1
0.441368997009463 1 1
0.356887483905055 0 1
0.442980441114853 1 1
0.290574488579721 1 1
0.484555348113121 1 1
0.427365605436073 0 1
0.397337691664788 1 1
0.436709282725956 1 1
0.3656439789947 1 1
0.437105839501671 1 1
0.381377346346417 1 1
0.526171549938358 1 1
0.323107551719104 1 1
0.446908654049017 1 1
0.299963790793485 0 1
0.286610818565487 1 1
0.475144130242011 1 1
0.510390434272714 1 1
0.386996262496345 0 1
0.570708323852475 1 1
0.39592096276628 1 1
0.389750220443127 0 1
0.500256179705242 1 1
0.470183269641658 1 1
0.384632770700488 1 2
0.396284367326281 0 2
0.414688019142412 0 2
0.467873535379681 0 2
0.384918025508996 0 2
0.446473164873309 1 2
0.566332387633841 0 2
0.445686110170326 1 2
0.347110336428464 1 2
0.344955989812348 1 2
0.462348536171236 0 2
0.34938216693879 0 2
0.303375479043497 1 2
0.692724015961396 1 2
0.383564755260495 1 2
0.451681286187917 1 2
0.342644446395519 0 2
0.482490682854613 1 2
0.49091723397152 1 2
0.379851764110945 1 2
0.37176946272835 1 2
0.351587929288382 0 2
0.481106313221783 0 2
0.475616212590812 1 2
0.370595391022442 1 2
0.533873307199425 1 2
0.413393945421561 1 2
0.487324227760568 1 2
0.442893061473942 0 2
0.40947319353495 0 2
0.439397905858397 1 2
0.51302855068507 1 2
0.405107712230977 1 2
0.507744139856492 0 2
0.519938988505934 1 2
0.449544951478626 1 2
0.34579682397889 1 2
0.383307025906772 1 2
0.532221230970834 0 2
0.552559871614311 1 2
0.569771269695136 1 2
0.359957596971259 1 2
0.377400250807181 1 2
0.41665035175461 0 2
0.371758306880913 0 2
0.403014162727276 1 2
0.453673760902847 0 2
0.409075303280342 0 2
0.35785030334529 1 2
0.302722881670766 0 2
0.394996233044839 0 2
0.443950853443596 1 2
0.366109867689568 0 2
0.357682396390553 1 2
0.561886227567767 1 2
0.386582148840288 1 2
0.420822624621069 1 2
0.685239278768993 0 2
0.421933024448437 1 2
0.425484711612108 1 2
0.302666418323582 1 2
0.46022884382138 0 2
0.410917967462003 0 2
0.619908330234857 0 2
0.515368416824191 0 2
0.359011133092269 1 2
0.417143354150215 1 2
0.512103800881693 1 2
0.432838428163373 1 2
0.312647931870305 0 2
0.333151561523034 1 2
0.404738256982971 0 2
0.522862870440972 0 2
0.434433257902762 1 2
0.393856513129746 0 2
0.307964053322249 0 2
0.319773505985157 0 2
0.438352378806889 1 2
0.470837897305418 0 2
0.401725561316721 0 2
0.437238946572055 1 2
0.37231228509572 1 2
0.526308815408097 1 2
0.377367218897873 0 2
0.391365487137877 0 2
0.379311190579888 1 2
0.502857702775544 1 2
0.490409332936912 0 2
0.341255590348376 1 2
0.302020352457358 1 2
0.566623016439964 0 2
0.430359081037275 1 2
0.409069916960555 1 2
0.410831194233253 1 2
0.411619704346677 1 2
0.346391269987938 1 2
0.524550048483941 1 2
0.377695570309971 1 2
0.461538348940228 1 2
0.400838094565121 1 2
0.330343538082637 1 3
0.250166315360543 1 3
0.342518468651333 1 3
0.27305106388502 1 3
0.665123620607883 1 3
0.443212701421275 1 3
0.510473171576891 1 3
0.664765580293257 1 3
0.782951551501559 0 3
0.324715251205143 1 3
0.268831824042095 1 3
0.367249366714197 1 3
0.296463765479619 1 3
0.275170407697706 1 3
0.672906010948082 1 3
0.421509239548471 1 3
0.448123028432585 1 3
0.280577369822765 1 3
0.235462215134453 1 3
0.393851140099978 1 3
0.375296503871173 0 3
0.298224297843019 1 3
0.291327510645258 1 3
0.286688469896197 0 3
0.46477100536164 1 3
0.308970177947621 1 3
0.459195616732422 1 3
0.42861758717033 1 3
0.418508427042039 1 3
0.385021109073145 0 3
0.433215320297612 1 3
0.268100336557758 1 3
0.330011185021131 1 3
0.340782726683751 1 3
0.247015389192588 1 3
0.378395179276571 1 3
0.370286185716223 1 3
0.329459142033404 1 3
0.865205269864929 1 3
0.499938620882081 1 3
0.33880917305054 1 3
0.462807102325981 1 3
0.513474299346273 1 3
0.437006447936987 1 3
0.440880608352575 1 3
0.341195514103932 1 3
0.472178294594329 1 3
0.492149310784079 1 3
0.381891017656704 1 3
0.439871180036541 1 3
0.451107263148098 1 3
0.585200422711014 1 3
0.499340506543403 1 3
0.243748005107704 1 3
0.274831095225035 1 3
0.398618991405699 1 3
0.403487207711631 1 3
0.50982449928121 1 3
0.340342463228101 1 3
0.404167307055346 0 3
0.828286709956826 1 3
0.301674237592929 1 3
0.255592187322539 1 3
0.425656266783179 1 3
0.31097763050981 1 3
0.335068728579747 1 3
0.337189456733359 0 3
0.384706426326323 1 3
0.407957085045919 1 3
0.284730834060008 1 3
0.281097244818556 1 3
0.265320824615189 1 3
0.519508471089358 1 3
0.313297543698755 1 3
0.261097472131257 1 3
0.441644160209868 1 3
0.273686520081351 1 3
0.430133023284026 1 3
0.553319269235748 1 3
0.609844542167119 1 3
0.230633776681443 1 3
0.427019063463112 1 3
0.379292487564428 1 3
0.383973124243622 1 3
0.733146191427617 1 3
0.372197630995804 1 3
0.453549477277619 1 3
0.502744117966003 1 3
0.329995182946089 1 3
0.607424187182227 0 3
0.321110402750244 1 3
0.819995652457884 1 3
0.423512179248555 1 3
0.301700888019702 1 3
0.425757824912344 1 3
0.519264851478501 1 3
0.270747537869509 1 3
0.360243927321104 1 3
0.266285538654129 1 3
0.903530878644997 1 3
0.280003816818558 0 4
0.359830825242444 1 4
0.400224409267125 1 4
0.392724656997548 1 4
0.336218235192013 0 4
0.331003478276652 1 4
0.458605939025516 0 4
0.443547920095746 1 4
0.423413717163341 1 4
0.426688162080535 1 4
0.268152991780321 1 4
0.397632314729954 1 4
0.27732991403373 0 4
0.354249181887494 1 4
0.457875577205066 1 4
0.290559217345017 1 4
0.36505846454306 1 4
0.390614857944806 1 4
0.443755961335951 1 4
0.45559615366415 1 4
0.359973838322575 0 4
0.450860477340245 1 4
0.491226198647579 0 4
0.396717405281255 1 4
0.351430443342689 1 4
0.48561710896886 0 4
0.375229084494263 0 4
0.36169326873419 0 4
0.356334076538639 0 4
0.466870958644685 1 4
0.268828530125732 1 4
0.471066039188599 0 4
0.323722781430731 0 4
0.388478621044373 0 4
0.490185191541001 1 4
0.296744312258904 1 4
0.440049510334507 0 4
0.360461487053582 0 4
0.571528666416426 1 4
0.30748596887242 0 4
0.454151364327238 0 4
0.387383844718765 1 4
0.281834741626685 0 4
0.483986541138161 1 4
0.265163040699898 1 4
0.262451770517052 1 4
0.373877886396847 0 4
0.268809727047242 0 4
0.3662734347343 1 4
0.350226169969211 1 4
0.269013174361181 1 4
0.406611447273225 1 4
0.517023380126035 1 4
0.419332515209975 0 4
0.641249581884636 0 4
0.44490756444729 1 4
0.41417245754926 0 4
0.448009847430338 0 4
0.403417304102398 0 4
0.413228154537338 1 4
0.437432401295886 1 4
0.388389301722512 1 4
0.298764279840334 1 4
0.395467397945286 1 4
0.294016021405155 1 4
0.493791492582933 1 4
0.410128333022224 1 4
0.390411647705956 0 4
0.483079090908392 0 4
0.464522170542418 1 4
0.479222750046431 0 4
0.294227949826757 1 4
0.676860346845422 0 4
0.313017601823778 1 4
0.411858457141055 1 4
0.400594906376013 0 4
0.274403413724204 1 4
0.28300479979254 0 4
0.575273887074324 0 4
0.437152839762357 0 4
0.337635813949788 0 4
0.474903988089777 0 4
0.534600442905999 0 4
0.391740063857598 0 4
0.447647880218181 0 4
0.461004878122083 1 4
0.340076653080272 0 4
0.419851805271547 1 4
0.284867961934119 0 4
0.370316072191803 0 4
0.383299542145268 1 4
0.586354233624204 0 4
0.440320291126994 0 4
0.321810996082253 0 4
0.484330510420933 1 4
0.361635681230602 0 4
0.470686796741202 1 4
0.462984465151623 0 4
0.421258470850728 0 4
0.423798573208799 1 4
0.317528525518406 0 5
0.49761764896166 0 5
0.23653131716118 1 5
0.663366628873111 1 5
0.344699392191161 1 5
0.31625574638959 1 5
0.351114312007398 1 5
0.365255099520248 1 5
0.363030989179342 1 5
0.265459376129439 1 5
0.269348871523888 1 5
0.393198362855545 1 5
0.318515207630307 0 5
0.393230183964614 1 5
0.314571099773834 1 5
0.240163201663593 1 5
0.29393390242005 1 5
0.602433910723075 1 5
0.412049241583974 1 5
0.393988033696206 1 5
0.344192544960463 1 5
0.279157989201505 1 5
0.284868037420897 1 5
0.251365051812794 1 5
0.402845724359865 0 5
0.376403985805813 0 5
0.363378589895325 0 5
0.261183545370956 0 5
0.299489050693262 1 5
0.326001280424862 1 5
0.58900974640992 1 5
0.237075285915774 1 5
0.289576135555235 1 5
0.351696808066051 1 5
0.446919540799926 1 5
0.337465610297682 1 5
0.35186647414647 1 5
0.322062229588829 1 5
0.286797745639746 1 5
0.347500391803589 1 5
0.406873038904208 1 5
0.365237371649114 1 5
0.335884729136111 1 5
0.356922829832163 1 5
0.389403193888348 0 5
0.336296369670061 0 5
0.262207665639276 0 5
0.413188080953119 1 5
0.349345007790612 1 5
0.325815718011723 0 5
0.382058069889859 1 5
0.497881866115722 0 5
0.372872135910008 0 5
0.351538651864611 1 5
0.421765179071085 0 5
0.351992137988526 1 5
0.291915189301034 1 5
0.29272383352522 1 5
0.287397531820766 0 5
0.333546259304068 1 5
0.270908884722661 0 5
0.485780019667104 1 5
0.474416224397379 1 5
0.272087945970124 1 5
0.351901961138312 0 5
0.344730022481201 1 5
0.2505638349023 0 5
0.292061196887472 1 5
0.299105659103686 0 5
0.410967386054493 1 5
0.319325554923897 1 5
0.35584755327536 0 5
0.305715597519533 0 5
0.341461734304345 1 5
0.43768093462303 1 5
0.230404316477617 0 5
0.432514060324089 1 5
0.360204037333363 0 5
0.450299913375261 1 5
0.221816412653213 1 5
0.433331099588574 1 5
0.261287792390634 1 5
0.689365351104615 0 5
0.353411075293846 1 5
0.355926492059695 0 5
0.391288277216217 1 5
0.246435137338355 1 5
0.381570461056181 0 5
0.332648211500139 1 5
0.341241182098185 0 5
0.295663146565051 1 5
0.388756421850627 1 5
0.285676229992049 1 5
0.265314211446214 1 5
0.387345009961525 1 5
0.365101705464651 1 5
0.374058270713621 1 5
0.298680542844928 1 5
0.307264249723145 1 5
0.324036047341493 1 5
0.327970354392764 1 6
0.252577144220558 0 6
0.384379047243704 0 6
0.351331585982135 1 6
0.392234825595525 1 6
0.214358820732666 0 6
0.425607999015928 0 6
0.432585965907995 1 6
0.389166739235464 1 6
0.386395946190288 1 6
0.317658840238729 0 6
0.364025639739189 1 6
0.318781470446325 1 6
0.349614984239626 1 6
0.192618297914191 1 6
0.421162493461604 1 6
0.407121937565322 1 6
0.281499294205488 1 6
0.37186933269374 1 6
0.239668378949207 1 6
0.296236389321028 1 6
0.4524877701782 1 6
0.318480998528113 0 6
0.22604385230321 1 6
0.36250511454201 0 6
0.376593046907272 1 6
0.292704309755456 1 6
0.322724213580053 1 6
0.443615913255871 1 6
0.183418091057547 0 6
0.350236095286438 1 6
0.397375080434339 1 6
0.348113765323992 0 6
0.389154634724637 0 6
0.438747804146037 1 6
0.42330660047099 0 6
0.189013377747547 1 6
0.363367018578913 0 6
0.206359136357515 0 6
0.413121740977991 0 6
0.315812330728307 1 6
0.443899060725151 1 6
0.281261103556673 0 6
0.306683800986097 1 6
0.595862053150195 1 6
0.294159110856207 1 6
0.303136121200531 1 6
0.44573010852818 1 6
0.396964278091719 1 6
0.453575738243316 1 6
0.25602538795775 0 6
0.454210711235116 1 6
0.262443284461339 1 6
0.429910840861163 1 6
0.493610095296372 1 6
0.267962870328261 1 6
0.398043558740328 1 6
0.305842893534916 1 6
0.241347187517579 1 6
0.468146712260142 0 6
0.179286144551929 1 6
0.186352726399602 1 6
0.35410162848478 0 6
0.417378359172751 1 6
0.409451541029392 1 6
0.382600953770092 1 6
0.364086186821076 1 6
0.302489299719122 1 6
0.289104166304407 0 6
0.222205119386045 1 6
0.230394722620759 1 6
0.164841511540352 0 6
0.328368419150046 1 6
0.33703397638747 1 6
0.26566789851347 1 6
0.432958385867238 1 6
0.411821697051514 0 6
0.39730847877083 1 6
0.227374610799047 1 6
0.369326961620308 1 6
0.371715764175809 1 6
0.276493797025199 1 6
0.424902955171418 1 6
0.392345088697913 1 6
0.245502973871534 1 6
0.224830538761651 1 6
0.400333162875968 1 6
0.192372283163277 1 6
0.404440273531329 0 6
0.397393305596394 1 6
0.491188789244579 1 6
0.360100774878809 0 6
0.222624391322344 1 6
0.146658514892139 0 6
0.219918635018919 1 6
0.288588200177491 0 6
0.34842388209339 0 6
0.608351515446554 1 6
0.622252110922023 1 6
0.349444010650003 1 6
0.298763358263165 1 7
0.337194010357568 1 7
0.300419904213119 0 7
0.279811259631735 1 7
0.329601666260948 0 7
0.350721042589836 1 7
0.378059401517798 1 7
0.278449169823856 1 7
0.254866123101813 1 7
0.437964087763091 1 7
0.284182477012663 1 7
0.22439156324787 1 7
0.272348175519717 1 7
0.361587323424902 1 7
0.36322924364355 1 7
0.302516872617094 1 7
0.300135817308539 1 7
0.288769981556381 1 7
0.398232531362626 1 7
0.257870497338254 1 7
0.534183637162014 0 7
0.336444570044691 1 7
0.235604295663578 1 7
0.194807553709187 1 7
0.377869599374048 0 7
0.256560265832561 1 7
0.300097442452169 0 7
0.433191804964218 1 7
0.406663196963056 1 7
0.24523422586835 1 7
0.239434213106554 1 7
0.340076353763417 1 7
0.469258795117385 0 7
0.271287643283667 1 7
0.323580230207002 1 7
0.32182005039064 1 7
0.208387882940811 1 7
0.232425740214935 1 7
0.310845343858975 1 7
0.30998200990644 1 7
0.257293767100305 1 7
0.29646747594641 1 7
0.257718974394031 1 7
0.268576824517302 1 7
0.192086589069615 1 7
0.493904518809516 0 7
0.191629034688189 1 7
0.283179202761628 1 7
0.312005502080201 1 7
0.604887990404537 1 7
0.358327815502175 0 7
0.239824168351124 1 7
0.388084807393098 0 7
0.342973940629688 1 7
0.786531962281863 0 7
0.370541630059643 1 7
0.274949941258849 1 7
0.395144097015239 1 7
0.224802816230658 1 7
0.281824446291545 1 7
0.23439729448147 1 7
0.276252927753885 1 7
0.260651004043573 1 7
0.212707984802109 1 7
0.485135696614957 0 7
0.32466615081784 1 7
0.258223514521951 1 7
0.323753817218071 1 7
0.472438678382209 1 7
0.353530975697086 1 7
0.413876291923471 1 7
0.233998160856886 1 7
0.214010008589024 1 7
0.254260687421913 1 7
0.608599597278199 1 7
0.383415793724147 1 7
0.247727738112922 1 7
0.445785748368176 1 7
0.349213190783686 1 7
0.300250313270178 1 7
0.404326888287707 1 7
0.456664391752014 1 7
0.464370967558081 0 7
0.26392797364303 1 7
0.223341382884381 1 7
0.414595041387564 1 7
0.408258391325722 1 7
0.349417931581305 1 7
0.318677981124641 1 7
0.350995582464846 1 7
0.362069417506411 1 7
0.268567922273499 1 7
0.291887612331488 1 7
0.264540241069177 1 7
0.396566004305339 1 7
0.263667451239332 1 7
0.281747368504143 1 7
0.200047343751289 1 7
0.511016344305539 1 7
0.336930275963216 1 7
0.381234631621399 1 8
0.361429764102849 0 8
0.310074310063694 1 8
0.321467473800113 1 8
0.631927881926797 1 8
0.33509399966236 1 8
0.479431655777094 1 8
0.252100434154748 0 8
0.300690020409733 0 8
0.426575037851813 0 8
0.314991202636082 1 8
0.385244589448823 1 8
0.33685822700835 0 8
0.385066245420769 1 8
0.263192078458623 0 8
0.458148149498485 1 8
0.528305864196863 0 8
0.319771100718819 1 8
0.268564633888241 0 8
0.31073295723791 1 8
0.326273724950298 0 8
0.381880676393038 1 8
0.358838267201079 0 8
0.436502673161825 1 8
0.375281406971513 1 8
0.39824331965321 1 8
0.2802683287229 0 8
0.418160276904631 1 8
0.339218451432932 0 8
0.398994772611511 1 8
0.306190944679319 0 8
0.43121419450454 1 8
0.432223228224577 1 8
0.383183810265059 0 8
0.721253691844464 1 8
0.294617581728793 0 8
0.791243674449119 0 8
0.75527573402062 0 8
0.24647376316434 0 8
0.285692167702253 0 8
0.295020999537806 1 8
0.254167208034853 0 8
0.361041777732717 1 8
0.494507586683825 1 8
0.354853208726963 1 8
0.358057393534369 0 8
0.3436253821678 0 8
0.290032788474518 0 8
0.374902474076052 1 8
0.39440362223164 1 8
0.321987381535663 0 8
0.306458229915064 0 8
0.286350145063539 1 8
0.356764281611501 1 8
0.358629500293201 1 8
0.282559884957367 0 8
0.287754018144535 0 8
0.488150111178229 1 8
0.26280388420255 0 8
0.237723576495394 0 8
0.45651099218959 1 8
0.335384775526395 0 8
0.525713183301465 0 8
0.405863691576952 1 8
0.309418897875406 1 8
0.305073586606844 0 8
0.319355106186479 1 8
0.608165270157329 1 8
0.379703877247123 1 8
0.333489110652585 1 8
0.39317583174789 0 8
0.488285445467285 1 8
0.295365759820896 0 8
0.73315964117627 1 8
0.253114785222021 0 8
0.279344750900527 0 8
0.283123695980306 0 8
0.268700149397382 1 8
0.332428692678747 1 8
0.356818002862248 1 8
0.432573362875135 1 8
0.300836358983618 1 8
0.266353087229935 0 8
0.245973829684358 0 8
0.314009315819743 1 8
0.624220553035843 1 8
0.452465488955962 1 8
0.385896292684112 0 8
0.546213148377284 1 8
0.322997489304465 0 8
0.330192579366543 1 8
0.820708549856077 1 8
0.384663210745941 1 8
0.393960827691547 0 8
0.289378847217839 0 8
0.310059288166676 0 8
0.223960966807109 0 8
0.287581953639155 0 8
0.332492969903593 0 8
0.354433542599491 0 8
0.287900772361044 0 9
0.405958731926895 1 9
0.394347014627055 0 9
0.421418495521064 1 9
0.552979974065636 0 9
0.43431036247366 0 9
0.37326798632406 1 9
0.415623351807604 1 9
0.839900321889753 1 9
0.483146102408314 1 9
0.365090387693948 1 9
0.50436495642523 0 9
0.352087838184438 0 9
1.06471466717545 1 9
0.608442694766334 0 9
0.308295514004775 1 9
0.402827259753811 1 9
0.458560969435714 1 9
0.462108404716978 1 9
0.386828385914725 1 9
0.414503013642846 1 9
0.484318469351233 0 9
0.576358280609441 1 9
0.617754666405021 1 9
0.383732289790201 1 9
0.34905694193777 0 9
0.334467150407843 1 9
0.512549405370702 1 9
0.45021402992102 1 9
0.484830506988163 1 9
0.292665250013101 0 9
0.390951515565469 1 9
0.306543726892857 1 9
0.488543968129891 1 9
0.451188682794972 1 9
0.390062166458114 1 9
0.36700540503808 1 9
0.429011910373484 1 9
0.411513824616664 1 9
0.439832221456767 0 9
0.544013455874917 1 9
0.286019370071519 1 9
0.435929073071397 1 9
0.629057411763047 1 9
0.502873895512866 0 9
0.613827858962122 0 9
0.49971408906802 1 9
0.466953420378612 1 9
0.263756459799122 1 9
0.316351825909359 1 9
0.449936072178301 1 9
0.513300210193286 1 9
0.338320813249875 1 9
0.428851589535334 1 9
0.533859176580106 0 9
0.29781637353723 1 9
0.405730560362269 1 9
0.425533756723435 1 9
0.281582813793842 1 9
0.415431150449751 1 9
0.356134930549134 1 9
0.449956839695457 1 9
0.438402185481843 1 9
0.482984891588323 0 9
0.316653222916101 1 9
0.368266418830196 0 9
0.304382771498735 1 9
0.364691773003785 1 9
0.458930853291906 1 9
0.401530968340741 1 9
0.45667019858875 1 9
0.402769010801912 1 9
0.407365526145652 0 9
0.387940555752008 1 9
0.287666140933699 1 9
0.356438108539819 1 9
0.296959705892506 0 9
0.346469280156257 1 9
0.396495911996485 1 9
0.453140120149645 1 9
0.705719077286055 1 9
0.442174250635756 1 9
0.405690708489175 1 9
0.359231036292059 0 9
0.282272346202977 1 9
0.53022176745009 0 9
0.474597455491536 1 9
0.542135003511614 1 9
0.36969713482055 1 9
0.310589492878899 1 9
0.343583831698808 0 9
0.283298228449736 1 9
0.519766447230595 1 9
0.410892148654873 1 9
0.297054207328984 0 9
0.411006009550258 1 9
0.263495531055022 0 9
0.311583364771834 0 9
0.397461059868763 1 9
0.438731392714993 1 9
0.217149765712458 0 10
0.258182449125459 1 10
0.233325363156418 1 10
0.307732189653972 0 10
0.45726575159256 0 10
0.385231852584674 1 10
0.327412741166498 1 10
0.240945484124489 1 10
0.442520370955844 0 10
0.290117072836879 1 10
0.224233296002061 1 10
0.324290554729162 1 10
0.339797121737149 1 10
0.195837504835904 0 10
0.201195776027109 1 10
0.315683074623246 1 10
0.231688349873629 0 10
0.262223050172672 0 10
0.289532467646893 1 10
0.520513005073566 0 10
0.221168516283738 1 10
0.248523435349612 1 10
0.550929832846618 0 10
0.273405875639148 1 10
0.426292230588982 1 10
0.590589122209518 0 10
0.243791218988374 1 10
0.26402098518737 1 10
0.205944752543798 1 10
0.292987889540975 1 10
0.350268082529664 1 10
0.402189468790131 0 10
0.244977239103667 1 10
0.237029390506695 0 10
0.220428666062648 0 10
0.671539438589829 0 10
0.238261326904635 1 10
0.323975811884226 0 10
0.340667376014707 1 10
0.316541623810273 1 10
0.63099256988687 1 10
0.392623302940815 1 10
0.713240983806979 1 10
0.30033456594188 0 10
0.326483479561744 0 10
0.165715018465185 0 10
0.886525614736066 1 10
0.576413250117563 1 10
0.284689322908386 1 10
0.36072996365839 1 10
0.234418501252348 0 10
0.212022033409248 0 10
0.205233112858057 0 10
0.329569719792111 1 10
0.298746026906875 1 10
0.763413093852954 1 10
0.283454423155804 0 10
0.614320244305289 0 10
0.337742861055789 1 10
0.551579077491929 0 10
0.322275956473719 1 10
0.441149392422964 0 10
0.265171911461193 0 10
0.354961147667236 0 10
0.302359174300814 1 10
0.252367106845436 0 10
0.353505120335051 0 10
0.377740465084136 1 10
0.363753167154173 1 10
0.519273264755566 0 10
0.331636088386429 0 10
0.388748131205445 0 10
0.626681900337397 1 10
0.405761705315808 1 10
0.352234463070803 0 10
0.246582208477079 0 10
0.316919239894965 1 10
0.29308266725278 0 10
0.295016961028894 1 10
0.488491569135538 1 10
0.406137074548234 1 10
0.32964360811889 1 10
0.347263961716856 1 10
0.230332788372851 0 10
0.27440579694071 1 10
0.563609228472803 0 10
0.299842432994289 1 10
0.321431684678859 1 10
0.245527696693552 0 10
0.492032076191781 1 10
0.406134025014063 1 10
0.25699286567188 1 10
0.535682764277523 1 10
0.258279865257856 1 10
0.374226133232035 1 10
0.335032435940745 1 10
0.22963499125745 0 10
0.255543612678385 0 10
0.220581702641095 0 10
0.262860705652915 1 10
0.348276619842317 0 11
0.292252719193497 1 11
0.461801414693217 1 11
0.404944698343784 1 11
0.304748630172913 1 11
0.395842839823392 1 11
0.432390793104711 1 11
0.377097513021007 1 11
0.480950982457135 1 11
0.378084669284339 0 11
0.419663023863277 0 11
0.579633385314118 1 11
0.38175148516104 1 11
0.415782987917523 1 11
0.623624749958187 1 11
0.502864404686675 1 11
0.298633252658871 1 11
0.412065412540402 1 11
0.330767873160955 0 11
0.462491390470276 0 11
0.501120472056122 0 11
0.624841650687016 1 11
0.353504030489126 0 11
0.496986367166507 1 11
0.383818508899222 1 11
0.295761300345661 1 11
0.404211117775076 1 11
0.352221445169802 0 11
0.2631250792871 1 11
0.309719345753765 1 11
0.458495918054523 1 11
0.608792679037127 1 11
0.379731674434807 1 11
0.401773178988971 1 11
0.426616255260292 1 11
0.451988191237635 1 11
0.585105198468226 0 11
0.479313845079781 1 11
0.298557999631745 0 11
0.401797601585585 1 11
0.414149613265057 0 11
0.347529955046443 0 11
0.447058513075588 1 11
0.358998683405361 1 11
0.476375424527268 1 11
0.412556981585444 1 11
0.405977505148176 1 11
0.482688338406411 1 11
0.325523039791555 1 11
0.346471736253872 1 11
0.245744297911412 1 11
0.414314712225241 1 11
0.42659063181943 1 11
0.434815853575664 1 11
0.379070782019708 1 11
0.327048643585517 0 11
0.389599693024765 1 11
0.428484875460831 1 11
0.543448602746242 1 11
0.527937747874698 1 11
0.300783006805538 0 11
0.419657583970585 1 11
0.362318407310893 1 11
0.271361711109897 0 11
0.391493482859183 1 11
0.447536087629133 1 11
0.370566976773529 0 11
0.361089444356016 1 11
0.606554563683619 0 11
0.37150935960095 0 11
0.344012904257311 1 11
0.425134609642199 1 11
0.407111587490179 1 11
0.387739259484773 1 11
0.367205818491738 1 11
0.623005467887409 1 11
0.459652710954473 0 11
0.316750796421544 1 11
0.272338100319432 0 11
0.521100220058842 0 11
0.432547001817306 0 11
0.301648746080441 1 11
0.325499162628844 1 11
0.397160000700273 1 11
0.339933774085869 1 11
0.301621750000298 1 11
0.338768954115834 1 11
0.237402352349653 0 11
0.423369672137135 1 11
0.423730396660912 0 11
0.397093548540393 1 11
0.473855786270744 1 11
0.267836084946126 0 11
0.374230519324577 1 11
0.440888049870086 1 11
0.343276425351855 1 11
0.459746960035247 0 11
0.46425438537024 1 11
0.3109571067522 0 11
0.538278927888994 0 11
0.309445419136507 1 12
0.626616497242858 1 12
0.492771413185649 1 12
0.485005154172989 0 12
0.292219388262493 1 12
0.347124291537264 1 12
0.483110916291571 0 12
0.409927601824444 1 12
0.241698116783321 0 12
0.290086722133721 1 12
0.423268750793264 1 12
0.290390074404738 0 12
0.399401208133284 0 12
0.87302207045291 0 12
0.285003451964511 0 12
0.316292571882369 0 12
0.436846113734097 1 12
0.558277186754748 0 12
0.506732695887963 1 12
0.604458029448083 1 12
0.273516769111105 1 12
0.379060283635762 1 12
0.283722018415531 0 12
0.36744821935905 1 12
0.248422514983014 1 12
0.384076795689027 1 12
0.550395837789283 1 12
0.26612853536315 0 12
0.392594094736872 1 12
0.27229271083427 0 12
0.453350849364979 0 12
0.378643839253102 1 12
0.404078492587087 1 12
0.475835070221755 1 12
0.589897134802066 0 12
0.747897694650296 0 12
0.347986999944964 0 12
0.388868294357428 1 12
0.31073102708536 0 12
0.537921532133515 1 12
0.393128152936568 1 12
0.275718553930916 1 12
0.633687907451266 0 12
0.433307686925858 1 12
0.293145528200792 1 12
0.340216093469558 0 12
0.473082713694348 0 12
0.597897423006847 1 12
0.361240591813045 1 12
0.309435284392611 1 12
0.294921543048946 0 12
0.538613823116861 1 12
0.427122508585826 1 12
0.537850578595743 1 12
0.395642057460954 1 12
0.310625421773052 0 12
0.488691307643128 0 12
0.436892967020841 0 12
0.39233318580389 1 12
0.553888512893442 1 12
0.635035379100957 0 12
0.350536088165436 1 12
0.435876002980053 1 12
0.329258620166209 1 12
0.331594326898351 1 12
0.328505459390969 1 12
0.373342345272996 0 12
0.34415960930356 1 12
0.285762989976635 1 12
0.502034447495934 1 12
0.40032120234078 1 12
0.378589182198784 0 12
0.730490407046495 0 12
0.298325095725162 1 12
0.630321404795603 1 12
0.68803466129606 1 12
0.550628775705319 1 12
0.580033557245898 0 12
0.580026893944119 1 12
0.396886204912685 1 12
0.429498140249429 1 12
0.364875846875544 1 12
0.25041429062535 0 12
0.250518474141409 1 12
0.511927641053871 0 12
0.416456006784884 0 12
0.516409944797963 1 12
0.849465165955654 1 12
0.404756969103505 0 12
0.331221645953679 1 12
0.36945341827181 0 12
0.4918004971671 1 12
0.250362900797003 1 12
0.322033580658412 0 12
0.699785496838986 0 12
0.450555470604582 1 12
0.516088887300611 1 12
0.366255164695726 1 12
0.547016441731382 0 12
0.294939462248195 0 12
0.516915731633067 1 13
0.574199117674409 0 13
0.509027528953467 0 13
0.424996579852357 1 13
0.509330778602233 1 13
0.484620520207115 0 13
0.529015930804238 0 13
0.523140170918211 1 13
0.630448692130532 1 13
0.444663617890984 0 13
0.344242399151505 0 13
0.409900854355974 0 13
0.644823450555004 0 13
0.373812888653348 0 13
0.452692542303478 1 13
0.370356736521899 1 13
0.555269915539696 0 13
0.458810258762444 1 13
0.420717900694246 1 13
0.512263929752092 1 13
0.325615484286015 1 13
0.595254853913141 1 13
0.544234094625753 0 13
0.576241091706251 1 13
0.357401117785981 0 13
0.45240954183706 1 13
0.482749920250153 1 13
0.371263203601167 0 13
0.48679281150388 1 13
0.681161980848098 1 13
0.431312576998573 0 13
0.331180044364226 1 13
0.376632966048233 0 13
0.391023972405553 1 13
0.377402579588633 0 13
0.341978338772474 0 13
0.389308797928172 1 13
0.391386974309313 1 13
0.363049809505241 1 13
0.454982609137636 0 13
0.461885427214284 1 13
0.361122802743326 0 13
0.436050774703074 1 13
0.513611484918084 1 13
0.43446692247853 1 13
0.508401159276051 1 13
0.513565583224949 0 13
0.458752650169552 1 13
0.530286730229338 1 13
0.338987956162793 1 13
0.311340022978252 1 13
0.510979880604759 0 13
0.382851987243273 0 13
0.432104204556532 1 13
0.596396889679266 1 13
0.503066268630244 1 13
0.371782417775838 1 13
0.452868062968726 1 13
0.441400747323063 0 13
0.44295788451903 0 13
0.657323642956712 0 13
0.476396654935145 0 13
0.482537475639162 0 13
0.603097928428269 1 13
0.374843609935718 1 13
0.586799737610217 1 13
0.398839968202395 1 13
0.474716821290214 1 13
0.528362428915431 1 13
0.368721913693835 0 13
0.423200882026306 1 13
0.536757151045443 1 13
0.488518209684076 1 13
0.527989592631552 1 13
0.38383304438024 1 13
0.488207109533163 0 13
0.444566008556517 0 13
0.450207468436626 0 13
0.325567303400084 0 13
0.443374058688309 1 13
0.551907879169613 1 13
0.599149807404148 1 13
0.644360921728148 0 13
0.434309060383262 0 13
0.437477094150391 1 13
0.518191278825513 1 13
0.450027608956381 1 13
0.399549103826927 0 13
0.530059235843774 0 13
0.433702332237976 1 13
0.430936242263097 1 13
0.480531047555369 1 13
0.583039928344869 1 13
0.418883095545983 1 13
0.773571545272133 1 13
0.325179832828141 0 13
0.349895329143499 1 13
0.493996334731314 0 13
0.408421550002044 1 13
0.428445203371891 0 13
0.478054630154679 1 14
0.602156691879381 1 14
0.4359348723275 0 14
0.352245883619108 0 14
0.475263445129099 1 14
0.757174799484939 0 14
0.714115923249192 1 14
0.37253037307967 0 14
0.458569595016161 0 14
0.515866936490587 1 14
0.543557881597101 1 14
0.423189599720205 1 14
0.401207885522638 1 14
0.661022918044122 1 14
0.516411194130656 1 14
0.360724292536 0 14
0.445114590186128 1 14
0.513049475424362 1 14
0.661018051813971 1 14
0.496307176357505 1 14
0.599130602854837 1 14
0.532015333326667 1 14
0.568623195712258 1 14
0.544045934317442 1 14
0.357866583614076 0 14
0.449095413044171 0 14
0.467197705398501 1 14
0.511047201440237 0 14
0.570680952827317 1 14
0.5152804333096 0 14
0.411673092557988 1 14
0.604160526790168 1 14
0.559702729644042 1 14
0.302658105085324 0 14
0.47561688482519 1 14
0.356346268183589 1 14
0.431773368347619 0 14
0.460768642608522 1 14
0.586806654379442 1 14
0.475497320914275 1 14
0.466430158391671 1 14
0.42310264356327 0 14
0.385547850377068 0 14
0.342150341164482 0 14
1.12971012063014 0 14
0.555833912997047 0 14
0.422480054195268 1 14
0.392407037538562 1 14
0.444021136276491 1 14
0.41096212366893 1 14
0.455604026494344 1 14
0.608250680475293 1 14
0.431079386231254 1 14
0.4474152250212 1 14
0.50293549614676 0 14
0.364629579663403 0 14
0.420245485691429 1 14
0.430655350132236 1 14
0.436660978589397 1 14
0.487940459050619 0 14
0.347877481312106 0 14
0.462092380270354 0 14
0.830137378171629 1 14
0.482307805452583 1 14
0.536104018040829 1 14
0.928563194434899 0 14
0.478648386569902 1 14
0.319325091055868 1 14
0.542281125925374 1 14
0.463430889905974 1 14
0.470970234588556 1 14
0.384274922090824 1 14
0.63556744468708 1 14
0.595495882317659 1 14
0.631592360297844 0 14
0.488716076375133 1 14
0.454677157974172 1 14
0.443540599158396 1 14
0.410219311299386 0 14
0.590600384708575 1 14
0.474898080539305 1 14
0.620259607005325 1 14
0.472683006257719 1 14
0.84014564554043 1 14
0.483814158560461 0 14
0.641668891528535 1 14
0.42054713844812 1 14
0.436857198132647 1 14
0.38012933616046 1 14
0.534112672136062 1 14
0.406176717854352 0 14
0.621432178355435 1 14
0.559364314834309 1 14
0.342007655584028 1 14
0.531520378557972 1 14
0.436620153148496 1 14
0.413211675504611 0 14
0.46035299772278 1 14
0.427739011184311 1 14
0.377064467067346 0 14
0.619776007326929 1 15
0.471735908847323 0 15
0.31039522202215 0 15
0.59792672057001 0 15
0.481678941978095 1 15
0.478861020917802 1 15
0.516281990230064 1 15
0.373198019942097 1 15
0.551527998892641 1 15
1.02290045846764 1 15
0.749435178172407 1 15
0.469416571632239 1 15
0.495168892007284 1 15
0.515567295896016 1 15
0.461600067998838 1 15
0.791504745627305 0 15
0.722715552683076 1 15
0.297661630098333 0 15
0.349594353046328 0 15
0.663543193409353 1 15
0.472542411242342 1 15
0.397653671154139 0 15
0.522048998856828 0 15
0.469413639453403 1 15
0.77850748079639 1 15
0.596591142398339 1 15
0.650761673604636 1 15
0.695822412088562 1 15
0.499988850370983 1 15
0.440838643593026 0 15
0.955912628259769 1 15
0.577846130849884 0 15
0.311635943602975 1 15
0.69363710127558 1 15
0.594079562290605 1 15
0.743069395376785 1 15
0.49655781127004 0 15
0.345322054378099 0 15
0.880933527752496 1 15
0.824706038746416 0 15
0.819236273924011 0 15
0.770862571612076 1 15
0.482741174642025 0 15
0.730903030277602 1 15
0.528885735696739 1 15
0.618862340760013 1 15
0.355747796774219 1 15
0.519953526426475 0 15
0.578128260834311 1 15
0.638858366744687 1 15
0.75534507810188 0 15
0.658348627072843 0 15
0.521656844682833 1 15
0.76054122182609 1 15
1.09398170719086 1 15
0.534578644372 1 15
0.715735824271532 1 15
0.413390260249226 1 15
0.490904804526119 1 15
0.587004505652896 1 15
1.00090893690304 1 15
0.436436179221268 0 15
0.542432655802592 1 15
0.372041246500833 1 15
0.575645975355748 1 15
0.520901850377576 0 15
0.564915152235606 0 15
0.427369109112692 1 15
0.415215740070439 1 15
0.353918761262794 0 15
0.413092842806525 0 15
0.447211073115099 0 15
0.567231865626106 0 15
0.874410295754193 1 15
0.289336930236855 0 15
0.397005113366889 1 15
0.587914028820868 1 15
0.496364760012941 1 15
0.793633462308344 0 15
0.578036571360554 1 15
0.447323281783644 1 15
0.338306407923085 0 15
0.33980024007587 1 15
0.769229195646912 0 15
0.663964790435816 1 15
0.558546981244793 1 15
0.503065070935697 0 15
0.613787560303887 0 15
0.616142705894827 1 15
0.899966461221604 0 15
0.625127390725998 1 15
0.427098608916236 0 15
0.600143608658124 1 15
0.433375974589431 1 15
0.521114735967757 1 15
1.08603117136653 1 15
0.538868838467905 1 15
0.500468412676992 1 15
0.435208366913684 1 15
0.597436527113774 1 15
0.444493050158016 1 16
0.627838478645058 1 16
0.220423328698874 0 16
0.626308266806332 0 16
0.408682235298134 0 16
0.644095527704583 0 16
0.4872082169657 1 16
0.446556366372355 1 16
0.34503343079853 0 16
0.619741271419773 1 16
0.471458394274314 0 16
0.52325232135522 0 16
0.534041356598078 1 16
0.621003292802944 1 16
0.384787696201698 1 16
0.660549199133142 1 16
0.423882127436678 1 16
0.427621634477996 1 16
0.585776507086564 0 16
0.324853570280114 1 16
0.546170905386474 1 16
0.900422315958362 1 16
0.47171008540257 1 16
0.605065761478398 1 16
0.518371201426146 1 16
0.51962415707264 0 16
0.83799842462658 0 16
0.73789813159687 1 16
0.611306439472767 0 16
0.826481780072107 1 16
0.795316910477221 1 16
0.438695967675356 1 16
0.884212296390485 0 16
0.337978472571331 1 16
0.699959746125646 1 16
0.447909940483327 1 16
0.493569909730983 1 16
0.572445865938817 1 16
0.912602640150937 1 16
0.295044828320197 1 16
0.392950646961399 0 16
0.675988354568225 0 16
0.350458016926054 0 16
0.494577081609387 1 16
0.849770291533387 1 16
0.61166482725025 1 16
0.321223556084243 1 16
0.530844664470618 1 16
0.783123207804207 1 16
0.624079641033183 1 16
0.572350301495282 1 16
0.640443966284795 1 16
0.553092251949702 0 16
0.649178179090044 0 16
0.393731912306096 1 16
0.472451773395207 0 16
0.511178791943081 1 16
0.854239762920829 0 16
0.980369873579432 0 16
0.54633102645975 1 16
0.334401411846116 0 16
0.613483681204053 1 16
0.277823018076418 0 16
0.434795756789659 1 16
0.46551242289415 0 16
0.580896161012549 1 16
0.437472421075509 0 16
0.426439713474387 1 16
0.456766272637915 0 16
0.293342042383627 1 16
0.564110841913742 1 16
0.528537172725726 0 16
0.670974916570544 1 16
0.606938677963419 1 16
0.639514980662941 0 16
0.683717460608946 0 16
0.678697307957368 0 16
0.447261043989495 1 16
0.586514325034872 1 16
0.620891790549481 1 16
0.448873143121649 0 16
0.575527720716746 1 16
0.528320032332758 0 16
0.500481701637783 1 16
0.699533939354146 1 16
0.524690801135617 0 16
0.332475928266888 1 16
0.637940199506028 1 16
0.658147825768429 1 16
0.684661749958764 1 16
0.73955402047363 0 16
0.75644411708482 1 16
0.671711121353695 1 16
0.356197977847887 1 16
0.273406528448961 1 16
0.484642874272094 0 16
0.431193121156691 0 16
0.470622559702346 0 16
0.502592247134739 1 16
0.476771418317568 1 16
0.56959421460893 1 17
1.13217534369485 1 17
0.899223871544031 1 17
0.595096109039321 0 17
0.722852963860953 1 17
0.595667983824668 0 17
0.567981663440451 1 17
1.09294651673313 0 17
1.14342404421056 1 17
0.609227096392259 0 17
0.568899996790608 0 17
0.482318177242148 1 17
0.940711820351677 1 17
0.525645692779784 0 17
0.660890643018654 1 17
0.759377080175724 1 17
0.653152629500638 0 17
0.710356207762837 1 17
0.450326992786341 0 17
0.543618214795667 0 17
0.84266533457315 1 17
0.496254934113748 1 17
0.600563053045549 0 17
0.585781503336745 1 17
0.590145064554379 1 17
0.615989164437083 0 17
0.848385887808585 1 17
0.748567179931361 1 17
0.692875498377856 1 17
0.644330937972801 0 17
0.425063858651376 0 17
0.856722968228068 1 17
0.735921515524958 1 17
0.936800930284131 1 17
0.476092734069928 0 17
1.36680951070684 0 17
0.842617673314574 1 17
0.777789382517427 1 17
0.65769370996623 0 17
0.457482059241518 1 17
0.546902836261215 0 17
1.7168938440667 1 17
0.555900901805269 1 17
0.694291673630086 0 17
0.467979493013314 1 17
1.00684518053368 1 17
0.684639035845244 1 17
1.06438727406155 0 17
0.820859778717813 0 17
0.452383720228993 0 17
0.628965306166421 0 17
0.612334183848789 1 17
0.597221762714204 1 17
0.601139643102035 1 17
0.423757344593352 1 17
0.718304242487683 1 17
0.49333823453332 0 17
0.445858556059885 0 17
0.668021561992058 1 17
0.674958410064416 0 17
0.68885794380726 0 17
0.78638208785821 1 17
0.669816942309962 0 17
0.914211496103698 1 17
0.497350088133431 0 17
0.656318072325953 1 17
0.645251134828508 1 17
0.422373998593991 0 17
0.87320201305462 1 17
1.06667864848983 1 17
0.436435759979962 0 17
0.724172076044347 0 17
0.586744514755358 0 17
0.914491541844337 0 17
1.05528612979631 0 17
0.579682829590974 0 17
0.626113311111976 1 17
0.660502446646393 1 17
0.768402098778444 0 17
0.483397947019877 0 17
0.60939649050498 1 17
0.600974249619089 1 17
0.520127966415681 0 17
0.570318443801322 1 17
0.50620817401491 1 17
0.620972360026793 1 17
0.735362661356917 1 17
0.541461106882925 1 17
0.438767653319321 0 17
0.641046998298278 1 17
0.639914148627224 0 17
0.503277990321171 0 17
0.722868616646155 1 17
0.783582585236265 0 17
0.56965557983666 0 17
0.417193482476682 0 17
0.69181400612345 1 17
0.614041779983687 1 17
0.721047286052456 1 17
0.659630671735098 1 17
0.437565145352491 1 18
0.442011127487793 1 18
0.465680253802913 0 18
0.642707488621781 0 18
0.497717395168019 1 18
0.456232053116042 1 18
0.480310787079986 1 18
0.43105731067794 0 18
0.503891034621491 1 18
0.578069706580398 0 18
0.607984943947221 0 18
0.494250515574773 1 18
0.592457806295949 1 18
0.835543571196739 1 18
0.437544969878934 0 18
0.490629138125452 1 18
0.944976898293411 0 18
0.417072938552677 1 18
0.660795586591095 1 18
0.475677703912256 1 18
0.445959931354319 0 18
0.444930547682667 0 18
0.415176324978987 1 18
0.54352304943325 0 18
0.552012370279283 0 18
0.529970917375331 1 18
0.524073782863586 0 18
0.4582771049254 1 18
0.884671455658803 0 18
0.745231642486291 1 18
0.465204060044537 0 18
0.504903393127373 1 18
0.442943521223916 0 18
0.455484614121449 0 18
0.630150833781848 0 18
0.523083518279731 1 18
0.662593517052442 1 18
0.444686713284375 1 18
0.381093160942026 0 18
0.649544416278269 1 18
0.679369548260264 0 18
0.387286227619526 0 18
0.503783101020956 1 18
0.488185427162428 1 18
0.607206952235666 0 18
0.458855649637565 1 18
0.440983137749096 1 18
0.635678741813584 1 18
0.547935756808219 0 18
0.563883015024453 1 18
0.440551580865909 1 18
0.416215432123963 1 18
0.528801420107197 1 18
0.477116085544154 0 18
0.654788906576373 0 18
0.709684734421974 1 18
0.459608095624184 1 18
0.451110841081339 1 18
0.68898964044217 1 18
0.463787549661997 0 18
0.431626534306091 0 18
0.381041801613969 0 18
0.503352502887018 0 18
0.504683581828211 0 18
0.601944193442331 0 18
0.711150393522854 1 18
0.51787835656757 0 18
0.599106588764673 1 18
0.475164053630882 0 18
0.515064770493872 1 18
0.488386206894049 0 18
0.596963077336321 0 18
0.638626747371857 1 18
0.420891167872097 1 18
0.526140844486357 0 18
0.624905670438812 1 18
0.511835750450809 1 18
0.618480448968878 0 18
0.469092848320116 1 18
0.506184230230983 0 18
0.441254447819471 1 18
0.457575357934841 1 18
0.548866826892804 0 18
0.569102204152146 1 18
0.570066297654989 0 18
0.507452245390768 1 18
0.474622360388284 1 18
0.584051697590368 0 18
0.556513026530204 1 18
0.537839176574826 1 18
0.668004647091566 1 18
0.661548931993937 1 18
0.480992586990152 0 18
0.579344058928328 1 18
0.458940889207331 0 18
0.582192834431026 1 18
0.426192345480219 1 18
0.547647611462898 1 18
0.706088919187645 0 18
0.470338230151238 1 18
0.444065471854623 1 19
0.472848609268246 0 19
0.399709397838914 1 19
0.450317403361125 1 19
0.335356678191151 1 19
0.700973346230819 0 19
0.351665815311445 1 19
0.28385584726001 1 19
0.673259564554043 1 19
0.698680494468728 0 19
0.668442024006273 0 19
0.48951488306176 0 19
0.57311905545552 1 19
0.630799721480284 0 19
0.702671583865846 1 19
0.705257319362816 0 19
0.409574712853185 0 19
0.49839861840549 1 19
0.309545782874639 1 19
0.521045389950993 0 19
0.407301800295795 1 19
0.543187085215648 1 19
0.522348714954052 1 19
0.543495534878458 0 19
0.465768123220244 1 19
0.376233728736676 1 19
0.829190455785076 0 19
0.345671448777758 1 19
0.35912397488176 1 19
0.450245912709052 1 19
0.493429328426502 1 19
0.57372443290519 1 19
0.315173452468452 1 19
0.410361603877922 1 19
0.419023666264249 1 19
0.501502435835002 1 19
0.524484058847733 1 19
0.332477455771631 1 19
0.580799634504161 0 19
0.742370062276292 0 19
0.537983340715571 0 19
0.577374785621321 0 19
0.579515639093285 0 19
0.437170855538425 1 19
0.40373007770371 1 19
0.376620145099806 1 19
0.370707052008802 0 19
1.09332463132233 0 19
0.518718038191872 1 19
0.299757349700838 1 19
0.527398572027072 0 19
0.3163282221307 1 19
0.586858104782463 0 19
0.42316500585114 1 19
0.398882369724401 1 19
0.442371353130967 0 19
0.543296650506022 0 19
0.617231262779182 1 19
0.427971062668963 1 19
0.515465513561408 0 19
0.732981232990841 1 19
0.447568216863119 1 19
0.413904659338001 1 19
0.506801233569671 1 19
0.515734222518238 0 19
0.748734828525039 0 19
0.407876799876499 1 19
0.448490132011765 1 19
0.376834440777688 1 19
1.18737844613877 0 19
0.312784589420661 1 19
0.670332820874716 1 19
0.636217848942148 1 19
0.560662146027471 0 19
0.39766099202786 1 19
0.362941167954054 1 19
0.582056579772336 0 19
0.358777126645174 1 19
0.362392075360837 1 19
0.380441594994956 1 19
0.399840420562772 0 19
0.608258626309967 0 19
0.538765497678354 1 19
0.354863685120621 1 19
0.417125848788899 0 19
0.300831878609638 1 19
0.620828312105728 1 19
0.456719174728623 0 19
0.387962050269007 1 19
0.945532180892131 1 19
0.393652362370661 1 19
0.437757686768252 1 19
0.447931946888176 1 19
0.360764766977872 0 19
0.506180371625059 1 19
0.310136665905066 1 19
0.366435080961855 1 19
0.771194508837986 1 19
0.599751567924973 1 19
0.40590377471193 1 19
0.415870967730295 0 20
0.639115341724666 0 20
0.369046254127779 1 20
0.515783374593469 1 20
0.411863705607082 0 20
0.471293133834889 0 20
0.403557462879129 0 20
0.447274421343825 1 20
0.650608686712935 0 20
0.469164656094098 0 20
0.559324948728452 0 20
0.704724526058684 1 20
0.514350713026437 1 20
0.656807657647732 1 20
0.427544001348424 1 20
0.375005028629016 0 20
0.516308994910693 1 20
0.431747078256625 1 20
0.545665263402898 1 20
0.628095544518286 1 20
0.323601253414167 0 20
0.566351531567058 0 20
0.569656164490838 0 20
0.44350024809838 0 20
0.345707666505068 0 20
0.323838960230386 0 20
0.527592596168584 0 20
0.316029050819422 1 20
0.520590658649802 0 20
0.604885966252031 1 20
0.734902858373805 1 20
0.410284239188715 1 20
0.531818990494815 0 20
0.608907308720591 1 20
0.357243388744607 1 20
0.522383868409265 1 20
0.331964827855182 1 20
0.59375517484095 1 20
0.41952033647964 0 20
0.541295932450441 1 20
0.60307873315822 0 20
0.449243664123656 1 20
0.483669603508143 0 20
0.479550885939058 0 20
0.606833471603867 1 20
0.513273393623631 1 20
0.607811235695504 1 20
0.394229132494651 1 20
0.395451432886485 0 20
0.592634730811463 1 20
0.389351405373807 1 20
0.396897787825385 1 20
0.510491861479826 1 20
0.453490772449621 1 20
0.462438330444023 1 20
0.494775959802178 1 20
0.346996536018705 0 20
0.442603142736931 0 20
0.348880212640798 1 20
0.363121384538349 0 20
0.479089079588335 0 20
0.57882410856693 1 20
0.632579264070275 0 20
0.335497417989613 0 20
0.470794920466607 1 20
0.703630039942826 0 20
0.473920845013281 1 20
0.504722527341931 1 20
0.4523918339525 0 20
0.442957972152946 0 20
0.479817991174172 0 20
0.479078999624597 0 20
0.512839571059077 1 20
0.683283799618706 1 20
0.507640508027985 0 20
0.64621627745638 1 20
0.332294162849769 1 20
0.595373820335583 0 20
0.626724869667987 1 20
0.454076886329782 0 20
0.349356529802251 0 20
0.519421671710073 0 20
0.50347546156214 1 20
0.423685399901187 0 20
0.550530159057583 1 20
0.710742310883698 1 20
0.6097772312083 1 20
0.832323862218954 1 20
0.671983117189299 0 20
0.558991744952488 1 20
0.640639922017887 1 20
0.47875455262708 1 20
0.599350567758725 1 20
0.651088305654579 0 20
0.451061665127371 1 20
0.475318221526711 1 20
0.535276303855583 1 20
0.527661675457347 1 20
0.560764181355289 0 20
0.535293062195413 0 20
0.390546693812543 0 21
0.395296120192785 0 21
0.499667986688159 1 21
0.382394441112351 0 21
0.320659644319541 0 21
0.320035949560523 0 21
0.266346658678923 1 21
0.264822193894165 1 21
0.368985718834345 1 21
0.359465313936929 1 21
0.347452577051739 0 21
0.429304592204818 1 21
0.460205818200056 0 21
0.445788854445342 1 21
0.415213271199835 0 21
0.362412274525816 0 21
0.288219038903974 1 21
0.314241858605904 1 21
0.361789369138001 1 21
0.354567324741774 0 21
0.310671200739097 0 21
0.296906436620285 0 21
0.358796107655993 1 21
0.335417353073484 1 21
0.287518536634597 0 21
0.26140858456927 0 21
0.286778350999934 1 21
0.409829485279708 0 21
0.320684955087218 0 21
0.297386286267897 1 21
0.426709693599148 0 21
0.307708219408554 0 21
0.349698361149898 0 21
0.462971034864571 1 21
0.314505730935568 1 21
0.571437969907626 1 21
0.37299626874816 1 21
0.322868362222764 1 21
0.309777799110319 0 21
0.382443312825261 0 21
0.37643696520539 0 21
0.42376952192592 1 21
0.383956521097942 1 21
0.31749361733066 1 21
0.308647482043334 0 21
0.288070333611886 1 21
0.299503704983451 0 21
0.378130118735099 1 21
0.429932541304619 1 21
0.406162364401301 0 21
0.303018292344726 0 21
0.388044035294898 0 21
0.300211377231714 0 21
0.303997508653099 0 21
0.519527748954988 0 21
0.626816961305974 0 21
0.301996176195101 0 21
0.345815492391076 0 21
0.328479067014275 1 21
0.446239832058795 1 21
0.465777412399872 0 21
0.302968477858325 1 21
0.539267474212472 0 21
0.300366869079147 1 21
0.350806477101612 1 21
0.287597359259875 1 21
0.436798171889491 0 21
0.345909762683605 1 21
0.365135670930474 0 21
0.339472186693841 1 21
0.394079571876769 1 21
0.432717831177012 0 21
0.319618666088785 0 21
0.327793463894861 1 21
0.331308779374079 0 21
0.39907457308771 0 21
0.359248851900124 0 21
0.382019258219864 0 21
0.317943010953665 1 21
0.362637576881537 0 21
0.27304643225467 0 21
0.342152556041646 0 21
0.448661854686387 0 21
0.38764164957682 1 21
0.370736410532765 1 21
0.356743968984523 1 21
0.316523679853129 0 21
0.342067987669051 0 21
0.278382962895851 1 21
0.366800735509965 1 21
0.252645239744302 1 21
0.278572102708405 0 21
0.273975083425445 0 21
0.38103011558357 1 21
0.30503553712365 0 21
0.324029078244484 0 21
0.355714622302289 1 21
0.382623647769718 1 21
0.313598533750024 1 21
0.319929145568375 1 21
0.36353782786237 1 22
0.256144212581771 1 22
0.319029856050792 0 22
0.319032050032156 0 22
0.454890392894 1 22
0.27821363816834 1 22
0.338237267493208 1 22
0.290869199451371 1 22
0.446360581996528 1 22
0.285970512500484 1 22
0.288833904615196 1 22
0.333619789158389 1 22
0.397780535616905 0 22
0.390492974797641 1 22
0.258880421093651 1 22
0.320515596846544 1 22
0.271253836493471 1 22
0.346232273617148 1 22
0.247235575985312 1 22
0.313814187266582 1 22
0.269714350452071 1 22
0.254656641388428 1 22
0.307047391980147 1 22
0.313940840484099 1 22
0.34288295579302 1 22
0.668904056714062 1 22
0.369717876057893 1 22
0.338362722188741 1 22
0.469379556855239 1 22
0.369621850577805 1 22
0.289501646714302 1 22
0.450198885807586 0 22
0.349951553190161 1 22
0.325814207544823 1 22
0.240451398449082 1 22
0.357081654137798 1 22
0.28209088106694 1 22
0.333739746419661 1 22
0.32428515014589 1 22
0.311457129294428 1 22
0.382648929730785 0 22
0.40297239696829 1 22
0.385384711905434 0 22
0.329859359406259 1 22
0.466680866696268 0 22
0.261605031810639 1 22
0.279065149064231 1 22
0.343913990952785 1 22
0.326791736205872 1 22
0.295648288996964 1 22
0.402101429205156 1 22
0.293753763985274 1 22
0.375964022456459 1 22
0.261121599020097 1 22
0.530966558672969 1 22
0.306708877195909 1 22
0.524740890786798 1 22
0.35989864642573 1 22
0.299460964637881 1 22
0.372935303464093 1 22
0.323323788928364 1 22
0.47905293374655 1 22
0.353946028143879 1 22
0.255544999825849 1 22
0.295731510651196 1 22
0.463338236745053 1 22
0.343911354431147 1 22
0.296382660965137 1 22
0.43883420729523 1 22
0.430636865777099 0 22
0.332764689625006 1 22
0.361380566666102 1 22
0.239200112166711 1 22
0.27731073315647 1 22
0.307167248234828 1 22
0.221148319432164 1 22
0.429814770734706 1 22
0.317219153590193 1 22
0.30764709904338 1 22
0.348689383500058 1 22
0.383313973191533 0 22
0.48874166369904 1 22
0.316954226367436 1 22
0.34674954667869 1 22
0.377386631314212 1 22
0.354053359030673 1 22
0.300435393405229 1 22
0.355625631740028 1 22
0.342943206977974 1 22
0.308388011049055 1 22
0.308816722280395 1 22
0.263403705166138 1 22
0.463981829528209 1 22
0.332154121828632 1 22
0.347149958402096 1 22
0.252256505864962 1 22
0.328217465369403 1 22
0.33194098851052 1 22
0.354507367544778 1 22
0.582187398350776 1 22
0.731205784832223 1 23
0.566724930179922 0 23
0.598307431842827 0 23
0.547076254690919 0 23
1.09403208937761 1 23
0.692759446580193 0 23
0.648988494731087 1 23
0.626499533211189 1 23
0.631737443808636 1 23
0.596750241560969 1 23
0.584750951987983 1 23
0.496157909815403 0 23
0.552888442220304 0 23
1.05599757581294 1 23
0.679244096099271 1 23
0.599632583195617 1 23
0.568521933928847 0 23
0.537199755959155 0 23
0.796987177064875 0 23
0.516812196882873 0 23
0.445021328496087 0 23
1.01372210206002 1 23
0.917032423828157 1 23
0.900831493455372 0 23
0.797611257088133 1 23
0.678471714321039 0 23
0.512791297339603 0 23
0.482147466476314 0 23
0.628282603239307 1 23
0.561743110511612 0 23
0.574450353098348 1 23
0.991163912415459 0 23
0.822946860611196 0 23
0.771853086236319 0 23
1.14265799743135 1 23
0.54327200157821 1 23
0.448228307055987 0 23
0.447613860939798 1 23
0.40550087785819 0 23
0.424307333833521 1 23
0.566796886569828 0 23
0.502755945011014 1 23
0.540081697299913 1 23
0.807657990152556 0 23
0.833441988781677 1 23
0.576002397493801 0 23
0.792752204519008 1 23
0.788149378039201 0 23
0.4782526592305 0 23
0.831779123488732 1 23
0.509415423803042 0 23
0.649565133612504 0 23
0.537528479221242 1 23
0.661387596955559 1 23
0.475582371443813 0 23
0.652756512650147 1 23
0.505510461778548 0 23
0.594217098819879 1 23
0.562881225892547 1 23
0.677514788799378 1 23
0.493868503474032 1 23
0.571209170586413 1 23
0.658300685332729 1 23
0.673778120410315 1 23
0.86979976356206 0 23
0.649825160815891 1 23
0.508498889394229 1 23
0.518676333164277 0 23
0.880298505795627 1 23
0.443179965803389 0 23
0.64448324614661 0 23
0.470363468616748 1 23
0.490055862786857 0 23
0.530591192792849 1 23
0.498488851926739 0 23
0.536671491260776 1 23
0.465677746210449 0 23
0.64889224644762 1 23
0.479045544539165 0 23
0.631614823567231 1 23
0.48495014878613 1 23
0.565253438209288 1 23
0.47044252013288 0 23
0.643681664363927 0 23
1.06367778807692 1 23
0.516310817551898 0 23
0.566133542108385 0 23
0.466894515715533 1 23
0.4788214276243 1 23
0.720683833508636 0 23
0.602854433484263 1 23
0.60690782880087 1 23
0.495039111217018 1 23
0.515721398350645 1 23
0.540392545716994 0 23
0.828408262884065 0 23
0.841367969379017 0 23
0.817500182075728 1 23
0.645622506251567 1 23
0.555319331079883 1 23
0.449945657682802 1 24
0.596414061531425 0 24
0.713560671712871 0 24
0.578369391438381 0 24
0.466062371262085 1 24
0.629176754906014 1 24
0.553662916260834 1 24
0.434573347700881 0 24
0.373846723889622 1 24
0.508889037254536 0 24
0.520311412234896 0 24
0.441911839630716 1 24
0.723215748332436 0 24
0.385171170165193 0 24
0.326254669455376 0 24
0.682221975159141 1 24
0.608615258216614 1 24
0.596649929962907 0 24
1.16436039891831 1 24
0.482018123433098 1 24
0.36963027413188 0 24
0.366640564862348 1 24
0.907434405633334 1 24
0.888756449973316 1 24
0.391609483812834 0 24
0.754959968868285 1 24
0.48412071881095 0 24
0.672610130157433 1 24
0.733998143379009 1 24
0.880767937956142 1 24
0.407549027489697 0 24
0.404672509778088 1 24
0.398845763358955 1 24
0.440192282932849 1 24
0.720487619664117 1 24
0.47882755978059 1 24
0.261219059289184 0 24
0.413265477848242 0 24
0.281645240855733 0 24
0.764856464635765 1 24
0.475914410263636 1 24
0.303691293018968 0 24
0.879661580177493 0 24
0.475678853702917 1 24
0.367244858209347 0 24
0.729405421338734 1 24
0.301149580456077 0 24
0.56737240089059 1 24
0.526161962734131 1 24
0.628985459778275 0 24
0.451701561493133 0 24
0.359788922867415 0 24
0.467435365805619 0 24
0.309048238056881 0 24
0.951131537646508 0 24
0.385455099108074 0 24
0.765004390639719 1 24
0.265368749974428 0 24
0.399099692659973 0 24
0.376059037012209 0 24
0.655580968778362 1 24
0.542633615928348 1 24
0.432835709020373 0 24
0.679901220077967 1 24
0.433038848081932 1 24
0.375217262997216 0 24
0.528735364399227 1 24
0.533893510824489 0 24
0.361413731053187 0 24
0.468397909327077 0 24
0.475111007794944 0 24
0.633169943418467 0 24
0.441651097766366 0 24
1.22165096882507 0 24
0.625819983221678 1 24
0.474890771462329 0 24
0.638976581515246 1 24
0.415432927523748 0 24
0.408028554772498 0 24
0.409720786269763 0 24
0.35736069335715 0 24
0.511205443110509 0 24
0.360531376000502 0 24
0.693489645136594 1 24
0.416205196562278 1 24
0.832169158590948 0 24
0.419229985423798 1 24
0.478152375813054 1 24
0.729087514874149 1 24
0.366570648377083 0 24
0.402325996353358 0 24
0.413180431200522 0 24
0.392134070619549 0 24
0.42829382867371 0 24
0.422017235442903 0 24
0.51586076294784 1 24
0.306126740166431 0 24
0.488795607377981 0 24
0.358132921702319 1 24
0.413035076885217 0 24
0.569585199609387 1 25
0.555659114997671 1 25
0.381871733295007 1 25
0.581623099328177 1 25
0.399181764436907 1 25
0.54468331616362 1 25
0.374366724858559 1 25
0.352952861222554 1 25
0.520633366509476 1 25
0.288985465286931 1 25
0.437820416225406 1 25
0.37272502813071 1 25
0.406476519616782 1 25
0.653824103170316 1 25
0.347633421745556 1 25
0.305563698539218 1 25
0.472084832255472 0 25
0.570234688495461 1 25
0.425719022135968 0 25
0.439654170387903 1 25
0.566361884751062 1 25
0.609655587885443 0 25
0.310950520483229 1 25
0.306992488198542 1 25
0.477520060817479 1 25
0.528714399105477 1 25
0.473078337358098 1 25
0.406291260826095 1 25
0.364070099615977 1 25
0.377183410070019 1 25
0.551488598392604 1 25
0.305281417633558 1 25
0.507703701274498 1 25
0.256495456656222 1 25
0.491323906610369 1 25
0.358231945078859 1 25
0.49355660910858 1 25
0.775195249555932 1 25
0.525025013999094 1 25
0.468096886691123 1 25
0.404504395443939 1 25
0.486363585140827 1 25
0.400714520526244 1 25
0.556937864767371 0 25
0.270285144312291 1 25
0.444103287561001 1 25
0.498670671931214 0 25
0.548196864991233 0 25
0.600748265669637 0 25
0.505899447360595 1 25
0.449097872820297 0 25
0.521278655976878 1 25
0.376328838691764 1 25
0.301562644578851 1 25
0.514534354014411 1 25
0.421779166460237 1 25
0.547324867522279 1 25
0.315026428686416 1 25
0.279918648796001 1 25
0.422041850667561 1 25
0.554488656913546 1 25
0.482203772952652 1 25
0.3079821489249 0 25
0.490525962312094 1 25
0.463213178701511 1 25
0.64636908108057 1 25
0.496969983829753 1 25
0.373439735765164 1 25
0.497730219976619 1 25
0.520877139440668 1 25
0.528018005795994 1 25
0.462201434037657 0 25
0.442210705830524 1 25
0.409016071451208 1 25
0.503803581724728 1 25
0.258411333663653 1 25
0.516768121484682 1 25
0.28110340831476 0 25
0.557790063125818 1 25
0.335493726696261 0 25
0.296047979572578 1 25
0.671580759743871 1 25
0.579983137619209 0 25
0.61915351409493 1 25
0.369350603081062 1 25
0.500530995128466 0 25
0.255166540431601 1 25
0.46347974139618 1 25
0.393663093615725 1 25
0.304097047144195 1 25
0.562161358321526 1 25
0.526363427589328 1 25
0.491426937106185 1 25
0.276374596239201 1 25
0.457619564413133 0 25
0.585803632411465 1 25
0.428914438932586 1 25
0.385970943250404 1 25
0.306448415405131 0 25
0.490577929599586 1 25
0.38683662457735 1 26
0.381344747499738 1 26
0.470502644120289 1 26
0.556480089419061 1 26
0.551338905243638 1 26
0.511426976483454 1 26
0.358607756088794 1 26
0.260650834852311 0 26
0.347165421359132 1 26
0.476084120991002 0 26
0.435641885649226 1 26
0.605169224219776 1 26
0.42793812283918 1 26
0.371548625835343 1 26
0.672373800828668 1 26
0.634806726954047 1 26
0.40554859375523 1 26
0.259838985405099 1 26
0.43024925225224 1 26
0.415451246608798 1 26
0.318434950308833 1 26
0.371637522112553 0 26
0.320487838477178 1 26
0.362704725727017 1 26
0.539797153029137 0 26
0.456395087602445 1 26
0.315468559772205 0 26
0.452761245166709 1 26
0.451060881706443 1 26
0.608381921124151 1 26
0.490393140262842 0 26
0.731643434178338 1 26
0.505383264573221 0 26
0.694812522328881 0 26
0.425964584766534 1 26
0.356164322022504 1 26
0.315707865633466 1 26
0.429743995858837 1 26
0.553281000502287 0 26
0.41705493861421 0 26
0.520723163532091 0 26
0.587567706337575 1 26
0.358795319951816 1 26
0.642622301723556 0 26
0.60535388306518 1 26
0.428763234187991 1 26
0.455175025787868 1 26
0.294414774686917 1 26
0.883907649260358 1 26
0.418189338306496 1 26
0.596617253869611 1 26
0.42337165327421 0 26
0.478307198339872 1 26
0.700654531760549 1 26
0.472596454242209 0 26
0.418367190456649 1 26
0.405777261449413 1 26
0.554843399600879 0 26
0.439602730046866 1 26
0.500518283024183 1 26
0.383708657922008 1 26
0.262268724132156 1 26
0.388692225120976 1 26
0.468536889233339 1 26
0.490628314690769 0 26
0.476051645797372 1 26
0.707570449593719 0 26
0.468858247829719 1 26
0.372730732751058 0 26
0.492726652914151 1 26
0.516859468364833 1 26
0.456083713270191 0 26
0.507279083920983 1 26
0.393018662921589 0 26
0.415281775369428 1 26
0.519041020825931 1 26
0.328975983441674 1 26
0.489248723675457 1 26
0.500130724664374 1 26
0.359094848203024 0 26
0.309302115107044 1 26
0.58003500921651 1 26
0.361413757287378 1 26
0.390263248802073 1 26
0.559315931186256 1 26
0.444150222557566 0 26
1.09908110366993 1 26
0.763663563199982 0 26
0.949720940285367 0 26
0.390556432488545 1 26
0.476326786919994 0 26
0.393449069362236 1 26
0.252938654651312 1 26
0.549628869183974 1 26
0.649130294667009 0 26
0.435768908089145 1 26
0.555956790283286 1 26
0.666427549110274 1 26
0.373879692838978 1 26
0.317416360154932 1 26
0.287942275950246 1 27
0.282003559829884 1 27
0.300417901711756 1 27
0.276223103156707 1 27
0.343697278549444 0 27
0.309621106028357 1 27
0.360695014019382 1 27
0.328582359279858 1 27
0.266266161618783 0 27
0.308496677726575 0 27
0.385844560189512 1 27
0.253593584114997 0 27
0.284912957559494 1 27
0.303519582988891 0 27
0.249668672774804 0 27
0.383095156178607 1 27
0.305086135359913 1 27
0.273816070277844 1 27
0.469005915602512 1 27
0.352109607352583 1 27
0.235272291391133 1 27
0.219004699507721 0 27
0.565249666803882 1 27
0.410083597068245 1 27
0.309999385212391 1 27
0.299233649624158 0 27
0.393626960164365 1 27
0.311618802958927 0 27
0.270499260071796 1 27
0.300682994700741 1 27
0.482068212321801 1 27
0.351019182759514 0 27
0.338906094571822 0 27
0.238942804505514 0 27
0.271642118021513 1 27
0.208133759712611 0 27
0.327001901295367 1 27
0.270447673934745 1 27
0.399690729491944 0 27
0.23288576643427 1 27
0.377312899780695 0 27
0.496444461124767 0 27
0.555473251143707 1 27
0.234510475721723 1 27
0.397630085481512 1 27
0.36752225043524 0 27
0.329928826466617 1 27
0.323525331910944 0 27
0.420919823565848 1 27
0.242700283052758 1 27
0.453258718458901 1 27
0.252620053806977 1 27
0.347771011245886 1 27
0.427057933006291 0 27
0.3183135977269 0 27
0.295157887397167 1 27
0.315192456536995 1 27
0.361561803441944 1 27
0.372191445762244 0 27
0.203154812099377 0 27
0.351498343047036 1 27
0.260196175784498 1 27
0.248342579950835 1 27
0.307577998983265 0 27
0.413963006002314 1 27
0.43644835525439 1 27
0.256826430041454 1 27
0.329888710355531 1 27
0.2484054226823 0 27
0.419166003973561 1 27
0.291930842578322 0 27
0.351255066315786 1 27
0.35946677482611 1 27
0.266725730551551 1 27
0.282463155241134 0 27
0.346123085030169 1 27
0.681873151157412 1 27
0.302124411769601 1 27
0.261636334996425 1 27
0.343160855221895 0 27
0.291085354699089 1 27
0.425827734125266 0 27
0.462138415656714 1 27
0.333545970655894 0 27
0.325562151501279 1 27
0.542184483498144 1 27
0.294179329637712 0 27
0.23751685848319 1 27
0.233367177212652 1 27
0.277167459428645 0 27
0.326221913301384 1 27
0.341239831969522 1 27
0.24550085626534 0 27
0.289774405062393 0 27
0.370150226544209 0 27
0.37443116412982 1 27
0.336797210735526 1 27
0.32218411840287 1 27
0.417224646434988 1 27
0.370019532708045 1 27
0.52682571999309 1 28
0.375719192826582 1 28
0.537733009093165 1 28
0.547233318972656 0 28
0.688487561040597 0 28
0.439159479156035 0 28
0.891968777916106 0 28
0.636832629451697 1 28
0.369986936281206 0 28
0.835009373117749 1 28
0.457180601216105 0 28
0.630674364195833 1 28
0.52407355373334 1 28
0.78375042764291 1 28
0.493267952918542 1 28
0.397610713506475 0 28
0.4399743146225 1 28
1.03421112768219 1 28
0.662050649251872 1 28
0.452696305187891 1 28
0.864217168177948 0 28
0.579794153372846 1 28
1.17689257286022 0 28
1.67342090012786 1 28
1.00153117696882 0 28
0.404801958843744 1 28
1.04130889197607 1 28
0.52249668125875 0 28
0.858897431566875 1 28
0.344123775784129 0 28
1.63117556502125 0 28
0.371314131700689 0 28
0.96936139040881 1 28
0.41888539199722 1 28
0.9263460016904 1 28
0.539163152429908 1 28
0.815738999517281 1 28
0.377386979482801 0 28
0.736839227121284 1 28
0.506682347274585 1 28
0.786005837834959 1 28
0.611944242642197 1 28
0.46626075262285 0 28
0.319410958045532 0 28
0.438095233014336 0 28
0.535793506733816 1 28
0.717687653780019 0 28
0.367074864742502 1 28
0.555427488714002 0 28
0.592530786799782 1 28
1.1496419231624 0 28
0.283417077634706 1 28
0.596330747977556 0 28
1.17940524934254 1 28
0.743767323269818 1 28
0.831945827336052 1 28
0.32475999341413 1 28
0.647199024570999 0 28
0.34144435213725 0 28
0.875334776917784 1 28
0.410120955959683 1 28
0.480704054297846 0 28
1.42541643025292 1 28
0.369269596796219 0 28
0.430966435157987 1 28
0.325227181291357 0 28
0.341606722442958 0 28
0.508196657282337 0 28
0.448701598421908 0 28
0.59357233072617 1 28
0.306941126912119 0 28
0.43688222580986 0 28
0.521755492332697 1 28
0.898250020063787 1 28
0.345149634426071 0 28
1.07163568032031 1 28
0.599379970395959 1 28
0.797180730295376 0 28
0.435287906002681 0 28
0.417187744942463 1 28
0.476566846281886 1 28
0.711226210048595 0 28
0.39890813616392 1 28
0.655623825658953 1 28
0.828406931303679 1 28
0.329578617482676 0 28
1.13620069681325 1 28
0.744911321850446 1 28
0.310549601985069 1 28
0.505153418091814 1 28
0.308529194524874 0 28
0.429519244821908 0 28
0.403807669095247 1 28
0.399679558831778 1 28
0.681954492321177 0 28
0.362322635539423 0 28
1.26489789779645 1 28
0.665140582738658 1 28
0.527564107134323 1 28
0.396015106514775 0 28
0.389489153233454 0 29
0.406478430479561 0 29
0.292992623815444 1 29
0.416396266788417 0 29
0.400307492172761 1 29
0.28419692411032 1 29
0.657854798504997 1 29
0.348406775421798 1 29
0.443957649841166 1 29
0.417136357381484 1 29
0.365393394368795 1 29
0.295127520689671 1 29
0.371936455477198 0 29
0.539859657394059 1 29
0.369505770261424 1 29
0.511574767534714 1 29
0.452946959107445 1 29
0.651382096920097 0 29
0.46017356911569 0 29
0.354295523019368 1 29
0.313821332749816 0 29
0.38264972700552 1 29
0.365484427987854 1 29
0.335876701753012 1 29
0.21389311652478 1 29
0.334600178091008 0 29
0.272684965135136 1 29
0.36933682132396 1 29
0.311886564654702 1 29
0.26390509128153 1 29
0.432432252782655 0 29
0.548629924275077 1 29
0.414978291063158 1 29
0.357457147466606 1 29
0.448461357786442 1 29
0.352131442704216 1 29
0.416823871742685 0 29
0.368417575809529 0 29
0.322906067466064 1 29
0.360975396792089 1 29
0.470293126191243 1 29
0.307072154829366 1 29
0.287349894735979 0 29
0.512734962842701 0 29
0.497275097515125 1 29
0.417113607917379 1 29
0.327781836729627 0 29
0.439618263671201 1 29
0.252297772612551 1 29
0.249652153531818 1 29
0.277478503710139 1 29
0.349433105126995 1 29
0.372830518681174 0 29
0.279292353964298 0 29
0.352608134167203 1 29
0.399801782274375 0 29
0.262784777651824 1 29
0.334933602181578 1 29
0.285206051301749 1 29
0.466774145298718 1 29
0.604768566316247 1 29
0.367341288418997 1 29
0.393328473128159 1 29
0.246244846374567 1 29
0.353951250690456 1 29
0.336944848215843 0 29
0.292226300244718 1 29
0.303910427814447 1 29
0.224305317772766 1 29
0.247923055959128 1 29
0.406933544372118 1 29
0.364464879435707 1 29
0.287877366968333 0 29
0.381015525208282 0 29
0.560817712179369 1 29
0.321824071184048 1 29
0.379117895646532 0 29
0.444503235951262 1 29
0.317392868683356 1 29
0.295048344767604 0 29
0.317012931807161 0 29
0.43310055644138 0 29
0.309727271789019 1 29
0.415545514807841 1 29
0.233104005091918 1 29
0.338489286767776 1 29
0.327760598597339 0 29
0.360014018785513 0 29
0.344605357446595 1 29
0.364296220615863 0 29
0.26748532893093 1 29
0.40848010659323 1 29
0.598155738948992 1 29
0.319261859869706 1 29
0.44528633628826 0 29
0.332419012567258 1 29
0.249300175802469 0 29
0.30403772991903 1 29
0.629919418364807 0 29
0.266250308333961 1 29
0.261887719527246 1 30
0.553868860312127 1 30
0.318117006760712 1 30
0.343248933284173 1 30
0.394495503861675 1 30
0.46606843718383 1 30
0.757675331147023 0 30
0.332548533469425 0 30
0.385821528469644 1 30
0.408772173503274 1 30
0.4359471201304 1 30
0.210825978637027 1 30
0.366912605796181 1 30
0.286613834469232 1 30
0.422343011629777 0 30
0.467016224884724 0 30
0.269483657823751 1 30
0.418682248357384 0 30
0.356927008945318 1 30
0.326653834372529 1 30
0.420406538087547 1 30
0.415040582494739 1 30
0.424665291850613 0 30
0.280871745839045 1 30
0.485478158290937 1 30
0.450578511840305 1 30
0.612437737392065 1 30
0.274547026446333 1 30
0.581957235644973 0 30
0.384693166504419 1 30
0.506796687172283 0 30
0.340862054556701 1 30
0.282711657190696 1 30
0.402375509257134 1 30
0.285096516564074 1 30
0.46322521320183 1 30
0.361425150342541 1 30
0.277453942867154 1 30
0.284088648194867 1 30
0.3317331578202 1 30
0.27714728634265 1 30
0.392207775281122 1 30
0.400623163926766 1 30
0.624011261778919 1 30
0.386638353525552 1 30
0.295771495500628 1 30
0.420631113912532 1 30
0.296246867176489 1 30
0.211896723142065 1 30
0.379353451039507 1 30
0.439764558313794 1 30
0.313734851391867 1 30
0.448361950306136 1 30
0.574811315765284 0 30
0.458074031019666 0 30
0.397658400537951 1 30
0.366662326566806 1 30
0.414215146210904 0 30
0.946029402136906 1 30
0.339200035714157 1 30
0.243041089459094 1 30
0.436385369282872 0 30
0.355381932378862 1 30
0.413388051969577 1 30
0.363914955278328 1 30
0.678612087459194 0 30
0.245407004055708 1 30
0.425188596691826 1 30
0.299538948290416 1 30
0.467349965525928 1 30
0.971170241194523 1 30
0.238663572930951 1 30
0.255954096279905 1 30
0.442331553409752 1 30
0.334878740601108 1 30
0.390007806055802 1 30
0.461524487376548 1 30
0.287076596745418 1 30
0.240506864683765 1 30
0.370498756857058 1 30
0.259378522750292 1 30
0.375758668440131 1 30
0.333499258948606 1 30
0.370142758452272 0 30
0.552199126766014 0 30
0.361830153602549 1 30
0.350388921705389 1 30
0.291205546246708 1 30
0.463726179734935 1 30
0.401200128532556 1 30
0.26329499535794 1 30
0.581921423964859 1 30
0.529620039678048 0 30
0.50731779598044 0 30
0.422785438898628 1 30
0.334069043916392 0 30
0.364670708762418 1 30
0.702348330311119 0 30
0.812735443835008 1 30
0.251245702900201 1 30
0.624987315136483 0 31
0.305686584260305 1 31
1.37944428023416 0 31
0.745253841848113 0 31
0.68158443481798 1 31
0.500365568031179 1 31
0.585114293637187 1 31
0.464337307059148 1 31
0.436439991727034 1 31
0.35234892810784 1 31
0.424364237376481 1 31
0.424938725230088 0 31
0.561748668675951 1 31
0.787228927820309 1 31
0.378959339289442 0 31
0.270869018019607 1 31
0.45221024984346 1 31
0.496829569043287 1 31
0.357810977339387 0 31
0.425075950297584 1 31
0.695062767369205 1 31
0.399336954401638 1 31
0.614206505522864 1 31
0.40904498727355 1 31
0.302058377025058 1 31
0.580444106229093 1 31
0.38918273593479 1 31
0.363849929957411 0 31
0.438543885911772 1 31
0.357315602536368 1 31
0.428141644920128 1 31
0.639073649787173 1 31
0.538221236095165 1 31
0.446246987866099 1 31
0.665449091604468 1 31
0.47903588586206 1 31
0.379168631980924 1 31
0.951682437846736 1 31
0.39522876846198 1 31
0.746025787239848 1 31
0.671788406705463 1 31
0.403303592158759 1 31
0.44171254670656 1 31
0.393663387318167 1 31
0.639963118788097 1 31
0.387093196516984 0 31
0.403579037100329 0 31
0.33903244119401 1 31
0.436683990971491 1 31
0.304953151536034 1 31
0.415459647799539 1 31
0.497428814355811 1 31
0.22678967002336 0 31
0.53288368197942 1 31
0.536132018368238 0 31
0.302664589021848 0 31
0.561131128835466 1 31
0.441431953827599 0 31
0.292792532639355 0 31
1.55721638921607 1 31
0.404265109178728 1 31
0.846038639487351 0 31
0.378205376208778 1 31
0.803549515197209 1 31
0.796836183381309 0 31
0.32653484649814 0 31
1.04063927430857 1 31
0.784388964877062 0 31
0.376124890555638 1 31
0.580951019114763 1 31
0.948132626996425 1 31
0.570272595950725 1 31
0.374878870943736 0 31
0.316644742143796 0 31
0.284262299072911 0 31
0.501557462325806 1 31
0.377993647567391 1 31
0.472130093834435 0 31
0.363572540173951 1 31
0.375383770934465 0 31
0.538206308637359 0 31
0.867334168824215 1 31
0.326361283007032 0 31
0.347613408945927 1 31
0.4525413089706 0 31
0.29216134620779 1 31
0.420465499145448 0 31
0.592486273540303 1 31
0.406467866429485 0 31
0.81260884543426 1 31
1.12243191714327 1 31
0.490575056549549 1 31
0.370761217561855 0 31
0.44216673691638 1 31
0.391154543925843 1 31
0.453378458244051 1 31
0.496929286504484 1 31
0.318941210050504 1 31
0.51028243764501 1 31
0.472317807932037 1 31
0.49646371687478 1 32
0.437826475109592 1 32
0.593732529260506 0 32
0.512762408927475 1 32
0.542684015830683 0 32
0.47106022654607 1 32
0.28633668807746 1 32
0.391977108915309 0 32
0.491342033152986 1 32
0.330702938740844 0 32
0.462282576830799 1 32
0.580363868637888 1 32
0.323370404412712 0 32
0.425845124202979 1 32
0.558562957395984 0 32
0.548665190133404 1 32
0.406158791793329 1 32
0.582556716164538 1 32
0.401742652595192 1 32
0.566995200900087 1 32
0.489724448140669 1 32
0.477519744070378 1 32
0.560064896750751 1 32
0.33654037341372 1 32
0.264371320433575 1 32
0.663912931955276 1 32
0.360243318306446 1 32
0.545658097673241 1 32
0.336551361647295 1 32
0.337362453429695 1 32
0.448246404184256 1 32
0.325396353366517 0 32
0.480132198603228 1 32
0.305697126304383 1 32
0.431677698588267 1 32
0.428504089096409 1 32
0.585689342764524 1 32
0.416341773829806 1 32
0.297178346049258 1 32
0.537589148229044 1 32
0.826324080902749 1 32
0.368016701742271 1 32
0.713841785210027 1 32
0.326343321455368 1 32
0.375051398398518 0 32
0.653100379258033 1 32
0.304017528461993 1 32
0.336403957889489 1 32
0.273802324927324 1 32
0.527917371309866 0 32
0.30551619502526 1 32
0.482408354197144 1 32
0.370425030197712 1 32
0.426595795751742 1 32
0.269626534885074 1 32
0.711822121313898 0 32
0.624146269787431 1 32
0.614268114540134 0 32
0.424306541727186 1 32
0.416233781503213 1 32
0.501449195000255 0 32
0.298344799213197 1 32
0.988379595208542 1 32
0.417437673831237 1 32
0.621800396642088 1 32
0.388568077265852 1 32
0.682678147264086 0 32
0.331015807469642 1 32
0.312254318610727 1 32
0.547308161221001 1 32
0.392742176342821 0 32
0.403193906654484 1 32
0.432128522368769 1 32
0.290578293393978 1 32
0.455402246884066 1 32
0.509341376010216 1 32
0.340651360448235 1 32
0.342667938139131 1 32
0.838411994453969 1 32
0.461601364000275 1 32
0.633358601057969 1 32
0.301070132434072 1 32
0.46749475514553 1 32
0.572353299158146 0 32
0.50692526388204 1 32
0.399010114057865 0 32
0.481630471386562 0 32
0.493237291885238 1 32
0.405009051483544 1 32
0.346611702125367 0 32
0.491003141137289 1 32
0.441172825814568 1 32
0.396443801448048 1 32
0.66910447366495 1 32
0.464959651270572 1 32
0.761548478553096 1 32
0.25907082433156 1 32
0.356264698781002 1 32
0.337242899383634 0 32
0.577148356976043 0 32
0.336217642580081 1 33
0.362755900648973 1 33
0.523649456957767 0 33
0.592037289882974 0 33
0.438188753318893 0 33
0.371631369655732 0 33
0.604076811671549 1 33
0.478136463984936 1 33
0.345743002253162 1 33
0.65665307421282 0 33
0.427155371803379 0 33
0.378356999017744 1 33
0.278057795494698 1 33
0.314473241120133 1 33
0.514966411646082 0 33
0.610083606972332 0 33
0.47372765311244 1 33
0.463527788749962 1 33
0.365140370137844 1 33
0.520366260848264 0 33
0.521824565232542 1 33
0.469933978855253 1 33
0.399194762373249 1 33
0.348960765232264 1 33
0.438569804642739 1 33
0.452711538556723 1 33
0.406686083480308 1 33
0.533051919302273 1 33
0.392492667994749 0 33
0.843593493703848 1 33
0.356497964182492 1 33
0.407135664534606 1 33
0.48089798519611 0 33
0.475885716934313 1 33
0.371717630317638 0 33
0.822715712360983 1 33
0.585443760878559 1 33
0.464357494468194 1 33
0.339686997368966 1 33
0.509420333828873 0 33
0.49127688282437 1 33
0.32831333774069 0 33
0.349434943279878 1 33
0.388278972180027 1 33
0.481854424734039 1 33
0.346640451642094 1 33
0.454302685609853 1 33
0.417760799456895 1 33
0.433641460240195 1 33
0.30375913289001 1 33
0.391786715494351 1 33
0.445312885678331 1 33
0.681491769053962 0 33
0.288375120216417 1 33
0.488027331134265 1 33
0.341617628729514 1 33
0.327165398760633 1 33
0.336050617129956 1 33
0.65077715584349 1 33
0.390480709030033 1 33
0.404575875948984 0 33
0.514413906776897 1 33
0.546406583304212 1 33
0.33707072255999 1 33
0.498966710081572 0 33
0.541817298216538 1 33
0.423799348698725 1 33
0.443718233504749 1 33
0.400425124934639 1 33
0.310856858390887 1 33
0.391492601004763 1 33
0.469879436966596 1 33
0.392705735191454 1 33
0.409706177469107 1 33
0.431860334129067 1 33
0.602054579065909 0 33
0.545522478336358 1 33
0.316812083879292 1 33
0.383941996824529 1 33
0.28965777599216 1 33
0.440807327327101 0 33
0.740984591078445 1 33
0.559753490328685 1 33
0.294036915958948 1 33
0.480550482993356 1 33
0.497455074405185 1 33
0.388956127007807 0 33
0.491524693051555 1 33
0.62746706505341 1 33
0.289420304781895 1 33
0.710928051009958 0 33
0.314222842826107 1 33
0.290529781919087 1 33
0.341013751743672 1 33
0.404388730822689 1 33
0.283726717797285 1 33
0.412920706583282 0 33
0.314644303980135 1 33
0.633070919708333 1 33
0.425167143169588 1 33
0.553384542875052 1 34
0.445842900696137 1 34
0.490768667522281 0 34
0.820610792902308 1 34
0.706403370867079 1 34
0.383210030241712 1 34
0.495705949533157 0 34
0.375771876732524 1 34
0.352611602544928 1 34
0.664912966571994 1 34
0.70891034707435 1 34
0.350766149617797 1 34
0.46611699588901 1 34
0.422669962482409 1 34
0.433303504528554 1 34
0.77588849593302 1 34
0.379551588784804 1 34
0.543793343637071 1 34
0.580133712388365 1 34
0.583113930585666 1 34
0.292548230980197 1 34
0.499867258036425 1 34
0.670484462902156 1 34
0.381044975136579 1 34
0.452193172407279 0 34
0.345146530640499 1 34
0.247128677182902 0 34
0.506595720168191 1 34
0.351588322640291 1 34
0.867881296633301 1 34
0.331495806289513 1 34
0.966920508602992 1 34
1.12968106942434 1 34
0.315961596681167 1 34
0.400652556982318 1 34
0.794901056149099 1 34
0.737575021703806 1 34
0.495508562176371 1 34
0.385478165408548 1 34
0.539524964345684 1 34
0.5742145888866 0 34
0.661553451415947 1 34
0.584400151270343 1 34
0.521777688634052 1 34
0.518301664051887 1 34
0.504720005377102 1 34
1.00950819524857 1 34
0.416968652120787 1 34
0.660271015545775 1 34
0.25763694574399 1 34
0.299656397653851 1 34
0.501991168468449 1 34
0.426246111572791 1 34
0.817695178800984 1 34
0.707203989532735 1 34
0.53251232565854 1 34
0.265598415878101 0 34
0.510600067094604 1 34
0.440692092733445 0 34
0.658777124079241 1 34
0.558562374673406 1 34
0.856467363138332 1 34
0.534419691733992 1 34
0.865353717700332 1 34
0.698908435881561 1 34
0.399497583164736 1 34
1.1717770768553 1 34
0.469866858953549 1 34
0.721039316540251 1 34
0.505296920403155 0 34
0.454407076976731 1 34
0.467346189072665 1 34
0.492162852201695 1 34
0.484043342267426 1 34
0.514380298956432 1 34
0.596165113909007 1 34
0.523298765264672 1 34
0.353746810501932 1 34
0.697013428926813 1 34
0.743137321981341 1 34
0.548485043227187 1 34
0.706165920460231 1 34
0.654075055569186 1 34
0.411945144020314 0 34
0.527553740229928 1 34
0.603777159054794 1 34
0.566742274205483 1 34
0.785115999683429 1 34
0.921171494100213 1 34
0.447118233456495 1 34
0.579624735212258 1 34
0.377570261572715 1 34
0.673291910072538 1 34
0.673440648433555 1 34
0.517617505077515 1 34
0.220619814224315 0 34
0.913702956965944 1 34
0.979572736506986 1 34
0.634824271073906 1 34
0.845569376019433 1 34
0.437199267053853 1 35
0.394083207578724 0 35
0.298405350494033 0 35
0.306969895933044 1 35
0.327846409756234 1 35
0.246260001293424 0 35
0.374568707432882 1 35
0.257379004313457 1 35
0.481395367075353 1 35
0.226207468806518 1 35
0.271973134030328 0 35
0.43474104043791 1 35
0.272298587272951 1 35
0.406039808178636 0 35
0.467014934671026 0 35
0.319566012895724 0 35
0.661105910186369 0 35
0.481900703096571 1 35
0.491780024218598 1 35
0.332728708445182 1 35
0.327071577760981 0 35
0.258326025022676 1 35
0.303502076279689 0 35
0.280743721399366 0 35
0.391136057423199 1 35
0.41400730534186 0 35
0.421218832351758 0 35
0.571688826313637 0 35
0.327071440052096 1 35
0.683362243859618 1 35
0.350445762749967 1 35
0.600360776836239 1 35
0.360356943494806 1 35
0.449277916457879 1 35
0.322497477108809 0 35
0.337882549089984 0 35
0.321048866233482 0 35
0.25191259788101 1 35
0.29945720016992 1 35
0.279043157617468 1 35
0.455570760146953 1 35
0.435430681554874 1 35
0.282924739339214 1 35
0.489855323613299 0 35
0.375955102156801 1 35
0.391403342830576 0 35
0.379169443584346 1 35
0.444255059155688 1 35
0.333274636061252 0 35
0.234112838051399 1 35
0.230963972722008 0 35
0.354687936255222 1 35
0.315288239540775 0 35
0.336210342390128 1 35
0.310255741773961 0 35
0.354018877011816 1 35
0.275173479938657 1 35
0.299245774024614 0 35
0.218407414371832 0 35
0.325223442366275 0 35
0.293708086101308 0 35
0.619605319254276 1 35
0.336120682494436 0 35
0.300078394148867 0 35
0.288153178911947 1 35
0.456015017477554 1 35
0.239148044575282 0 35
0.26424543300541 0 35
0.599409732180512 0 35
0.307723996937724 0 35
0.289914933495362 0 35
0.323481917729018 1 35
0.395418331252528 0 35
0.259226404935063 1 35
0.335883053438529 1 35
0.421275963718054 1 35
0.396551652505394 1 35
0.32996211013028 1 35
0.395313467161199 1 35
0.361938734326564 1 35
0.297522093592272 1 35
0.281379275172884 0 35
0.405916130135387 1 35
0.245555871288143 1 35
0.2315911106644 1 35
0.325627528570712 1 35
0.346304488312768 0 35
0.314771356614432 1 35
0.384160918150291 1 35
0.439273199750857 1 35
0.30827741463329 0 35
0.392894431096096 0 35
0.253031378729692 1 35
0.38204845898722 0 35
0.413608758345025 1 35
0.346102034989204 1 35
0.43320965841194 0 35
0.449618594786963 1 35
0.229124821210031 0 35
0.347673153191672 1 35
0.788691483867065 1 36
0.57449142319998 1 36
0.579969771270762 0 36
0.491582482020011 1 36
0.77011189297452 1 36
0.561845469277414 0 36
1.00627100432743 1 36
0.845575096642827 1 36
0.364100441150609 0 36
1.08914625856488 1 36
0.526329311814756 1 36
0.416487719214629 0 36
0.48697707361126 1 36
0.560051355629509 1 36
0.515279334116808 1 36
0.671939914124853 1 36
0.409795685731638 0 36
0.739591214179376 1 36
0.948691615375692 0 36
0.721121045895642 1 36
0.444856683544889 0 36
0.974624711273928 1 36
0.663783699890165 1 36
1.25902596649882 1 36
1.04536308843871 1 36
0.505133063201401 0 36
1.01551231506047 1 36
0.748775788546743 0 36
0.473267098991087 1 36
0.696212798801253 1 36
0.366050528706266 0 36
0.610171329486279 1 36
0.709944885388798 1 36
0.402820135034043 0 36
0.889992467140727 1 36
0.371121380015414 0 36
0.418777065393206 0 36
0.532300024928053 0 36
0.49629972667216 1 36
1.00774306386689 1 36
1.04552682462273 0 36
0.429136953868487 1 36
0.350394513026828 0 36
0.727976742786829 1 36
0.566828351454787 1 36
0.632527433719383 0 36
0.522521008692431 1 36
0.552767587045148 1 36
0.431923164789957 1 36
0.587535879397017 1 36
0.38784248125366 1 36
0.704419918929315 1 36
0.595253962836391 0 36
0.483239984473554 0 36
0.428580125231683 1 36
0.404116361706964 1 36
0.597043989472205 1 36
0.747232957626009 0 36
0.381255820225134 1 36
0.445415984105709 1 36
0.706684880162685 0 36
0.455560777815292 0 36
0.611089726132059 0 36
0.555181695551337 1 36
0.40524665052984 1 36
0.753991210700002 1 36
0.39750481760497 1 36
0.473531453734753 1 36
1.00243602967111 1 36
0.569557236027679 1 36
0.406006833305346 1 36
0.863404229902991 0 36
1.07501143132952 0 36
0.443386899776049 0 36
0.850380371476016 1 36
0.440300738955001 1 36
0.473151701657468 0 36
0.429376850188506 0 36
0.499447497354726 0 36
0.515483417338253 1 36
0.695780017831991 1 36
1.18055951163521 0 36
0.533527334274829 0 36
0.77891470774373 1 36
0.714401737786806 1 36
0.647590723617257 0 36
0.764746023976446 0 36
0.424687745002048 1 36
0.580975243340797 1 36
0.394371683837976 1 36
0.483175642953729 1 36
0.394030506923231 0 36
0.697058717883481 0 36
0.579980270735053 1 36
0.499587288573002 0 36
1.15916146934854 1 36
0.577326385700801 0 36
0.402978036977594 1 36
0.321626324450812 0 36
0.371827731082701 0 36
0.493456184375935 0 37
0.478141834634998 1 37
0.99169349912135 1 37
0.50128118996768 1 37
0.695420567705617 1 37
0.392296882097342 0 37
0.546740217314074 1 37
0.744299114441722 0 37
0.508874455793704 0 37
0.628424936022959 1 37
0.569730718037395 0 37
0.381847483888148 0 37
0.463233980648481 0 37
0.672964032684067 1 37
0.397522038949903 1 37
0.716856963943472 0 37
0.504237885297657 1 37
0.623643214840734 0 37
0.497034576373204 1 37
0.455503021420704 1 37
0.410604101632936 0 37
0.387367929769186 0 37
0.791719268739483 1 37
0.389367577152902 1 37
0.527851142970727 1 37
0.418712458053269 0 37
0.474627438288797 0 37
0.496496254124041 0 37
1.0408869955816 0 37
0.55128089947111 1 37
0.552484305224292 0 37
0.54940452579232 0 37
0.580695183476163 1 37
0.50987193321986 1 37
0.608007863626739 1 37
0.529233962317247 1 37
0.754830203036168 1 37
0.740682413796269 0 37
0.381690270159642 0 37
0.551576158953411 1 37
0.635672518401065 1 37
0.431568392927508 0 37
0.462852280662537 1 37
0.358802047932363 0 37
0.569968493661052 0 37
0.577211554620664 1 37
1.17721037593984 1 37
0.428949220984787 0 37
0.387964549771263 0 37
0.601226299734125 0 37
0.62380830450652 1 37
0.645790333530975 1 37
0.494105150966581 0 37
0.500305876953679 0 37
0.573922072765423 0 37
1.06436208510627 1 37
0.589470197277718 0 37
0.984949203414309 1 37
0.840737778318214 1 37
0.563720576435401 1 37
0.648180037718282 1 37
0.617388629591124 1 37
0.859455045842801 0 37
0.662878899273735 0 37
0.596351922415767 1 37
0.549302554226096 0 37
0.646850081415779 0 37
0.501166098509096 0 37
0.533301235642671 0 37
0.605719031097066 1 37
0.371679640964891 1 37
0.341885679334854 1 37
0.525552437137048 1 37
0.585701126785211 0 37
1.17452457365855 0 37
0.491647613168435 1 37
1.15027805603789 0 37
0.478794316580002 0 37
0.381996225730191 1 37
0.637640149240025 1 37
0.542317227344038 0 37
0.462918786267743 0 37
0.547131438345905 0 37
0.588944579978328 0 37
0.53181350402093 1 37
0.724637018112183 0 37
0.500891865393125 0 37
0.597446795062417 1 37
0.601235763941372 1 37
0.546708038783136 0 37
0.398531245010782 1 37
0.459434429423878 1 37
0.507187167548645 1 37
0.726511650468107 1 37
0.47125696187802 0 37
0.708273618275133 0 37
0.560176048434542 0 37
0.538071960402952 0 37
1.07009373772703 0 37
0.526490564070943 1 37
0.387427426819782 0 38
0.375099171688408 0 38
0.429118082002995 1 38
0.469999174027402 1 38
0.397775354292627 0 38
0.540049647284539 0 38
0.468254511643096 0 38
0.374103232338255 0 38
0.410571347094465 1 38
0.447221403497276 0 38
0.267012220504948 0 38
0.335519033900756 1 38
0.552384475950629 1 38
0.520117968102484 1 38
0.318965292016335 1 38
0.390009368217008 0 38
0.38169774277101 0 38
0.763250874035497 0 38
0.512082390102031 0 38
0.309248856973588 1 38
0.327942603518423 1 38
0.481496083805072 1 38
0.392076592548495 0 38
0.491509630507299 0 38
0.362832964054271 1 38
0.459484887607338 1 38
0.534928055744211 1 38
0.413039464794337 1 38
0.444369000410234 1 38
0.409690024245019 0 38
0.369104530718753 1 38
0.501724839237218 1 38
0.42155231178692 1 38
0.589003064209959 0 38
0.297413785186696 0 38
0.480251034751301 0 38
0.435528986813733 1 38
0.449982485407682 1 38
0.344148878034606 1 38
0.38013828058193 1 38
0.357153996668461 0 38
0.42213127255905 0 38
0.606308554113266 0 38
0.395579234997368 0 38
0.524796530777377 0 38
0.451567561179465 1 38
0.267302504088152 0 38
0.470673505187915 1 38
0.617799839606834 0 38
0.625678084061095 0 38
0.385899557016959 1 38
0.362978513703642 0 38
0.527165050151877 0 38
0.339768921354881 1 38
0.330514397972063 0 38
0.379690951731532 0 38
0.327907829049925 0 38
0.318640316044578 1 38
0.374940548664001 0 38
0.369215501543232 0 38
0.43313034089905 1 38
0.447247710146125 0 38
0.395416688742273 0 38
0.303384886344089 0 38
0.555926251110447 0 38
0.699363372152998 0 38
0.342715375564426 0 38
0.31590866464148 0 38
0.528862173494866 0 38
0.403233525444677 0 38
0.448625623539972 0 38
0.390579001454989 1 38
0.367568989323026 0 38
0.338616449464709 1 38
0.280126363526327 0 38
0.750439385027872 1 38
0.396982570430914 1 38
0.468286631541418 0 38
0.340340115084932 0 38
0.548621856156574 0 38
0.313737561747955 0 38
0.586164918150745 0 38
0.485584657171425 1 38
0.421349308465111 1 38
0.397742028983736 1 38
0.684630081123763 0 38
0.391004698940728 0 38
0.536825859667153 0 38
0.408599640875195 1 38
0.434357908426782 1 38
0.34888849539862 0 38
0.395686976626474 0 38
0.417664851349283 1 38
0.341929984667545 1 38
0.659779959450374 1 38
0.310872123295743 1 38
0.406983567563422 0 38
0.436557983241886 0 38
0.382254421583751 1 38
0.388476380546841 1 38
0.365264252711268 0 39
0.542069770715217 1 39
0.476594049221664 1 39
0.536777585305261 0 39
0.398823132379238 0 39
0.483699297755651 1 39
0.485460171612193 1 39
0.54399780831652 1 39
0.363065769852144 1 39
0.353104107747629 1 39
0.533653170362712 1 39
0.425554879857507 1 39
0.378356687245198 0 39
0.43100670534984 1 39
0.363571178964375 0 39
0.413963764103008 0 39
0.4626110739918 0 39
0.420762645211052 1 39
0.362087870144777 1 39
0.435941237625393 1 39
0.37548967952205 1 39
0.494503302367259 1 39
0.577689229666352 0 39
0.447125486358469 1 39
0.437282462615297 1 39
0.628207884831323 1 39
0.312349644616129 1 39
0.407831492102011 1 39
0.427531382620945 1 39
0.477951342914765 1 39
0.50704095176665 0 39
0.723422491547688 0 39
0.549463756586119 1 39
0.41138794601749 1 39
0.695420632332009 0 39
0.481473326647455 0 39
0.336531444927843 1 39
0.417299646435985 1 39
0.680835272136495 1 39
0.627703743478 1 39
0.36993013023967 1 39
0.911593089728654 0 39
0.385965321284326 1 39
0.408342737286505 0 39
0.423551820439261 0 39
0.608489669750363 1 39
0.40583203677941 1 39
0.452060792019831 1 39
0.456499910254934 0 39
0.359769536737651 0 39
0.54142403214218 1 39
0.502678794908131 1 39
0.510027095600151 1 39
0.511433308179238 1 39
0.485444746450001 0 39
0.410887521589735 1 39
0.425342454578606 1 39
0.406033562653762 1 39
0.593278532329177 0 39
0.370296665957269 1 39
0.420904629390778 1 39
0.394045600298894 1 39
0.417935071358431 1 39
0.420585402755618 1 39
0.766356494356916 0 39
0.610988986363627 0 39
0.399191221247433 1 39
0.423938055528402 1 39
0.460874555995423 1 39
0.45296906040175 0 39
0.462053662892231 1 39
0.615080327496972 1 39
0.466627352708379 1 39
0.535496580853742 1 39
0.526533041820011 0 39
0.563992963407222 0 39
0.433898675783756 1 39
0.398632712756139 0 39
0.408172584500432 0 39
0.370225157825694 1 39
0.408945661911682 1 39
0.366408541140908 1 39
0.432262358020308 1 39
0.457185401405408 1 39
0.395060159705213 1 39
0.36142259698232 1 39
0.505711695303977 0 39
0.479675649093393 1 39
0.363269602303499 1 39
0.374303458450973 1 39
0.352517134008977 1 39
0.405267047376006 0 39
0.371003873590394 0 39
0.412494922746701 1 39
0.328916296604248 0 39
0.475163981622356 1 39
0.363337851879658 0 39
0.34998299709908 1 39
0.428952522922795 0 39
0.570464594625863 0 39
0.348329009331643 0 40
0.285393253786621 0 40
0.434358188424006 1 40
0.676330491418133 0 40
0.473614091000123 1 40
0.431735529902396 1 40
0.343500919068333 1 40
0.587055691273654 1 40
0.342914730303983 0 40
0.713556435071121 1 40
0.468946372868608 0 40
0.48931559294948 0 40
0.64240961959572 1 40
0.752941265577057 1 40
0.351665600966643 0 40
0.634080756223287 0 40
0.358402035787664 0 40
0.591847634768818 1 40
0.488284310428567 1 40
0.534239103299232 0 40
0.801156205275499 0 40
0.737402019476958 1 40
0.59985415773946 1 40
0.399934898181412 0 40
0.435904701895198 1 40
0.322154044865004 1 40
0.952870968136597 1 40
0.48315420244872 1 40
0.81680497490983 0 40
0.500122134896007 1 40
0.537464999359061 1 40
0.377947309439162 0 40
0.332555998021273 0 40
0.561890664896415 0 40
0.722371099462681 0 40
0.5079413722872 0 40
0.508430173003444 1 40
0.441685459567649 1 40
0.528805899236928 1 40
0.492311021992525 1 40
0.551020201754896 0 40
0.379078059249085 1 40
0.69618599122811 0 40
0.418344368812037 1 40
0.434815273404531 1 40
0.66437962420942 0 40
0.406896472895466 0 40
0.357712788116353 0 40
0.44476890049805 1 40
0.395685681702221 1 40
0.374839743287449 0 40
0.365106291028024 0 40
0.623424755396261 0 40
0.336592065333952 0 40
0.570610531248606 1 40
0.382100969142342 0 40
0.557690175509703 0 40
0.615340358225305 1 40
0.350968708591807 1 40
0.494232949798309 0 40
0.535639535283068 1 40
0.499979889181252 1 40
0.742928803726058 1 40
0.705885220415024 0 40
0.42488701764106 0 40
0.54880154602762 1 40
0.321356970340655 0 40
0.592539108600489 1 40
0.437072633365225 0 40
0.507602904459718 0 40
0.944480058086428 1 40
0.568861975065159 0 40
0.479282879806449 0 40
0.688535807267536 1 40
0.450909116609501 0 40
0.353133317888784 0 40
0.852820872732375 0 40
0.523949518852827 1 40
0.4687440416065 1 40
0.522707154062737 1 40
0.834956440014286 1 40
0.867599821718744 0 40
0.487158126469444 1 40
0.518725579692872 1 40
0.339846286158217 1 40
0.522087033483894 1 40
0.521580947527907 1 40
0.871236777992493 0 40
0.315134104987197 1 40
0.322881166229473 1 40
0.528679661539134 0 40
0.549792381744226 0 40
1.29051832866143 1 40
0.347801733087006 0 40
0.574091812788866 1 40
0.417963348789643 0 40
0.847681361627024 1 40
0.527324859932169 0 40
0.405797109519082 1 40
0.82751457525795 1 40
0.277596298555138 0 41
1.12928947372604 0 41
0.441643786616591 1 41
0.493041857624506 0 41
0.333466553281244 0 41
0.426055046817278 0 41
0.585896779347918 1 41
0.570735866982808 1 41
0.379155963720137 0 41
0.654254164462665 0 41
0.665973819410716 1 41
0.385974996267159 0 41
0.383950271768142 0 41
0.597070309951719 1 41
0.464009131408841 1 41
0.791561820913588 1 41
0.355858544704809 0 41
0.272644683740294 0 41
0.417335657571755 0 41
0.397378185959492 0 41
0.769561204770546 1 41
0.391856452366307 0 41
0.458042451013354 0 41
0.369275655645759 0 41
0.442100645341949 1 41
0.411627292825279 1 41
0.330314893434256 0 41
0.5331101355641 1 41
0.365057548258052 1 41
0.611285640838212 1 41
0.56715633142937 0 41
0.328559513103564 0 41
0.858359268580236 1 41
0.376474266106237 0 41
0.362458401911649 1 41
0.723059812655769 1 41
0.475049844881641 0 41
0.432427989426681 1 41
0.379731006681598 0 41
0.727591770430791 1 41
0.638174533579783 1 41
0.294199282667947 0 41
0.332416111410019 0 41
0.398004296340738 1 41
0.342378208120176 0 41
0.466581762758033 0 41
0.995758618618134 1 41
0.653450366757773 1 41
0.393394490201362 0 41
0.510184353269401 0 41
0.426498391122592 0 41
0.3739805768834 0 41
1.17463197989471 0 41
0.529381975237098 1 41
0.407691591898354 0 41
0.494364430127724 1 41
0.452924718348091 0 41
0.341295199793598 1 41
0.344088823202099 0 41
0.51451685568681 0 41
0.421585741962856 1 41
0.971063617975396 0 41
0.448741630792045 0 41
0.42560028842715 0 41
0.355485109987225 0 41
0.245519504681807 0 41
0.388949428605984 0 41
0.523972741868596 1 41
0.358632473103453 0 41
1.10780650225989 0 41
0.464649211256136 1 41
0.396605296276246 0 41
0.367322120349786 0 41
0.290541003079843 0 41
0.381284262085977 1 41
0.422757339552942 1 41
1.19280200989831 1 41
0.371122309694851 1 41
0.383339376976219 0 41
0.383841204247499 0 41
0.405984280700896 0 41
0.539343139984029 1 41
0.27638587280432 0 41
0.34511644055627 0 41
0.330686922527669 0 41
0.597679620086477 0 41
0.899158562087457 1 41
0.814224818192222 1 41
0.281443358996928 0 41
0.494155276452374 0 41
0.2941562130632 0 41
0.34251741322006 0 41
0.286071057063624 0 41
0.621848430714812 0 41
0.439008380871038 1 41
0.473983625773981 1 41
0.73508902221351 1 41
0.855239681230147 1 41
0.577636239646844 0 41
0.370147304252897 0 41
0.473470429206112 1 42
0.416493465677261 0 42
0.303035186172775 1 42
0.371044810349289 0 42
0.483225965282527 1 42
0.404970473988972 0 42
0.784848507772516 1 42
0.364088558083401 0 42
0.31736211150778 1 42
0.424857957906761 1 42
0.529403613350376 0 42
0.526432036267724 1 42
0.450876434016444 1 42
0.467277067511923 0 42
0.346107858299603 1 42
0.221782707413984 1 42
0.570791651853492 0 42
0.346302349517075 1 42
0.533931797094901 1 42
0.195267661319508 1 42
0.315990120718152 0 42
0.241528822923454 1 42
0.357811214893854 1 42
0.242500286459747 0 42
0.347122117177472 1 42
0.37977207415992 1 42
0.20136455528315 1 42
0.239541030624584 1 42
0.289044749965567 1 42
0.250678379434169 0 42
0.436974226183195 1 42
0.358168506679104 1 42
0.340807933332633 1 42
0.239361993639062 1 42
0.209100934650752 1 42
0.373049883700481 1 42
0.284039439493263 0 42
0.398005021780924 0 42
0.457185123620408 1 42
0.255012009973936 1 42
0.38493600303718 0 42
0.33246343816817 0 42
0.219979199243792 0 42
0.390352287339571 1 42
0.325438446630417 1 42
0.354598974969275 0 42
0.27746009322468 0 42
0.363832539075425 1 42
0.307708828503072 1 42
0.390736137806189 0 42
0.349236570558667 1 42
0.271718476100771 0 42
0.286636486546064 1 42
0.241466656104235 1 42
0.220679289706983 1 42
0.408917575696176 1 42
0.413977711541147 1 42
0.386393653589245 1 42
0.236986139161221 0 42
0.384407907386862 1 42
0.300153225787324 0 42
0.407762563639786 0 42
0.264686455035851 1 42
0.360286410459141 1 42
0.375435055132927 1 42
0.341237117879351 1 42
0.500803212429928 0 42
0.335893424970306 1 42
0.336042568926128 1 42
0.246552121807938 1 42
0.3021287451075 0 42
0.245870946593866 0 42
0.429959172376358 0 42
0.413647457762767 0 42
0.40841656495623 1 42
0.279608059963547 1 42
0.534334582061346 0 42
0.516983225013223 0 42
0.491198182320974 1 42
0.386517853198363 1 42
0.44618734659722 0 42
0.329990975729163 1 42
0.28054892937702 0 42
0.378639846235597 1 42
0.338979664313333 0 42
0.283563552794098 0 42
0.258029555791611 1 42
0.403835433157816 1 42
0.253467705653532 0 42
0.351655520639137 1 42
0.456392435895606 0 42
0.483860823387569 1 42
0.455652391487062 0 42
0.447935629934869 1 42
0.401579729823626 1 42
0.359885615182194 1 42
0.410236379222898 0 42
0.210913093665149 0 42
0.341938997921175 0 42
0.323135083816477 0 42
0.551827657214635 0 43
0.957103075092069 0 43
0.42990979411006 1 43
0.876431453800325 1 43
0.762164370559373 1 43
0.38317782183531 1 43
0.620765592881113 0 43
0.603165390599075 0 43
0.371724949936051 1 43
0.44444911637171 0 43
0.733089290983451 1 43
0.798609707384262 0 43
0.611389634144676 1 43
0.458610743814512 0 43
0.508067147195844 0 43
0.482429417697978 1 43
0.801817837725705 1 43
0.248277927526006 0 43
0.889132443769037 1 43
0.34821783127665 0 43
0.34372036721741 0 43
0.985097919953178 1 43
0.577447968529335 1 43
0.300541524725388 1 43
0.525135370924142 1 43
0.592827800700081 1 43
0.405275112166637 0 43
0.506865454689135 1 43
0.343619422368736 1 43
0.472081883306044 0 43
1.50236209740056 1 43
2.01807958826267 1 43
0.709012669235264 1 43
0.271256538698483 0 43
0.187431946758458 0 43
0.670933412814111 1 43
1.71402007804468 1 43
1.41261678559507 1 43
0.335728184318987 0 43
0.412216203559789 1 43
0.500668060499363 0 43
0.998306686270687 1 43
0.744974488373543 0 43
0.502789488665617 1 43
0.411005989641004 0 43
0.197864840698947 0 43
0.671973868221175 0 43
0.377542815218162 1 43
0.980866596889412 0 43
0.580521354531765 1 43
0.614066538249858 1 43
0.608697879913357 1 43
0.371472465371562 0 43
0.327925530732435 0 43
0.538998842251099 0 43
0.961040245205036 0 43
0.767172282730935 1 43
0.473606741355709 0 43
0.616540396892001 1 43
0.571140873640516 1 43
0.767233074588322 1 43
0.506945332221551 0 43
0.445359812266695 1 43
0.612945852671602 1 43
0.658770168487807 1 43
0.484872044170756 1 43
0.586182765403626 1 43
0.441740692260639 0 43
0.487540554261341 0 43
0.556330660679291 1 43
0.299423170198926 0 43
0.398999916493556 1 43
0.677019351909211 0 43
0.644824659120688 0 43
0.422358788870098 0 43
0.341601765372047 0 43
0.421911578107411 0 43
0.510047758422833 0 43
1.05887962771056 1 43
0.868080727354898 1 43
0.282443169010457 0 43
0.792235754109388 1 43
0.996470817492399 0 43
0.434478750092989 1 43
0.695713778856498 1 43
0.269561739495853 0 43
0.526963022642491 0 43
0.668033364335318 0 43
0.452634607742365 0 43
0.484098625962815 0 43
0.645359911756772 1 43
0.943662184145465 0 43
0.721193913750189 1 43
0.92518911187307 1 43
0.212834938288105 0 43
0.58207557110602 1 43
0.381676583510217 0 43
0.244628877695926 0 43
0.450377933455238 1 43
0.360585736223811 0 43
0.799097636812407 1 44
0.370666582671699 1 44
0.315279982856359 1 44
0.389252889890054 1 44
0.344481442349962 0 44
0.489394868945916 1 44
0.567821071134221 1 44
0.286538252782911 0 44
0.349423499266503 0 44
0.367389962212807 0 44
0.353270002529011 0 44
0.576203766601048 0 44
0.636831107115856 1 44
0.451163658214592 1 44
0.436108816114333 1 44
0.449894458375455 1 44
0.300690167836007 0 44
0.429666715397305 0 44
0.618560397650619 0 44
0.522837346537339 1 44
0.444910905608857 1 44
0.446929120234662 0 44
0.38364310996618 1 44
0.550586131416367 1 44
0.246998243013936 0 44
0.385813607703913 1 44
0.344287939386564 1 44
0.654849885588012 0 44
0.413256154299512 1 44
0.576758443306932 0 44
0.656598311943615 1 44
0.425365713602737 1 44
0.604213506112474 1 44
0.316913963516503 1 44
0.343457250447716 0 44
0.363530171234572 1 44
0.579967226358668 1 44
0.34873559581032 1 44
0.403734269927739 1 44
0.477229153997376 1 44
0.432934602787689 1 44
0.277287523299303 0 44
0.502734561701731 0 44
0.617157593142579 1 44
0.471068519917826 0 44
0.295691820261699 1 44
0.502292621249707 1 44
0.344965689029061 0 44
0.54367694487581 1 44
0.501095055524377 0 44
0.561174089031412 1 44
0.278058357236792 1 44
0.500772099846977 0 44
0.37274641217252 0 44
0.60703147060461 0 44
0.389908586289943 1 44
0.696425968508065 0 44
0.361996648701799 1 44
0.536385067193236 1 44
0.594938620078799 0 44
0.346985297768247 0 44
0.701625729261663 1 44
0.569173907334697 0 44
0.427958300085928 1 44
0.57335846624699 0 44
0.611462475920302 1 44
0.58808093542163 1 44
0.529424577937821 1 44
0.628284638388347 0 44
0.358092028222492 0 44
0.403152721077634 1 44
0.605670566372101 0 44
0.335905188313061 1 44
0.281520557856535 1 44
0.346440711635069 0 44
0.608404782666397 1 44
0.79177756950178 1 44
0.359017468147034 1 44
0.497957426704796 1 44
0.430692933444657 1 44
0.506911370915996 0 44
0.469670819263582 0 44
0.442292610059897 0 44
0.809060910755563 1 44
0.281756372389604 0 44
0.460721769354629 1 44
0.372707475022126 0 44
0.502453057466298 0 44
0.411001276291072 0 44
0.446911926844603 1 44
0.383559654156972 0 44
0.585211809122616 1 44
0.410259222859017 1 44
0.519435758714933 1 44
0.330232530506995 0 44
0.528272556360405 0 44
0.508512999256546 1 44
0.334548080802215 0 44
0.434948180638071 1 44
0.721935947057492 1 44
0.372674899482805 1 45
0.382892731678559 1 45
0.642040514290684 0 45
0.406155887939433 0 45
0.442034633605863 1 45
0.402440500906397 1 45
0.276847860949349 0 45
0.39944929899502 1 45
0.319249296149632 1 45
0.42800017047081 1 45
0.33955139702785 1 45
0.532061041952013 0 45
0.759933051787651 1 45
0.265539738416098 0 45
0.373696528084307 1 45
0.370030608016086 1 45
0.236085310370391 0 45
0.288233470925016 0 45
0.322189630768365 0 45
0.559008081378313 0 45
0.385681771606753 1 45
0.495149219389648 1 45
0.360287959020713 1 45
0.374420309059633 1 45
0.264537646475334 1 45
0.418346727279796 0 45
0.61509844317093 1 45
0.66196331154767 1 45
1.30901374770264 1 45
0.267877625164273 0 45
0.512416829426122 0 45
0.334248035932838 0 45
0.558409590311226 1 45
0.350731366555717 1 45
0.280958724186222 1 45
0.287621462382129 0 45
0.340004748676234 0 45
0.418286426389591 0 45
0.467717726273509 1 45
0.579938262049209 1 45
0.531499628710545 0 45
0.391390940401202 1 45
0.665003779229521 0 45
0.378234837928124 0 45
0.309805607469237 0 45
0.330808769420365 1 45
0.457676127129051 1 45
0.658399285342629 0 45
0.328801201126951 1 45
0.353947025580796 1 45
0.587359896143641 1 45
0.790005065042015 1 45
0.737664601105015 1 45
0.833388588788027 0 45
0.547965027412106 0 45
0.610709164531029 1 45
0.655998763658579 0 45
0.386991151481253 1 45
0.218224873146226 0 45
0.454552214844011 1 45
0.523998849924421 0 45
0.286214755800912 1 45
0.604862288874088 0 45
0.54574447705483 1 45
0.304768771489751 0 45
0.35806311022002 0 45
0.301626895819566 1 45
0.284054067112329 1 45
0.532667784858974 0 45
0.359666413146629 1 45
0.377206349865182 1 45
0.441865991643371 0 45
0.316072728261394 1 45
0.408897385834367 1 45
0.382261364583033 1 45
0.461350685449144 0 45
0.750859284803691 1 45
0.626756105936706 0 45
0.748206160921168 0 45
0.277792015101953 1 45
0.406870254439704 1 45
0.245616639609062 0 45
0.641110040146156 1 45
0.368649976644819 0 45
0.705533917051818 0 45
0.360953638130867 0 45
0.762196591518975 1 45
0.481042667860081 0 45
0.283404147549874 0 45
0.426267502390747 1 45
0.378728191762241 0 45
0.328320599628456 1 45
0.540220407077894 0 45
0.497494701219392 1 45
0.323587576536999 0 45
0.346237986452941 0 45
0.411462369707245 1 45
0.445042913033651 1 45
0.53108338995671 1 45
0.270686180590566 0 45
0.620922449475856 1 46
0.435749785768421 1 46
0.302694770154048 1 46
0.467245593778724 0 46
0.260831923524957 0 46
0.312332991280666 1 46
0.283969422075627 0 46
0.4567358511262 1 46
0.304611985576801 0 46
0.27700654917149 0 46
0.361194603071895 0 46
0.341110657274363 1 46
0.570899980963393 1 46
0.482159630101827 1 46
0.310219038577315 1 46
0.310213629606722 1 46
0.403520725960879 1 46
0.315879721796608 0 46
0.308276169493478 1 46
0.400935641429253 1 46
0.582420313101376 1 46
0.264320567529753 1 46
0.342272560146051 0 46
0.457373075507953 0 46
0.246900342602319 1 46
0.285016451730933 1 46
0.454538764314245 0 46
0.286310844217485 1 46
0.333778047126562 0 46
0.333793009806266 1 46
0.316593288366484 1 46
0.582928820623278 0 46
0.266007049606324 0 46
0.346992875877851 0 46
0.540851492726374 0 46
0.442364888021932 0 46
0.326636748551853 0 46
0.273844656947031 1 46
0.334798404107833 1 46
0.367511394560439 0 46
0.408629827680811 1 46
0.385832116639603 1 46
0.270215399819832 0 46
0.336770345448302 0 46
0.332514477203686 0 46
0.244354844834086 0 46
0.558273416899308 1 46
0.287983824474752 0 46
0.340461074501822 0 46
0.242213729104902 1 46
0.397490406910597 0 46
0.280356300270813 0 46
0.298413478206288 1 46
0.384589515882463 0 46
0.315808728709409 0 46
0.260081949900184 0 46
0.33474237715205 1 46
0.369360189706917 0 46
0.361091200893903 0 46
0.306585520718207 0 46
0.268234402216917 1 46
0.231637091910304 1 46
0.268410387777966 0 46
0.42101931497724 1 46
0.341731289300431 1 46
0.540275889393983 1 46
0.357740229169728 1 46
0.310720985124266 0 46
0.307682585802912 0 46
0.441518994787137 1 46
0.304047752355614 1 46
0.314732782167673 1 46
0.339963465714772 1 46
0.247975152701406 1 46
0.362723078139998 0 46
0.487873025664575 1 46
0.555991230055947 1 46
0.283019378064608 1 46
0.338337052918425 1 46
0.314549904374632 1 46
0.434258605792926 1 46
0.300602578553307 1 46
0.288509504894548 1 46
0.246175150281585 0 46
0.332882321546535 0 46
0.293950571507091 0 46
0.263772329237354 0 46
0.307816098777194 1 46
0.299963409286371 0 46
0.40298170846818 1 46
0.248301173293165 1 46
0.460830160823767 1 46
0.362404125340546 1 46
0.372078433380548 0 46
0.298733447801096 1 46
0.291515183382234 1 46
0.807957977807367 1 46
0.385561299709693 0 46
0.338139284824403 1 46
0.738965353376286 1 46
0.402527482172228 1 47
0.299669992763834 1 47
0.431794329826979 1 47
0.364049015612973 0 47
0.330901877688599 1 47
0.403891004684101 1 47
0.377209953841613 1 47
0.529255725716256 0 47
0.755888264655369 0 47
0.297992980180313 1 47
0.300215225011991 0 47
0.339113750036667 1 47
0.8212978907946 1 47
0.426115704793203 1 47
0.400217274454546 1 47
0.45089592836104 1 47
0.935823304764627 1 47
0.322280641026241 0 47
0.622687830081728 1 47
0.447881119707288 0 47
0.487364577902066 1 47
0.501931247724514 0 47
0.362395507028792 0 47
0.444182037303315 1 47
0.416516349073346 0 47
0.362567710751704 1 47
0.563344821107698 0 47
0.417578229869578 1 47
0.282989257428237 0 47
0.456335981700505 1 47
0.484905996429514 0 47
0.513694342183946 1 47
0.391802308217387 1 47
0.599372356127505 0 47
0.401174301423659 0 47
0.392886337519697 0 47
0.646892492066431 0 47
0.854250558519241 0 47
0.435115180836483 0 47
0.416757858640784 1 47
0.565956663009585 1 47
0.471210793528277 0 47
0.448689337105155 0 47
0.42123438164021 1 47
0.828205855613229 0 47
0.489496137705084 0 47
0.603031945957309 1 47
0.316053030338093 0 47
0.42264517407879 0 47
0.318832088712886 0 47
0.345345816508212 0 47
0.40681303719382 1 47
0.350508737322394 0 47
0.387187880728316 1 47
0.66448795245273 0 47
0.419270406974634 0 47
0.471768285035391 1 47
0.280785712696039 1 47
0.379536516567719 0 47
0.381862079261301 1 47
0.540048451251457 0 47
0.446014612807087 1 47
0.516281955148695 0 47
0.433429540866232 0 47
0.334304379003202 0 47
0.357999055252273 1 47
0.559409598547284 0 47
0.422197476067481 0 47
0.308919480378204 0 47
0.587156372336843 1 47
0.408137823517055 1 47
0.31420984410852 0 47
0.36837365888717 0 47
0.391540208428772 1 47
0.395095621305846 0 47
0.73290107954659 1 47
0.389411727908322 1 47
0.491166724681642 1 47
0.404972070044691 1 47
0.504830866748847 0 47
0.324225049779006 1 47
0.46176262861238 0 47
0.396501185866343 1 47
0.377932891126797 1 47
0.581447730366178 1 47
0.718403936384003 1 47
0.486757849646156 1 47
0.667445820124926 0 47
0.341754258842587 1 47
0.475716750074655 1 47
0.459908482925134 0 47
0.485133935973861 1 47
0.320584995895876 1 47
0.305075642932047 1 47
0.329136178804964 1 47
0.451254732594478 1 47
0.362458835758875 1 47
0.51239490257858 1 47
0.517301149435626 1 47
0.456975251871566 0 47
0.395390084866161 0 48
0.360410456524847 0 48
1.06486012685148 1 48
0.720018269313123 0 48
0.623198893864431 1 48
0.552458383641634 0 48
0.553961207191593 1 48
0.592432369803755 1 48
0.534946533556092 0 48
0.419231254073811 0 48
0.756936040764642 0 48
0.597358984522029 0 48
0.899417212227251 1 48
0.472670890376901 1 48
0.424991920293965 1 48
0.58792754643852 0 48
0.408411309813737 1 48
0.894076483916504 1 48
0.589365375714351 0 48
0.685198502537226 1 48
0.641526404623874 1 48
0.609241447613229 0 48
0.346913695932203 0 48
0.803386772352466 0 48
0.385525049231326 0 48
0.55957333043263 1 48
0.338179089563115 0 48
0.493309177194467 0 48
0.470027767494603 1 48
0.54999390124013 1 48
0.613587723867381 0 48
0.446811607128056 0 48
0.408778611575883 0 48
0.713783981279148 1 48
0.399984165358551 1 48
0.61482396377983 1 48
0.568490465683241 0 48
0.692148200932829 0 48
0.306140937795764 0 48
0.340083093847966 0 48
0.489857680311496 0 48
0.332418249452811 0 48
0.497607304355976 0 48
0.354831315657931 0 48
0.360545516554061 1 48
0.574158626945681 1 48
0.290766969134309 0 48
0.379787875600065 0 48
0.696930187225883 0 48
0.56180739654072 1 48
0.487565542753675 1 48
0.82009607701395 0 48
0.493712919038265 0 48
0.882632567052812 1 48
1.13903098313935 1 48
0.605529806512474 0 48
0.601360910925684 1 48
0.381145811500849 1 48
0.441514541918329 0 48
0.380308191339858 0 48
0.803988882225551 0 48
0.500652244591928 1 48
0.501188383594675 1 48
0.470735288583487 0 48
0.604009545663494 1 48
0.667710764730823 0 48
0.386245398596497 0 48
0.321700910471571 0 48
0.437626543536511 0 48
0.667418716553616 1 48
0.320448583503133 0 48
0.599646924980445 0 48
0.401413211905315 0 48
0.257298833069142 0 48
0.374219269344406 0 48
0.437478942158736 1 48
0.402513931650725 0 48
0.531585285576964 1 48
0.362675546118274 0 48
0.577650965708998 1 48
0.302959638955711 0 48
0.559751757848551 1 48
1.85944158996148 1 48
0.636796575256299 0 48
0.517555564276429 1 48
0.633555997300009 1 48
0.320779388195591 1 48
0.570548964342678 0 48
0.471815004460385 0 48
1.1593327616035 1 48
0.866169186244934 1 48
0.440304808674946 1 48
0.248276213244884 0 48
0.429737824089221 0 48
0.32319144233035 0 48
0.625957112447236 1 48
0.497355244211098 1 48
0.242777200803434 0 48
0.479507888517611 1 48
0.536277063101515 0 48
0.296999534886162 0 49
0.572543792013763 1 49
0.387147475298924 0 49
0.726662124409367 1 49
0.604845010658861 0 49
0.586265766970936 1 49
0.274331499662141 1 49
0.53800822193858 1 49
1.17842243976003 1 49
0.43374758257061 1 49
0.408020024397839 1 49
0.491201035465959 0 49
0.362455613255829 1 49
0.465064287181134 1 49
0.389331772205506 1 49
0.306357973338095 1 49
0.428211385475331 1 49
0.40854807610545 1 49
0.586430594527729 0 49
0.32963148792118 0 49
0.287298790081691 1 49
0.604170927273686 1 49
0.37810191727774 1 49
0.347817868315745 1 49
0.322361341466057 1 49
0.368724415294077 1 49
0.273105153998199 1 49
0.467096950749586 1 49
0.417675405919035 1 49
0.330746128568897 0 49
0.316321167588532 1 49
0.402775305768821 1 49
0.410015159615642 1 49
0.276739882619242 0 49
0.324179026641755 1 49
0.958405904074646 0 49
0.731633662344794 1 49
0.293478111582884 1 49
0.290728375321423 0 49
0.443595726054567 0 49
0.531082536658309 1 49
0.263870754929265 0 49
0.682221577604671 1 49
0.423453194382154 0 49
0.301243442892466 1 49
0.442582311273044 1 49
0.356561771827566 0 49
0.556324086034252 0 49
0.47009054062747 0 49
0.26869510875362 1 49
0.398766030592162 1 49
0.375435302646518 0 49
0.68569668501237 1 49
0.293514554966352 1 49
0.281293855781017 1 49
0.632764656334571 1 49
0.90468780497713 0 49
0.496626320723982 1 49
0.339709380879564 1 49
0.300569033420492 0 49
0.98789185245499 0 49
0.43221182296675 1 49
0.495739775815823 1 49
0.494202114359078 1 49
0.557494759179963 1 49
0.290628740529592 1 49
0.625642556578532 1 49
0.404766106507795 1 49
0.334407457472128 1 49
0.365243978625725 1 49
0.370623620762579 1 49
0.544908294914624 1 49
0.337841737522101 1 49
0.311054512263762 1 49
0.276446591979557 1 49
0.366347453845767 1 49
0.605909486543303 1 49
0.325548791725184 1 49
0.291085045583744 1 49
0.253154335357488 1 49
0.399223543060152 0 49
0.294104298470909 0 49
0.305732288905351 1 49
0.570682263058958 1 49
0.709634244064622 1 49
0.780834502737295 1 49
0.610996516959747 1 49
0.340795438943313 0 49
0.42944708055285 0 49
0.301272888029105 0 49
0.520813014956046 1 49
0.265419918811137 1 49
0.414893264774162 1 49
0.476735004023528 0 49
0.585611719556542 1 49
0.43099774434961 1 49
0.483636705021241 1 49
0.51827089398563 1 49
0.285192524162284 1 49
0.612851286286557 0 49
0.4893438529456 1 50
0.517383044129928 1 50
0.263072092414709 0 50
0.475400282150482 1 50
0.398260227658132 1 50
0.605390998941779 0 50
0.473259617703961 1 50
0.415184386153604 1 50
0.51650510897133 0 50
0.238931987998923 1 50
0.411859054169151 1 50
0.323257576123228 1 50
0.337379911142505 0 50
0.463667647684665 1 50
0.30239573401607 0 50
0.32938586328736 0 50
0.483628152453369 0 50
0.378812091993385 0 50
0.48957082541559 0 50
0.414309211288023 1 50
0.494514028168252 1 50
0.822061161028861 1 50
0.478105279842818 0 50
0.553789141619479 1 50
0.893842526925998 1 50
0.436947348135096 1 50
0.333188131734892 1 50
0.432730465727199 0 50
0.492451767386738 0 50
0.537725606385132 1 50
0.353015452955547 0 50
0.542111645275464 1 50
0.299538141759645 1 50
0.496819574014067 1 50
0.281099079849361 0 50
0.471011747382213 1 50
0.242268733522156 0 50
0.357739097588012 0 50
0.273780834402728 1 50
0.394133734648252 0 50
0.245331305371865 1 50
0.426462155932418 0 50
0.483690058843003 1 50
0.573968906566256 0 50
0.602502889170068 0 50
0.606313394246459 1 50
0.364155118309798 0 50
0.905241862030046 0 50
0.333418677497696 0 50
0.375076438201533 0 50
0.424519592723033 1 50
0.405218749177987 0 50
0.506528018467736 1 50
0.41230018862227 1 50
0.413944422087407 0 50
0.474827010306209 1 50
0.467539392462295 1 50
0.394954463534802 0 50
0.505957311764412 1 50
0.469382846742399 1 50
0.347259570772259 1 50
0.430207633203641 0 50
0.373490995201592 0 50
0.491609010155402 1 50
0.389312549510729 1 50
0.515190733151392 0 50
0.610350739899088 1 50
0.46398747316215 0 50
0.288071171468566 1 50
0.591393267856922 0 50
0.395141554290253 1 50
0.378781059392333 0 50
0.448284553470397 1 50
0.555921997651855 1 50
0.385698412771201 1 50
0.47615169137004 1 50
0.79719869094887 0 50
0.428573594295282 1 50
0.439463350455486 1 50
0.381094736574079 1 50
0.392317268896527 1 50
0.451961337155098 1 50
0.471480074337719 0 50
0.449955976977114 1 50
0.405672731126705 0 50
0.280822405363229 0 50
0.41915307924119 1 50
0.248430001054015 0 50
0.574438059589551 1 50
0.227129964037941 0 50
0.639496356656554 1 50
0.513394285301785 0 50
0.352081759687336 0 50
0.40036110341608 1 50
0.428108330596312 0 50
0.378831529758707 0 50
0.276239146652661 1 50
0.568607840848262 0 50
0.322468845560254 0 50
0.261443976033907 1 50
0.817411494185916 1 51
0.605452005519574 1 51
0.491626233208515 0 51
0.527220771774462 1 51
0.555131931259545 1 51
0.851711696653415 1 51
0.498308812333621 1 51
0.56354193361997 1 51
0.726224962007683 1 51
0.615984356277835 1 51
0.571464599069855 0 51
0.646082655240493 0 51
0.619151410684645 1 51
0.570614486887401 1 51
0.490161201452862 0 51
0.659375020985987 0 51
0.677092283770666 1 51
0.622960313986343 1 51
0.765744058720721 0 51
0.942070811670753 0 51
0.573102816692888 1 51
0.523986572820928 0 51
0.682168911091634 0 51
0.661672210792116 0 51
0.691846605748068 1 51
0.473882969219805 1 51
0.559694370121026 0 51
0.538798152149595 0 51
0.64471311854351 1 51
0.469083566851134 0 51
0.532040304465054 1 51
0.511503906205474 1 51
0.575545007991881 1 51
0.590490537496355 0 51
0.624038038056229 1 51
1.0256596508753 1 51
0.559328480780842 0 51
0.79338401937324 0 51
0.575103269978612 1 51
0.724241944488646 0 51
0.547962338772859 0 51
0.608116671155067 0 51
0.46056006426434 1 51
0.511617582711216 1 51
0.573499710569173 0 51
0.610119420775425 1 51
1.0066351250046 1 51
0.615446934595382 1 51
0.547938452127761 1 51
0.688123426752719 1 51
0.555518734677363 1 51
0.639034330317636 0 51
0.628181983428662 1 51
0.44553196396334 1 51
0.599593763644795 1 51
0.563674639338312 0 51
0.817245445087157 1 51
0.451817142163073 1 51
0.473283627773909 1 51
0.539643845454188 1 51
0.518446775324654 1 51
0.558231924047708 1 51
0.548394777190729 0 51
0.860729504822607 0 51
0.676122303074255 0 51
0.601619392346641 1 51
0.860902735703492 0 51
0.712634431969124 0 51
0.790021186735734 1 51
0.559625145457488 1 51
0.502773225000602 0 51
0.53523720936162 0 51
0.693992501629665 0 51
0.644864836597671 1 51
0.735522101895004 1 51
0.521684682918429 0 51
0.621913136465893 1 51
0.562762186825706 1 51
0.620802443800006 0 51
0.805607005762834 1 51
0.650379903321509 0 51
0.533120815238764 0 51
0.617655108338624 1 51
0.910234476546695 1 51
0.610140540615552 0 51
0.698443610326947 1 51
0.644914609998099 1 51
0.597866370803793 1 51
0.493312337287692 1 51
0.569462652624959 0 51
0.997940079307885 1 51
0.551457985183425 1 51
0.555166877986937 0 51
0.520911886983029 1 51
0.496878762146661 1 51
0.616705451116431 1 51
0.709896329390059 0 51
0.901236305861857 1 51
0.57456491159446 1 51
0.555882006138544 1 51
0.333927064212617 1 52
0.443436390858863 1 52
0.297525711801641 1 52
0.239469050603582 1 52
0.442639724051206 1 52
0.598107820312483 1 52
0.283959413005438 1 52
0.261702734005489 1 52
0.53458709975387 1 52
0.266444482661572 1 52
0.469885975677132 1 52
0.379771953519475 1 52
0.442614869298313 1 52
0.365712175814682 1 52
0.444296973511307 0 52
0.276045733707377 1 52
0.487852539297457 0 52
0.373782010806805 1 52
0.438556286908285 0 52
0.621776384892212 1 52
0.441301409600273 1 52
0.427897668392177 1 52
0.844151686643286 0 52
0.362674935935343 1 52
0.404175546675031 1 52
0.327667785762654 1 52
0.358911965402132 0 52
0.33237349841164 1 52
0.457782345399943 0 52
0.400042110592396 0 52
0.351115767311764 1 52
0.35182895417558 1 52
0.773973086257203 0 52
0.373282402156317 1 52
0.542795990809957 0 52
0.377071913891051 0 52
0.422239496661875 0 52
0.253660158621787 1 52
0.336026813288349 1 52
0.429427493124237 1 52
0.462659450167656 1 52
0.420489627145883 0 52
0.601255542032947 0 52
0.222874310176386 1 52
0.458706078398124 1 52
0.322250927669494 1 52
0.379612316117446 1 52
0.563246235066557 0 52
0.606167564069931 0 52
0.321698984655608 1 52
0.431988826994073 0 52
0.295845471113979 0 52
0.399021995643979 0 52
0.365738984072379 1 52
0.440381848649458 1 52
0.31641509797747 1 52
0.347676631187444 0 52
0.325697967562217 0 52
0.243619524869815 1 52
0.495985912145447 1 52
0.985354416094194 1 52
0.457835814422051 1 52
0.480151845786357 1 52
0.345410834675268 1 52
0.816822454082463 1 52
0.375212427888839 1 52
0.422726866149037 0 52
0.548657174976079 0 52
0.3427378964845 1 52
0.443724880269641 0 52
0.585671462068446 0 52
0.360136893310779 0 52
0.39363772815602 1 52
0.500469536384077 1 52
0.284122979449413 1 52
0.414774335783529 0 52
0.268259247524985 1 52
0.324770549831136 0 52
0.827493473103613 1 52
0.642495472571251 0 52
0.471115812547869 0 52
0.270120727460646 1 52
0.423517949788229 1 52
0.390748008207356 1 52
0.370433890771969 0 52
0.365049156311512 1 52
0.511982454844656 1 52
0.278031636217511 0 52
0.398877267930684 0 52
0.407418841699726 0 52
0.372448829305525 0 52
0.490044079429982 1 52
0.356052917296744 1 52
0.382088689430703 1 52
0.340205407990585 1 52
0.465515648677174 0 52
0.319484556457183 0 52
0.447975770457549 0 52
0.326128159578434 1 52
0.378724182366759 0 52
0.505360455710611 0 53
0.400225956036935 1 53
0.405999128846083 1 53
0.520233712362641 1 53
0.520835760325515 1 53
0.364649993723832 1 53
0.333054722168558 1 53
0.332892157501179 1 53
0.342177606279755 1 53
0.426595489580788 0 53
0.627327526676667 0 53
0.536134734708412 0 53
0.728618957916286 1 53
0.223083288757745 1 53
0.321799475174008 1 53
0.491428610746237 0 53
0.52391014992976 1 53
0.802663965868904 0 53
0.454410465646884 1 53
0.316947130622142 1 53
0.489623120996735 1 53
0.428380868064052 0 53
0.415562413499572 0 53
0.237993025859771 1 53
0.519525960275017 0 53
0.439287207511975 0 53
0.400311203128809 1 53
0.354004660762332 0 53
0.378505214861878 0 53
0.639582947398167 0 53
0.388138748951614 1 53
0.34512546091755 0 53
0.315833731211843 1 53
0.481998725642334 0 53
0.393876678980906 1 53
0.463933688965891 0 53
0.238472480416825 1 53
0.558634269242872 1 53
0.368272751101287 1 53
0.276206225015997 1 53
0.577609668033873 0 53
0.314145027056658 0 53
0.398913068551663 0 53
0.596562102145136 0 53
0.3564491029233 0 53
0.592375314557746 1 53
0.404031053695915 1 53
0.333468574545027 0 53
0.307386315321972 1 53
0.37135076783233 1 53
0.328782424919701 1 53
0.39245518006853 1 53
0.318684167747054 0 53
0.473445582506771 1 53
0.430739504785315 1 53
0.285294526827561 1 53
0.322621193607545 1 53
0.652018875421214 1 53
0.532998318809064 1 53
0.325389241575056 1 53
0.265926341859579 1 53
0.37859693925164 1 53
0.227781782148629 1 53
0.389866845459826 1 53
0.30742561776511 1 53
0.366455986038658 1 53
0.491868437562364 0 53
0.552888590065956 0 53
0.383368604061841 0 53
0.342155604042101 0 53
0.324764745822409 1 53
0.298827640256407 1 53
0.359612122353173 1 53
0.297161026952578 1 53
0.325529683032739 1 53
0.386237955819333 1 53
0.702060315377132 0 53
0.585648390577732 0 53
0.266725767772581 1 53
0.422240371174331 0 53
0.406144881612483 0 53
0.59369848242551 1 53
0.398812598740584 1 53
0.483135154285611 1 53
0.724562104308691 0 53
0.526170594379529 0 53
0.504201424829491 1 53
0.387706517688933 1 53
0.487295050193265 0 53
0.269440223391393 0 53
0.287320988495719 1 53
0.411289929384182 1 53
0.366163667497452 1 53
0.432730366416707 1 53
0.410037410642358 1 53
0.381503715760753 1 53
0.456932926189031 1 53
0.482318526537252 0 53
0.371352060422487 1 53
0.377093641937108 0 53
0.947945386726329 1 54
0.398376049556446 1 54
0.419557430948479 0 54
0.531706565013461 1 54
0.498004184823684 0 54
0.581663881252617 0 54
0.419261477455233 1 54
0.452999635763899 1 54
0.264489763202204 0 54
0.455533207876736 1 54
0.294748365854002 1 54
0.396424949190289 0 54
0.571861094332431 0 54
0.437269272747267 1 54
0.394885040979845 1 54
0.403440293458172 1 54
0.355947411593986 1 54
0.430737000242208 1 54
0.390311564804625 1 54
0.518919787121329 1 54
0.345924745116158 1 54
0.34480282845138 1 54
0.504131574619989 1 54
0.312231995137437 1 54
0.404130679360178 1 54
0.294288542107857 1 54
0.350305601627918 1 54
0.328066234405458 1 54
0.631506435449342 1 54
0.440776585248665 0 54
0.514215701531479 1 54
0.559715441505591 1 54
0.438117744938722 1 54
0.313051697775019 1 54
0.725679764177044 1 54
0.371230443122046 1 54
0.50462467806046 1 54
0.320573143885243 1 54
0.440449439865063 1 54
0.645536643568186 1 54
0.431331492372518 1 54
0.677174865761668 1 54
0.520414263466581 0 54
0.409461011372198 1 54
0.395180562040188 1 54
0.472443071127672 0 54
0.972212554107801 1 54
0.402540472599565 1 54
0.314140031259436 1 54
0.709924862013499 1 54
0.778799977433795 1 54
0.485397554289564 1 54
0.325029900131608 0 54
0.764499614002511 1 54
0.468196401705737 1 54
0.666125056873656 0 54
0.441629367605452 1 54
0.62573860415727 1 54
0.681303742448563 1 54
0.547075314097968 1 54
0.398522449984272 0 54
0.322561455784561 1 54
0.520440870922025 0 54
0.97216868808764 0 54
0.413111317969471 0 54
0.5743369334978 0 54
0.592932877922964 0 54
0.451786977448336 1 54
0.478924902685871 1 54
0.452809441979408 1 54
0.569864252379877 0 54
0.345042235916229 1 54
0.281128041325184 1 54
0.415400100510601 1 54
0.39474134493165 0 54
0.659255323193606 1 54
0.5431117493936 0 54
0.421401509471443 1 54
0.423019889703268 1 54
0.503360537137627 1 54
0.509905519613665 1 54
0.247237125800497 0 54
0.297937500032258 1 54
0.42930233071577 1 54
0.545748333697239 1 54
0.422528074325625 0 54
0.289002450219243 0 54
0.345322380660395 0 54
0.499117024300238 1 54
0.408639925778686 1 54
0.336535556456862 1 54
0.605220866176082 1 54
0.551759547093829 1 54
0.400090604016524 0 54
0.874036992880213 1 54
0.722375763828727 0 54
0.309625922278764 1 54
0.398001436488315 1 54
0.314142377543448 1 54
0.264220758502876 1 54
0.342181042862164 1 55
0.411483884261264 1 55
0.452561709802269 0 55
0.370246182500527 1 55
0.391238102511312 1 55
0.361596896047868 0 55
0.752716226690111 0 55
0.806008567917874 0 55
0.286501602568054 1 55
0.491756540680623 1 55
0.385616616557871 1 55
0.381300106605349 1 55
0.813011791919246 1 55
0.42996334951733 0 55
0.486936037585619 1 55
0.432595273848709 1 55
0.307183336829555 1 55
0.749656919748716 1 55
0.981175178026135 0 55
0.469521391973607 1 55
0.498023189578059 0 55
0.624007737518442 0 55
0.309833680472966 1 55
0.303347726129395 1 55
0.622632411214505 0 55
0.463653825415498 1 55
0.361713751142368 1 55
0.332609067147502 1 55
0.313160676538608 1 55
0.245666605087803 1 55
0.61193857419021 0 55
0.421433872243667 1 55
0.615275961738347 1 55
0.89275755486177 0 55
0.8179540341442 1 55
0.4092989794387 1 55
0.414973140826188 1 55
0.966294957125847 0 55
0.433601311647159 0 55
0.384864057155335 0 55
0.563877260902314 1 55
0.459397313063444 1 55
0.343177460168729 1 55
0.335814469305188 1 55
0.652813960275095 1 55
0.444246454937183 0 55
0.693048971003497 1 55
0.333217304039088 1 55
0.559987475702849 1 55
0.376202179717856 0 55
0.452054852040258 1 55
0.276411061670577 1 55
0.281437878645957 1 55
0.243492620355639 0 55
0.283220523036238 1 55
0.423671174767032 0 55
0.41998750444045 0 55
0.664041482734205 0 55
0.396098139074619 1 55
0.475038877762771 1 55
0.460409094807042 0 55
0.294662011184476 1 55
0.471216126443729 1 55
0.344380646276809 1 55
0.621002607005455 0 55
0.711253113922953 0 55
0.65468039697329 1 55
0.493667988010156 0 55
0.302139557041068 1 55
0.637558723692408 1 55
0.422877287408408 0 55
0.320195311251781 1 55
0.391006447757521 0 55
0.588193069082599 1 55
0.340494357031241 1 55
0.280254949755627 1 55
0.452574514793817 1 55
0.276588657497678 0 55
0.370676413048512 1 55
0.504522592637779 0 55
0.982499095497189 1 55
0.298292570979503 1 55
1.14869853632184 1 55
0.413783648577172 1 55
0.428412059542916 1 55
0.566523326228612 1 55
0.473942737952495 1 55
0.338937059066962 1 55
0.534725137555211 1 55
0.56875222358872 1 55
0.507934096090181 1 55
0.298746084107887 1 55
0.475884884079907 1 55
1.36653487038885 0 55
0.327248153025738 0 55
0.710268844142924 0 55
0.297218750760578 0 55
0.535308297264122 0 55
0.404247244455179 0 55
1.1069926234649 1 55
0.593125485511058 1 56
0.644225140892612 1 56
0.426954784670422 1 56
0.603662768734797 1 56
0.499076119720266 1 56
0.329201861909586 1 56
0.52302137176031 1 56
0.354816973277344 1 56
0.287694310302965 1 56
0.454133805239519 1 56
0.343006372795663 1 56
0.333254052087831 1 56
0.364285544962638 1 56
0.408147591843027 0 56
0.415489846225269 0 56
0.433424363881477 1 56
0.314273180136804 1 56
0.497434300359039 1 56
0.393301736725672 1 56
0.302297414649207 0 56
0.445545966435377 1 56
0.66462896582195 1 56
0.357908302727394 1 56
0.38418946186096 0 56
1.0000344089673 1 56
0.541757545897862 1 56
0.62396850783597 0 56
0.666362669845033 1 56
0.336832786635203 1 56
0.378082313331686 1 56
0.332782897825472 1 56
0.520584252388317 1 56
0.511783191138994 1 56
0.472719610078464 0 56
0.293337162707811 1 56
0.352703837330222 1 56
0.483706572878213 1 56
0.313990298171923 1 56
0.524664537654398 1 56
0.375394424493354 1 56
0.482284592334143 1 56
0.362136454997727 1 56
0.3077485973204 1 56
0.268105413657866 1 56
0.388066911064242 1 56
0.378826571893855 1 56
0.39988943358428 1 56
0.411346797345786 1 56
0.490088015362658 0 56
0.288689866119814 1 56
0.660238173954737 1 56
0.450026204695043 1 56
0.771762547223107 1 56
0.416541554735175 1 56
0.361467998754096 1 56
0.46079933627302 1 56
0.578547039695874 1 56
0.364980898226945 1 56
0.483840770143965 0 56
0.529276290223493 1 56
0.356799129706747 1 56
0.450156530817855 1 56
0.455017553756852 1 56
0.378136123202231 1 56
0.435108926296642 0 56
0.35940499821809 1 56
0.271439093157725 1 56
0.440259358496333 1 56
0.507743652101731 1 56
0.298049505782902 1 56
0.464929643191324 1 56
0.295133780742593 1 56
0.54345076125864 1 56
0.29805050663433 1 56
0.368241078550585 1 56
0.40953721873593 1 56
0.36691286293985 1 56
0.361575143575867 1 56
0.344021279785738 1 56
0.413686375939078 1 56
0.400930436362487 0 56
0.379052554634626 1 56
0.546435562518251 1 56
0.387644267509634 1 56
0.329688529250682 1 56
0.343278281362089 1 56
0.711542898553068 0 56
0.444101820946696 1 56
0.439963486441776 1 56
0.402146570271695 1 56
0.579509908882397 0 56
0.442690346835514 1 56
0.564344037389532 1 56
0.483007506823841 1 56
0.411334010542264 1 56
0.394666232190498 1 56
0.546925904955188 1 56
0.446047305380557 1 56
0.401703876910481 1 56
0.486826150877015 1 56
0.418433963906118 1 57
0.381774708317684 1 57
0.552290388079651 1 57
0.513632080543322 1 57
0.339551333393115 1 57
0.442580312847368 1 57
0.434483056807387 1 57
0.651624163229219 0 57
0.631600704138855 0 57
0.701472237795016 0 57
0.464602606093222 1 57
0.483598502926168 0 57
0.474743273956425 1 57
0.359053096718685 1 57
0.27619381263382 1 57
0.363955961324331 0 57
0.549579190016956 0 57
0.43652374708869 1 57
0.491321434589008 0 57
0.355969147920656 1 57
0.351536684128579 1 57
0.268172010473779 1 57
0.343873285785418 1 57
0.414809056547745 1 57
0.53001784658367 1 57
0.326145614380637 0 57
0.554376640067689 1 57
0.504916011440394 1 57
0.443827876876881 1 57
0.623935170007137 1 57
0.483891440124936 1 57
0.749741058252603 1 57
0.491642072750934 0 57
0.731900712343358 1 57
0.487559603836703 0 57
0.317256269334387 1 57
0.814426732660561 1 57
0.459208082472249 1 57
0.521124819883207 1 57
0.453941450396533 1 57
0.813773913331466 0 57
0.340065138185633 1 57
0.595872432773507 1 57
0.439750942765701 1 57
0.457973669062254 1 57
0.39013536366305 1 57
0.531904415473269 1 57
0.463892427580106 0 57
0.515119748274846 0 57
0.577620313354687 1 57
0.315588044073523 1 57
0.583665884008244 0 57
0.375512665136523 0 57
0.433000555563872 1 57
0.529345350669333 1 57
0.439368608736893 0 57
0.526037771724266 1 57
0.52700824761067 0 57
0.685893456759774 1 57
0.472189909128121 1 57
0.467361360081358 1 57
0.447626466590344 0 57
0.494353410908943 1 57
0.658266534117637 1 57
0.509085774346074 1 57
0.406375313997636 1 57
0.550481239406015 0 57
0.365591808912262 1 57
0.339745819174207 1 57
0.520764376335476 1 57
0.572654559404615 0 57
0.373132701562277 1 57
0.40108615597589 1 57
0.521320383866427 1 57
0.38072747578188 1 57
0.364582382854961 1 57
0.355720440283216 1 57
0.356045678313044 0 57
0.382492233329496 1 57
0.385843155187398 1 57
0.284862196740441 1 57
0.467898289581017 0 57
0.443601693602371 1 57
0.524827758243841 0 57
0.534976800055655 0 57
0.39519394304598 1 57
0.347416166092802 1 57
0.515271661152263 1 57
0.453495026895387 0 57
0.43919613557897 1 57
0.814572474855863 0 57
0.480234371605223 1 57
0.529112499592539 0 57
0.408316870795258 1 57
0.330636420796762 1 57
0.330865500922263 0 57
0.517760645863263 0 57
0.534657931109078 1 57
0.613743973124162 1 57
0.515999603180585 0 57
0.848887140932351 0 58
0.425919797123731 1 58
0.788211281968922 1 58
0.363677498337104 1 58
0.337486353252413 1 58
0.248550952650641 0 58
0.373174206921373 1 58
0.342279664331027 1 58
0.422199905161173 1 58
0.394689164612594 1 58
0.396879101856322 1 58
0.418748337303728 1 58
0.36628983432192 0 58
0.27944927735804 1 58
0.279641653153546 0 58
0.240292588755236 1 58
0.480342012370625 1 58
0.35100038289536 1 58
0.525212073977993 1 58
0.391027797044634 1 58
0.352768197550523 0 58
0.465045876030149 1 58
0.567418847721383 0 58
0.54485418828869 0 58
0.294724153940457 1 58
0.632032233497317 0 58
0.272616976168309 0 58
0.790038467360148 1 58
0.50518192985447 1 58
0.233949812556168 0 58
0.34995365141643 1 58
0.435780169976225 1 58
0.346582320936971 0 58
0.246800127856779 1 58
0.269808910843335 1 58
0.227513166977212 0 58
0.34348756274992 0 58
0.358710791270126 1 58
0.258692811755424 0 58
0.266632890180605 1 58
0.353557346322219 1 58
0.190910743608483 0 58
0.312515566379741 1 58
0.47667138966876 1 58
0.291129410437838 0 58
0.630957429896978 0 58
0.423344092696288 1 58
0.518646896892347 1 58
0.788035056272768 0 58
0.220831828684066 1 58
0.388319533846269 1 58
0.274313176658694 0 58
0.292255579342828 1 58
0.328002763103601 1 58
0.274836088134438 0 58
0.52145969943996 0 58
0.648473139480811 0 58
0.350740207930259 1 58
0.405946165156807 1 58
0.235069621364913 1 58
0.345836229730673 1 58
0.217806070369074 1 58
0.232769210775051 1 58
0.281199801321467 1 58
0.366809172274188 1 58
0.43978215175907 1 58
0.418651032106998 1 58
0.549398735228634 1 58
0.488835505899798 0 58
0.256562420920797 0 58
0.437484058819299 0 58
0.307653392444923 1 58
0.442649160834342 1 58
0.408155624035123 0 58
0.222174107588725 1 58
0.344642479314324 1 58
0.287932135357267 0 58
0.590171506213369 1 58
0.961563401079751 1 58
0.355809570129215 1 58
0.846002204141897 1 58
0.956891848379214 1 58
0.523986828046993 1 58
0.409172348465084 1 58
0.292889568216819 0 58
0.288570941848359 1 58
0.227124675483586 1 58
0.289722383516014 0 58
0.395556278626222 1 58
0.234610095937205 1 58
0.415526572619455 1 58
0.276406947136159 0 58
0.228198770048552 1 58
0.244293529082176 0 58
0.388039672518653 1 58
0.537219867580363 1 58
0.32776623007967 0 58
0.660759289105257 0 58
0.286687214945572 1 58
0.397528171449915 1 58
0.339517755108694 0 59
0.410511929380099 1 59
0.324775856322926 1 59
0.302701361352707 1 59
0.330742173631611 1 59
0.345288395776802 1 59
0.376882555328384 0 59
0.272620113482499 0 59
0.35452481860827 1 59
0.263111108860985 1 59
0.295730158353999 1 59
0.33956005753276 1 59
0.299675622880419 1 59
0.450961530756622 1 59
0.349517699595065 1 59
0.367443663006348 1 59
0.313624944544188 0 59
0.260779721151705 1 59
0.390928013993283 0 59
0.327524252524317 1 59
0.47556232878963 1 59
0.277448858527239 1 59
0.30311713776742 1 59
0.46347150877709 0 59
0.368209550124048 1 59
0.294613017602316 1 59
0.379303532206482 1 59
0.39498387900249 1 59
0.434071949282137 1 59
0.28195637475508 1 59
0.473810042049749 1 59
0.36169275335948 1 59
0.286474359901853 0 59
0.399492042371268 1 59
0.480180246022773 1 59
0.384892738347712 1 59
0.348466583159379 1 59
0.344911429941381 1 59
0.525574083071253 1 59
0.283264334332187 1 59
0.382789790551819 1 59
0.350443208276086 1 59
0.336395484415719 1 59
0.308431136534708 1 59
0.441342645034117 1 59
0.34212149089993 1 59
0.33431638498403 1 59
0.374994096122384 1 59
0.343312815227998 1 59
0.493288017103011 0 59
0.492357075526535 0 59
0.393050449082536 1 59
0.40563433125068 1 59
0.415141473670439 1 59
0.48661731158965 1 59
0.465792315793077 1 59
0.305732776741792 0 59
0.306788185777463 1 59
0.391624155725533 1 59
0.407105511435197 0 59
0.333555416423174 1 59
0.325621948648248 1 59
0.388135244641383 1 59
0.378234760182403 1 59
0.345906131930136 1 59
0.305659289424687 0 59
0.339989505037177 1 59
0.357003455418564 1 59
0.3700632258028 1 59
0.639024318023177 1 59
0.30331488732532 1 59
0.356861796222204 1 59
0.356530874868869 1 59
0.329747417164737 0 59
0.40793312992532 1 59
0.419315368375008 0 59
0.348957411760798 0 59
0.359534808299899 1 59
0.464304619822496 1 59
0.354464369112379 1 59
0.341243649307697 1 59
0.271118375142025 1 59
0.41500067963703 1 59
0.407970758857763 1 59
0.424759994371094 1 59
0.476782380097788 1 59
0.323078822364957 0 59
0.466795900518977 1 59
0.249460659664161 1 59
0.246026948196978 1 59
0.289978999983971 1 59
0.266412892966346 1 59
0.284794380922931 1 59
0.333597252565944 1 59
0.272179335471476 1 59
0.349270419896119 1 59
0.332127747825718 1 59
0.375649625281648 1 59
0.369860149101762 1 59
0.316004093974605 1 59
0.443843935164647 1 60
0.309221342123265 0 60
0.399583124161298 0 60
0.436820624975354 1 60
0.481260679931056 0 60
0.288995407915272 0 60
0.492530826908486 1 60
0.430821066384653 0 60
0.263831015296746 1 60
0.47913814318538 1 60
0.851109869614619 1 60
0.584189252677716 1 60
0.291599987587631 1 60
0.357489054253279 0 60
0.462114156990652 1 60
0.260672087842416 0 60
0.399451451637619 1 60
0.279278292354489 0 60
0.578471287188701 0 60
0.365320804944205 1 60
0.341465709300037 1 60
0.303693510905106 0 60
0.298293613775344 1 60
0.257990446714704 1 60
0.233470646412516 1 60
0.298115994061367 1 60
0.401059168222757 0 60
0.303088398130787 0 60
0.413115552996511 1 60
0.308366386851716 1 60
0.479644303347122 1 60
0.680111524408459 0 60
0.56657388073713 0 60
0.348786257304952 0 60
0.544519816735483 0 60
0.485148379598895 1 60
0.314516153667403 1 60
0.768790733598777 0 60
0.293676562952151 1 60
0.611721585389147 1 60
0.555206844990458 0 60
0.382763289257126 1 60
0.44391500255575 1 60
0.419770688193269 0 60
0.572714436541427 1 60
0.375822946090698 1 60
0.263858239628046 1 60
0.463165918921615 1 60
0.255254910650768 1 60
0.30360055147845 1 60
0.49268061011962 1 60
0.453781148452149 1 60
0.591129393909103 0 60
0.273017925019314 1 60
0.422279638168462 1 60
0.240910218333138 1 60
0.392781872765845 1 60
0.645159863796506 1 60
0.86750532777069 1 60
0.38624231556594 0 60
0.962625345704046 0 60
0.460148610944281 1 60
0.299473669777005 0 60
0.303228751380135 1 60
0.505378958326364 0 60
0.51075198321325 1 60
0.386715323798371 0 60
0.583765853832333 0 60
0.395821069346239 1 60
0.392270233474737 1 60
0.27284752375565 0 60
0.346230933487966 0 60
0.474736587600997 0 60
0.618462325963477 1 60
0.396853279385726 1 60
0.425345096195841 1 60
0.379197603203946 0 60
0.641085232991632 1 60
0.342666849905876 1 60
0.474105327235352 1 60
0.419288295465964 1 60
0.480408114300239 1 60
0.386181708487055 1 60
0.517160439883779 0 60
0.527463442641241 1 60
0.42518967965582 1 60
0.353618240063979 1 60
0.391815119064028 1 60
0.995915644275928 1 60
0.757046947568423 0 60
0.447512059066722 1 60
0.578504071717727 0 60
0.293862905977137 1 60
0.968127809691361 0 60
0.373420429603052 0 60
0.307043078611728 1 60
0.473442149720927 1 60
0.291738652489003 1 60
0.31528238726989 1 60
0.370932490025897 0 60
0.63523601702135 0 61
0.51046468815779 1 61
0.591590776865587 0 61
0.489512441465223 1 61
0.446219136663209 0 61
0.641577407472269 1 61
0.375036143747949 0 61
0.418950977296662 0 61
0.668970959766488 0 61
0.487738241797926 0 61
0.529853082173662 1 61
0.442033603655938 1 61
0.402306438158456 0 61
0.494017959113405 0 61
0.35678420531916 0 61
0.52298353156614 0 61
0.59411958681171 1 61
0.455589193936508 1 61
0.594429837986073 0 61
0.503658815084796 1 61
0.386957837949625 0 61
0.705348292373226 0 61
0.355176378006369 0 61
0.444967923011075 0 61
0.5241416766358 1 61
0.350482668455271 1 61
0.674404612536175 0 61
0.406715163831902 0 61
0.431594445878817 0 61
0.460972917578507 0 61
0.551494453102055 0 61
0.460317681135197 0 61
0.451157572216593 0 61
0.456525957177521 1 61
0.417707214902159 0 61
0.378398483050098 0 61
0.406641108491543 0 61
0.361789898712554 0 61
0.419198882742376 0 61
0.446364128080143 1 61
0.360882350705116 1 61
0.5546452284382 0 61
0.551005217823439 1 61
0.350144834869609 0 61
0.456552821954996 0 61
0.479112627181097 1 61
0.642876954193972 0 61
0.542500346651986 1 61
0.552657728330611 1 61
0.419777784817762 0 61
0.513185156877661 1 61
0.480146817932299 0 61
0.765632373555369 1 61
0.391667105185704 0 61
0.535775048935728 0 61
0.391876722622634 0 61
0.419414596989801 0 61
0.397942311727504 0 61
0.518425131932706 1 61
0.422052145501675 0 61
0.643369334508147 0 61
0.390528691485342 0 61
0.558746528581767 0 61
0.363037642080723 0 61
0.64275086603488 0 61
0.454162372780538 0 61
0.429583823641578 0 61
0.394081417802634 0 61
0.513658542050224 0 61
0.444333114895716 0 61
0.513493868756046 1 61
0.430662065961504 0 61
0.491446961347209 0 61
0.634908499200874 1 61
0.690912486700379 0 61
0.51877370889554 1 61
0.391747838530605 0 61
0.402166437483818 1 61
0.450826205584981 1 61
0.621543893661682 0 61
0.500050225111154 0 61
0.60490395198115 1 61
0.428921581661347 0 61
0.574199021828313 1 61
0.372550595182508 0 61
0.369099476257089 0 61
0.525224957558128 0 61
0.405095728784635 1 61
0.415500667605713 0 61
0.78713503493006 1 61
0.478956918811433 1 61
0.808102765880634 1 61
0.44682179036493 1 61
0.737217976730081 1 61
0.391896313412236 1 61
0.439297885787582 0 61
0.474347922471594 0 61
0.502691003351976 0 61
0.781417907634012 0 61
0.656600630746857 1 61
0.53619738640066 0 62
0.469875821175548 0 62
0.290299358921109 0 62
0.389530906346788 1 62
0.294050098311025 0 62
0.572303236889044 1 62
0.486871799619049 0 62
0.459212108529642 1 62
0.429912240443411 0 62
0.384056741334146 1 62
0.328126122192741 0 62
0.352068982942489 1 62
0.391832889323528 0 62
0.368743288435757 1 62
0.479755901841528 0 62
0.584375033689878 1 62
0.476201374150806 1 62
0.372007684285626 1 62
0.492885059342518 1 62
0.575646553558293 0 62
0.492097380840265 1 62
0.408083989407147 1 62
1.15205158040405 1 62
0.46592351027426 1 62
0.371833209417186 1 62
0.389935245014307 1 62
0.349466643841382 0 62
0.567867724688372 1 62
0.380833361609289 1 62
0.375188621990084 0 62
0.51984522458903 0 62
0.402021928185678 1 62
0.350150427195998 1 62
0.325024499221207 0 62
0.370159343643664 0 62
0.390260168465851 0 62
0.655788581160142 1 62
0.353457110954504 0 62
0.390376653661413 0 62
0.328854408776771 1 62
0.817548899867552 1 62
0.762478432950278 0 62
0.392820324683516 1 62
0.404111779813052 0 62
0.388147476742888 1 62
0.423243633330027 0 62
0.504482589083506 0 62
0.412043457944264 0 62
0.2923940670513 0 62
0.348298871599559 0 62
0.305430979610588 1 62
0.487627502371385 0 62
0.506320816952141 1 62
0.666280616867226 1 62
0.354796563723083 0 62
0.423658211986405 1 62
0.599084581852611 0 62
0.467861386499444 0 62
0.508502597218498 1 62
0.564843676760129 0 62
0.32390719077591 0 62
0.326353775533305 0 62
0.352878859017513 0 62
0.308347144434685 1 62
0.372657899603432 0 62
0.599369593462289 0 62
0.359467113040697 0 62
0.454797919611732 1 62
0.44506187298965 1 62
0.322100691587737 1 62
0.256780789464511 1 62
0.354065586101909 1 62
0.387902743918775 1 62
0.378098413955579 1 62
0.541714005760273 1 62
0.324517922358415 0 62
0.359953761888742 0 62
0.317353244275223 1 62
0.549881176786143 1 62
0.439622108596291 1 62
0.327826799791492 1 62
0.415716502811893 1 62
0.475911086579076 0 62
0.355199393992255 1 62
0.429270162485215 1 62
0.509911218315698 0 62
0.418632967573445 1 62
0.410836931648667 0 62
0.608926958743849 1 62
0.582412016809581 1 62
0.437697589954069 0 62
0.580164867593546 1 62
0.471674843491617 1 62
0.345155059392139 0 62
0.458506135442758 1 62
0.336910711892486 1 62
0.277887579918417 0 62
0.284228811941325 0 62
0.353161270833869 1 62
0.289559343500951 0 62
0.650370478931652 0 63
0.511021556579923 1 63
0.755490586301004 0 63
0.274240342436056 1 63
0.431880335963368 1 63
0.297983692810196 1 63
0.542493062529511 0 63
0.442616811901987 1 63
0.494893483528043 1 63
0.289152274599309 1 63
0.527054802117035 0 63
0.417775856743636 1 63
0.302892504803107 1 63
0.476352006799507 1 63
0.638378499217915 1 63
0.548681029502083 1 63
0.506820220209896 0 63
0.742210847377035 1 63
0.389441940424983 1 63
0.646889888442102 1 63
0.494098031921545 1 63
1.27947520410014 0 63
0.387091809502365 1 63
0.281575203730754 1 63
0.443922684831948 1 63
0.534651971859813 0 63
0.56229692906657 1 63
0.624689191263562 1 63
0.710126535002686 0 63
0.720346155257977 1 63
0.575125349272014 0 63
0.556507419249703 1 63
0.422724308466973 1 63
0.389797435345827 1 63
0.747921678263018 0 63
0.272554314194433 1 63
0.383508663958145 1 63
0.51133090762749 1 63
0.35534383133626 1 63
0.42869832836901 1 63
0.344226604720014 1 63
0.770558660778013 1 63
0.463741893513659 1 63
0.95511959691152 1 63
0.395971359232921 1 63
0.384748165083255 0 63
0.285635215408074 1 63
0.450475269138179 1 63
0.370618119858319 1 63
0.301904711067271 1 63
0.80292407088591 1 63
0.477364074598091 0 63
0.446117357959071 1 63
0.521619543618074 0 63
0.259726787772699 0 63
0.584242916966138 0 63
0.628566528957076 1 63
0.312754674767188 1 63
0.381133458514045 1 63
0.3710528358172 0 63
0.615781972112142 1 63
0.462435451829855 1 63
0.283280656114188 1 63
0.347802001374755 1 63
0.519444372037441 0 63
0.334628681976234 0 63
0.685627818832622 0 63
0.269913499101454 0 63
0.286430434573715 1 63
0.399085490384538 0 63
0.772331640072304 0 63
0.493525752819232 1 63
0.412533456822303 0 63
0.544721613835297 1 63
0.363785076140526 1 63
0.293063379153958 1 63
0.353499101930083 1 63
1.01059084510031 1 63
0.549954795836716 0 63
0.445765348026673 1 63
0.534642473886358 1 63
0.43089259420716 1 63
0.542418244537907 1 63
0.38989430455745 1 63
0.355329846545658 0 63
0.395472398725859 1 63
0.996621048940357 1 63
0.46870531716874 1 63
0.482403374690915 1 63
0.485348344925371 1 63
0.266533970902056 1 63
0.437337602685743 0 63
0.414169202196437 1 63
0.428558657229123 0 63
0.303027199467072 1 63
0.328450759593628 1 63
0.533249538080472 1 63
0.446192809528281 0 63
0.275484292805586 0 63
0.435126655075607 0 63
0.275821474316609 0 64
0.437603899714903 0 64
0.46488142092752 0 64
0.282065343401621 1 64
0.496426851438132 1 64
0.420393638200288 0 64
0.337239064136583 1 64
0.478397238504681 1 64
0.314752043970928 0 64
0.270295225495109 0 64
0.333578156793891 1 64
0.431472497945945 1 64
0.304193088155708 1 64
0.300117155567196 0 64
0.277897072742089 1 64
0.341436287225402 1 64
0.312291629919002 0 64
0.274191087707912 0 64
0.269095333686573 0 64
0.295924692637841 0 64
0.301001850240097 0 64
0.342269571908779 1 64
0.468868325248871 0 64
0.275677190999719 1 64
0.797249777064989 0 64
0.365070491338711 0 64
0.440227578042349 0 64
0.302113831738502 1 64
0.356030302294679 1 64
0.411487668397619 0 64
0.32423213155139 1 64
0.321325446758222 0 64
0.275823435731985 0 64
0.313431911337917 0 64
0.366372548319242 1 64
0.366495312504225 0 64
0.302739865831455 0 64
0.35291429147711 1 64
0.284423559760262 1 64
0.347028023244866 0 64
0.333310575114354 1 64
0.376803279363967 0 64
0.343630009210904 1 64
0.473709419700988 0 64
0.287631169430572 0 64
0.299695385847125 0 64
0.316763437115034 1 64
0.318439843688948 1 64
0.281626158614367 1 64
0.486366687461649 1 64
0.316958267267778 1 64
0.367907808845244 0 64
0.366245239154129 0 64
0.318337616789544 0 64
0.531472362392224 0 64
0.264962331560946 1 64
0.459373092442043 0 64
0.331382272576658 0 64
0.455653343612474 1 64
0.37241210659122 0 64
0.36676199000384 1 64
0.314637571418433 0 64
0.447956778739938 1 64
0.331518580999154 1 64
0.303349366031471 0 64
0.420756976648024 1 64
0.467157660193389 0 64
0.399744072131656 0 64
0.712010351387587 1 64
0.305129554078916 1 64
0.36228779054755 1 64
0.337532506794469 1 64
0.527661859266454 0 64
0.274342934730266 1 64
0.38269909949623 1 64
0.5296890830326 0 64
0.344953289834675 1 64
0.49179409695945 0 64
0.324455310647258 0 64
0.323847233754554 1 64
0.460931533612452 1 64
0.316460451600496 1 64
0.384720763534336 1 64
0.365925101968868 1 64
0.275214621222307 0 64
0.274527502630368 1 64
0.432184847399743 0 64
0.283596514384999 0 64
0.268081225793046 1 64
0.29412224414347 1 64
0.341529235115596 1 64
0.412646608075665 0 64
0.241970642836524 1 64
0.301029772418073 1 64
0.359316415204247 1 64
0.308647120310881 1 64
0.629994854368249 1 64
0.309051032203375 1 64
0.31607307316699 0 64
0.376992551667223 1 64
0.321010260206525 1 65
0.355000889372024 1 65
0.449005704484339 1 65
0.273456151377506 1 65
0.369628783580327 1 65
0.470928666207319 1 65
0.380617811991609 0 65
0.4892085942397 1 65
0.437895142586181 1 65
0.63286549423101 0 65
0.417626630359951 0 65
0.448571809984167 1 65
0.866767950457762 0 65
0.525714211307046 1 65
0.396159558554403 0 65
0.552989884854685 0 65
0.609542659880939 1 65
0.537831576178115 1 65
0.565296851281509 0 65
0.409146428424165 1 65
0.33713334912759 1 65
0.352720939055901 1 65
0.376894290468369 1 65
0.34733633935992 1 65
0.283971537379188 1 65
0.469644342057228 1 65
0.569114900552714 0 65
0.575592078167573 1 65
0.378191483772006 1 65
0.413949629878376 1 65
0.453576838337969 1 65
0.28821947968083 1 65
0.471457814288934 1 65
0.755425913172039 0 65
0.514420440690166 0 65
0.403839963767452 1 65
0.638246169915601 1 65
0.480715143219535 1 65
0.380865093617404 1 65
0.525165556328557 1 65
0.382141121030172 0 65
0.719529391163325 0 65
0.400249104004412 1 65
0.345726368145706 0 65
0.85170411663247 1 65
0.283803226304534 1 65
0.473032898585779 1 65
0.605488148088281 0 65
0.315784193302016 1 65
0.529736284581912 1 65
0.365634481373102 1 65
0.339378946551548 1 65
0.323971552349258 1 65
0.339259292356664 1 65
0.397082304330026 1 65
0.663278022133433 0 65
0.450822773205924 1 65
0.44169088551347 1 65
0.490314489864308 1 65
0.396195760616491 0 65
0.620239895665887 0 65
0.370777951541181 1 65
0.350121252122755 1 65
0.422419295836677 1 65
0.474243287268292 1 65
0.372995910135336 0 65
0.472123653568681 1 65
0.49780317466623 0 65
0.42174386541075 1 65
0.596000816599583 0 65
0.292783483173022 1 65
0.397487027262964 0 65
0.668512356276714 0 65
0.688798796732706 1 65
0.363947121972924 1 65
0.477210267097043 1 65
0.849635358831522 1 65
0.442814062602139 1 65
0.639963488914872 1 65
0.470562401178928 1 65
0.349565449892366 1 65
0.38802269210786 0 65
0.558294577910483 0 65
0.609541489950436 1 65
0.528884582858075 1 65
0.724581058784253 1 65
0.501785249428131 1 65
0.570678772896105 1 65
0.468277209091261 1 65
0.782754112373943 0 65
0.356519790564412 1 65
0.488280114082525 1 65
0.351056289214308 1 65
0.382059366283521 1 65
0.374240736420742 1 65
0.530503667397382 1 65
0.386717537309176 1 65
0.393014270220711 0 65
0.533834270979316 1 65
1.20546604896432 0 65
0.357674622369467 1 66
0.428189993756619 1 66
0.508881666257373 1 66
0.461238925536504 0 66
0.360404458640546 1 66
0.449017092562721 1 66
0.478099274978144 1 66
0.286949845995422 1 66
0.319398678888961 1 66
0.414511113745411 1 66
0.381153965461901 1 66
0.458550253393341 1 66
0.393419081487283 0 66
0.311504337037506 1 66
0.393282601006017 1 66
0.274278813968519 0 66
0.287871721890337 0 66
0.786564437198597 1 66
0.514271326359027 1 66
0.443561239551713 1 66
0.44526457787853 1 66
0.403085862100964 1 66
0.60851829572292 1 66
0.43258746810514 1 66
0.271357990460645 1 66
0.357043950294196 1 66
0.438592972960556 1 66
0.431574125309325 1 66
0.419418546328897 0 66
0.336411809438051 1 66
0.524227225593628 0 66
0.654949076602902 0 66
0.420936298725667 1 66
0.485200212061532 0 66
0.460392860386085 1 66
0.438306598561334 1 66
0.2854355775145 1 66
0.395946503532681 0 66
0.357369231818204 0 66
0.786165593678846 1 66
0.547923065723448 1 66
0.366565679757469 1 66
0.452204375451959 0 66
0.324557037340714 0 66
0.367906792065808 1 66
0.61174843770593 1 66
0.386982049519052 1 66
0.250489185128074 1 66
0.379218237505015 1 66
0.351377755444691 1 66
0.348035209529454 0 66
0.400597428859841 1 66
0.3276184426387 0 66
0.46076652261138 1 66
0.281610201524545 0 66
0.333278697216714 1 66
0.31587466836447 0 66
0.313737857874328 1 66
0.679096873056093 1 66
0.385084489891632 1 66
0.353377929808216 0 66
0.306780833661322 0 66
0.264589776696378 1 66
0.314619987101133 0 66
0.576910488271019 0 66
0.393185993393137 1 66
0.566726646704409 1 66
0.367177668348391 1 66
0.476256686694197 1 66
0.479482893088207 1 66
0.418151715236056 1 66
0.341689746843198 1 66
0.297702650289115 1 66
0.26722962675951 1 66
0.245138435078882 1 66
0.359682999010682 0 66
0.328361378985334 1 66
0.475584005505531 0 66
0.390091443565399 1 66
0.294980017475148 1 66
0.362459033334082 1 66
0.311935228567125 1 66
0.270099706469046 1 66
0.398566818602683 0 66
0.518512697157403 1 66
0.372450421449536 1 66
0.310235964897168 1 66
0.394657449561802 0 66
0.572106478741528 1 66
0.604852900390818 1 66
0.521414680374353 1 66
0.338930262751262 1 66
0.373355529891762 0 66
0.452512609975391 1 66
0.342036640731835 1 66
0.524558150439612 1 66
0.431305249848383 1 66
0.375170337401439 1 66
0.308819450997338 0 66
0.308069682273588 1 66
0.250516461781689 1 67
0.308945972146964 1 67
0.699084430723897 0 67
0.270593639229455 1 67
0.318540123677472 1 67
0.269831676952878 1 67
0.425550962575157 1 67
0.313321395700448 1 67
0.668809157965853 1 67
0.356468241367503 0 67
0.309915141755523 1 67
0.493375483405343 1 67
0.416147380970047 0 67
0.431245150426682 1 67
0.853620698109999 1 67
0.420400548594965 1 67
0.329765656958023 1 67
0.439662486753183 1 67
0.416562917391445 1 67
0.448587012212907 0 67
0.231372262156636 1 67
1.57801903296313 1 67
0.238526446505821 1 67
0.49666059261773 1 67
0.274045690353914 1 67
0.778712944186614 0 67
0.764653297937428 1 67
0.395476881561335 1 67
0.363616030934171 1 67
0.350542256839375 1 67
2.21680323241411 1 67
0.429330175380975 1 67
0.283286233457601 1 67
0.261650330758231 1 67
0.358251810814472 1 67
0.464052705791138 1 67
0.507816837481836 1 67
0.297461742650178 1 67
0.317535821764497 1 67
0.543691455084745 0 67
0.282801549286126 1 67
0.391933693774085 1 67
0.349506989392052 1 67
0.379819239369362 1 67
0.516966918223613 1 67
0.369880364469989 1 67
0.375770973805328 1 67
0.487058818756782 1 67
0.281378541861985 1 67
0.45269395374495 1 67
0.250915740571153 1 67
0.643988421421623 1 67
0.269724238624264 1 67
0.502544983756229 1 67
0.246560415886387 1 67
0.244997820290664 1 67
0.433436064500514 0 67
0.61332583405063 1 67
0.59810785913313 1 67
0.618571744221658 1 67
0.601698752124488 1 67
0.933714609452654 1 67
1.03658406427394 1 67
0.724818313126614 1 67
0.329420264326473 1 67
0.354469344928947 1 67
0.413619942781711 1 67
0.282932282955221 1 67
0.71222694497544 0 67
0.343460952951984 1 67
0.574972567180208 0 67
0.386306561508213 1 67
0.307251005980229 1 67
0.49727442638656 1 67
0.351116497702272 1 67
0.375412546149596 1 67
0.32658207428201 1 67
0.313148020938231 1 67
0.38943920281008 1 67
0.472691059982483 1 67
0.39557772910678 0 67
0.58724880352024 1 67
0.464393021679625 1 67
0.242141409320476 1 67
0.347983685379979 1 67
0.633581145515592 1 67
0.354564223118611 1 67
0.337775957448133 1 67
0.311542544781724 1 67
0.337045368442295 1 67
0.509157684695986 1 67
0.505287429596401 1 67
0.41655181947938 1 67
0.217980359659753 1 67
0.51137232572936 1 67
0.482889467511028 0 67
0.484515628950127 1 67
0.834979161870756 1 67
0.410710251082421 1 67
0.405849623616723 0 67
0.400661026332715 1 68
0.420366430418006 0 68
0.378750171640213 1 68
0.439549026220124 0 68
0.3146398348148 1 68
0.337808868787114 0 68
0.630463385797844 0 68
0.320050908862015 1 68
0.33729186065589 1 68
0.56183893185049 0 68
0.488395922200103 0 68
0.306165591897876 0 68
0.38938494615764 0 68
0.342207413680233 1 68
0.62115119412764 1 68
0.343189414308268 1 68
0.746013669735622 1 68
0.398032163346386 1 68
0.354243313707727 0 68
0.33809849207385 0 68
0.38798805240131 1 68
0.413778828400611 1 68
0.283997495328829 0 68
0.370281506105313 0 68
0.373154123108395 0 68
0.317573193757837 1 68
0.297350209553933 0 68
0.448574003799795 0 68
0.32166652951585 1 68
0.485862427280035 1 68
0.344134315658635 0 68
0.346071212920679 0 68
0.434130703215004 0 68
0.435059305441084 1 68
0.340703474248574 1 68
0.272564042357578 0 68
0.264562356261678 0 68
0.314866979005232 0 68
0.323381835427504 0 68
0.442816324076483 1 68
0.286556606316022 1 68
0.919691063106876 0 68
0.432768389579366 1 68
0.317471439896611 0 68
0.385322067743903 1 68
0.432568202186374 1 68
0.294782484055291 1 68
0.312470831183732 0 68
0.442908927936717 0 68
0.382508222495869 1 68
0.319262825599773 0 68
0.380426222674714 1 68
0.333006373140443 1 68
0.329825004032926 0 68
0.37552981114648 1 68
0.347598181415134 1 68
0.323161086344937 1 68
0.354719924739484 0 68
0.358430916840789 1 68
0.343169089366586 1 68
0.498585345216195 1 68
0.40213838385466 0 68
0.351533651664933 1 68
0.288176159276945 1 68
0.41794750525222 1 68
0.415883597623008 1 68
0.282218154857836 0 68
0.413265218626985 0 68
0.34894081916071 0 68
0.36770442603156 1 68
0.296271933958164 0 68
0.347170272161402 1 68
0.409046443792104 1 68
0.515571159287227 0 68
0.439647146772782 1 68
0.390179386137364 0 68
0.360968265097278 1 68
0.349713891235024 1 68
0.473225962639207 1 68
0.303115202822821 0 68
0.341770469953985 1 68
0.429714282668206 0 68
0.547716911057534 1 68
0.682655666170216 0 68
0.464075771688532 1 68
0.486603120897476 0 68
0.408090543784065 1 68
0.325953527565152 0 68
0.354711028664338 0 68
0.474149697762002 0 68
0.358187125620274 1 68
0.56390844109435 0 68
0.382239857226135 0 68
0.313916748441562 1 68
0.385847082285981 0 68
0.275298008677015 1 68
0.389015925137721 1 68
0.537148564809406 1 68
0.362675745931556 0 68
0.383989943015005 1 68
0.398230534924681 0 69
0.631379070920832 1 69
0.297669501698498 0 69
0.27320875547599 1 69
0.349547481568844 1 69
0.437793778869469 1 69
0.359462360681998 1 69
0.245645355098517 1 69
0.431333272368208 0 69
0.341573234915252 1 69
0.411700134500346 1 69
0.330845661003465 0 69
0.392948257442246 1 69
0.288537247985777 1 69
0.308489522040154 1 69
0.30063595869832 1 69
0.409908359069225 1 69
0.441667766637012 1 69
0.379942423525832 1 69
0.376209780093535 1 69
0.374167689905193 0 69
0.477930334861767 1 69
0.343848626281387 1 69
0.303862394004003 1 69
0.348408520674953 1 69
0.443245401291552 1 69
0.281077335259509 1 69
0.578389751717791 1 69
0.276230380477258 1 69
0.285021801767051 1 69
0.421029512374596 1 69
0.431989623314602 1 69
0.304688297937443 1 69
0.285337626834118 1 69
0.391716103935482 0 69
0.30728135298865 1 69
0.677570588499485 1 69
0.491720460433699 1 69
0.379926916298976 1 69
0.314224175725851 1 69
0.286861189622402 1 69
0.368722320284472 1 69
0.530496717901656 1 69
0.37351785365772 1 69
0.491058133785581 1 69
0.344482103390899 1 69
0.28725173692054 1 69
0.281002241986427 1 69
0.391088834840405 1 69
0.69447944183419 1 69
0.372122132712038 0 69
0.3081198120821 1 69
0.641436128769127 1 69
0.320192639222544 1 69
0.633720324880241 1 69
0.291281162598862 1 69
0.534534728723529 1 69
0.260838346650944 1 69
0.389068059007702 1 69
0.636870297897457 0 69
0.591587878971268 1 69
0.398994636721482 1 69
0.284650408697796 1 69
0.364657065328176 1 69
0.312176965186816 1 69
0.272318734155835 1 69
0.431462868857097 1 69
0.414341342251068 1 69
0.501388334576219 1 69
0.264017879817239 1 69
0.387066478076851 1 69
0.298816709728978 1 69
0.413618193323193 1 69
0.425950459493717 1 69
0.500982924292005 1 69
0.361230367215013 1 69
0.26094361309818 1 69
0.29829303339658 1 69
0.362772490529334 1 69
0.278979440689656 1 69
0.445847089588395 1 69
0.394931661664226 1 69
0.308975767514169 1 69
0.364622717832935 1 69
0.248314073122798 1 69
0.346749230817119 1 69
0.285218112895962 1 69
0.316721914413975 1 69
0.41461118846494 1 69
0.479277734049112 1 69
0.263488004491511 1 69
0.363971579166364 1 69
0.294354720166333 1 69
0.357412485591935 1 69
0.431968524665388 1 69
0.298719693603361 1 69
0.428169244826768 1 69
0.239572531902245 1 69
0.342964621265685 1 69
0.234107712126748 1 69
0.504393100952896 0 70
0.312100539390472 1 70
0.307129027705858 1 70
0.382485315358316 1 70
0.32513098312636 0 70
0.304691108524643 0 70
0.280823423341256 0 70
0.299456913205431 1 70
0.404074890119464 1 70
0.427896468770946 1 70
0.274974536245534 1 70
0.321331983439149 1 70
0.426594852119894 1 70
0.360976440050148 0 70
0.28903006646902 1 70
0.593892598526499 1 70
0.37535233305122 0 70
0.328925851385426 1 70
0.42521955596261 0 70
0.496330771653355 1 70
0.351553171418069 1 70
0.459938921396385 1 70
0.315779098660049 1 70
0.451560426020261 1 70
0.357964054110537 1 70
0.356506586382156 1 70
0.412632721725339 1 70
0.32826650380186 1 70
0.514795133232867 1 70
0.426934600704771 0 70
0.260043032761041 1 70
0.283327365944201 1 70
0.329540357356807 0 70
0.400984187371349 1 70
0.349790163253687 1 70
0.337364395276017 1 70
0.447428960275405 1 70
0.413728778541904 1 70
0.479314198101631 1 70
0.37913522597784 1 70
0.392261137057842 1 70
0.454571602350644 0 70
0.394741085880927 0 70
0.677915508324391 1 70
0.253853059454166 1 70
0.586697004878745 0 70
0.302340475224558 1 70
0.355094412803593 1 70
0.347975033469635 1 70
0.34772152444863 1 70
0.34167722585105 1 70
0.407277098372164 1 70
0.400327973692736 0 70
0.378474781565935 1 70
0.374552022959075 1 70
0.360952305365539 1 70
0.321805816458878 1 70
0.543757092947363 1 70
0.410223193687014 0 70
0.437961430502062 1 70
0.443895957161365 1 70
0.407797562777506 1 70
0.424410016423221 0 70
0.296144381046549 1 70
0.294647947857054 1 70
0.468911454002165 1 70
0.349375483074584 1 70
0.518485573507928 1 70
0.421898623036326 1 70
0.380600833107854 1 70
0.391884033090699 1 70
0.402421787126789 1 70
0.426742093221036 1 70
0.343759067014343 1 70
0.559296285876183 1 70
0.390428795492329 0 70
0.406716758936215 1 70
0.284594010868316 1 70
0.366662078356609 0 70
0.462385025271593 1 70
0.454213875099457 1 70
0.465432595820202 1 70
0.525968208208713 1 70
0.304725686179482 1 70
0.288217345387443 1 70
0.343299703547293 1 70
0.339995050067621 1 70
0.312315376057297 0 70
0.465384637931519 1 70
0.484035739594976 1 70
0.312036679801001 1 70
0.418770953010834 1 70
0.335976062088012 0 70
0.421610894973537 1 70
0.379239352891339 1 70
0.361417106420555 1 70
0.460550769743259 0 70
0.671691372748962 1 70
0.521336158787156 1 70
0.433474399707898 0 70
0.300000725881268 1 71
0.30132626729093 1 71
0.373701391201055 1 71
0.422970568863246 1 71
0.359428098065821 1 71
0.405420148098328 1 71
0.370625493905794 0 71
0.52688509668499 0 71
0.495001435344255 1 71
0.464177406420867 1 71
0.338414042209781 1 71
0.440468711267173 1 71
0.240652825852782 1 71
0.406440139149448 0 71
0.367017196532528 1 71
0.195539196474 1 71
0.325306151665179 1 71
0.310252082068918 1 71
0.317297443741373 1 71
0.393308925911116 0 71
0.403749979147909 1 71
0.520373986043657 1 71
0.326026304366022 1 71
0.535056491782928 1 71
0.480512548310917 0 71
0.382780748758406 1 71
0.292812022241834 0 71
0.442268134667049 1 71
0.262887555624847 1 71
0.390384459520409 0 71
0.3451847193899 1 71
0.538452188517818 1 71
0.323518840789821 0 71
0.309323529276607 0 71
0.254802222939606 1 71
0.322164008208147 1 71
0.272782665640654 0 71
0.340231919008125 1 71
0.458818993688582 0 71
0.316803819982423 0 71
0.307692283685825 1 71
0.471472747004518 1 71
0.361654886782117 1 71
0.4120635191064 1 71
0.58467312175711 1 71
0.346176736735975 1 71
0.608201685002575 1 71
0.341586998799148 1 71
0.226528755712927 0 71
0.320317758323955 0 71
0.314884903285657 1 71
0.274026052336035 1 71
0.65801225883915 1 71
0.448541474509567 0 71
0.26831338974361 1 71
0.21031084337195 1 71
0.232129191756042 1 71
0.364011452504661 0 71
0.349436360222558 1 71
0.252764499153799 1 71
0.430397972169996 0 71
0.278108798151601 1 71
0.352615982549246 1 71
0.24320914000774 1 71
0.381013992295545 1 71
0.290326081451182 1 71
0.367644528829312 0 71
0.295325841197752 1 71
0.303156647607385 1 71
0.323884737726569 1 71
0.339554411243976 1 71
0.465438947742074 1 71
0.292341537315657 1 71
0.311460369220144 1 71
0.456508682102322 1 71
0.26848617412556 1 71
0.297684518256545 1 71
0.413076480777841 1 71
0.347454554693943 0 71
0.388797700833889 1 71
0.315247901025276 1 71
0.257032748999336 0 71
0.322602483759816 1 71
0.424252272920037 0 71
0.298383560980853 1 71
0.466726422695798 1 71
0.452776156817335 1 71
0.235565246597324 0 71
0.350703070074377 1 71
0.593762088878761 0 71
0.347694734875338 0 71
0.343119540403121 1 71
0.48401060543116 1 71
0.282070120286361 1 71
0.489755368796262 1 71
0.28636681740986 1 71
0.25022656531037 0 71
0.498459043859556 0 71
0.216111739540849 0 71
0.380499816355518 1 71
0.622939791485199 0 72
0.426033664724451 0 72
0.401098678061429 1 72
0.518402330402048 0 72
0.370962624223749 0 72
0.27297785417304 1 72
0.558588090180655 1 72
0.323523482658314 1 72
0.365807564008091 0 72
0.484596337983229 1 72
0.278305200653748 0 72
0.294129358070641 1 72
0.369496746980809 1 72
0.474233981296568 1 72
0.270652723120963 0 72
0.243519236169437 1 72
0.241031923124433 1 72
0.246322583430459 1 72
0.387123555705314 0 72
0.317788466407392 0 72
0.42407794628556 1 72
0.30715723132366 1 72
0.637563897488026 0 72
0.245074042765863 1 72
0.392955026955088 1 72
0.431963641285472 1 72
0.331950190418206 1 72
0.34971811271244 1 72
0.323089672494811 1 72
0.330398015403255 1 72
0.423733014014991 1 72
0.365916506094016 1 72
0.362141433472339 1 72
0.491338748377358 1 72
0.257781027092489 1 72
0.33318544406712 1 72
0.370632123360098 1 72
0.234060740396217 1 72
0.458744541587302 0 72
0.263702244708103 1 72
0.339802610718054 1 72
0.373017558988498 1 72
0.265696783541713 1 72
0.339062020125147 1 72
0.248769748924214 1 72
0.486133667017424 1 72
0.441738830478964 1 72
0.336981195095067 1 72
0.27489464635034 1 72
0.257692244687337 1 72
0.37486566668557 1 72
0.510641153347096 1 72
0.330915024738119 1 72
0.294578590230246 1 72
0.269755470330791 1 72
0.288601684345852 1 72
0.307742043519259 1 72
0.391152121399014 1 72
0.361818333465324 1 72
0.255485240213638 1 72
0.385672474034056 1 72
1.09580691048304 1 72
0.435627633381053 1 72
0.32987363981287 1 72
0.370706274512639 1 72
0.31734555016938 1 72
0.403763776781924 0 72
0.449240522938857 1 72
0.525849302777975 0 72
0.393539268350596 1 72
0.247037124432233 1 72
0.508271215819584 1 72
0.707310987899664 1 72
0.978300673897129 1 72
0.362954944389481 0 72
0.218681894645393 1 72
0.33476246997919 1 72
0.29365368299321 1 72
0.342441718022512 1 72
0.356316939727611 1 72
0.303408883755347 1 72
0.343097578479388 1 72
0.426048998193356 1 72
0.635243833870248 1 72
0.260846667304325 1 72
0.415019563678024 1 72
0.565615018497336 0 72
0.267972762262071 1 72
0.397370862030625 1 72
0.307957260178005 1 72
0.288108948246587 1 72
0.810853365437701 0 72
0.496463568556513 0 72
0.342843314816877 1 72
0.281349793365959 1 72
0.299398868680621 1 72
0.357566109711031 1 72
0.41223054856676 1 72
0.316706518628505 1 72
0.305399276530314 1 72
1.26402218819304 1 73
0.34703249282136 1 73
0.310258256931165 0 73
0.26700233442141 0 73
0.253494056834145 0 73
0.302311058313746 0 73
0.424071360817648 0 73
0.26742054802582 1 73
0.276454842366539 0 73
0.386882251213885 1 73
0.462124794914743 1 73
0.349411085977 1 73
0.392071838325954 0 73
0.423658185724837 0 73
0.563561265709773 1 73
0.652546669998045 1 73
0.443175706802164 0 73
0.578903576434525 1 73
0.372607350597169 1 73
0.359547295190648 0 73
0.20635940877175 1 73
0.381747165257361 1 73
0.45764188073368 1 73
0.507757470069172 1 73
0.698095774669543 1 73
0.389810050963244 1 73
0.604743866161564 1 73
0.320457712830984 0 73
0.395689557270764 1 73
0.354280183208008 1 73
0.255745530002664 1 73
0.488215838579561 1 73
0.366100215985092 1 73
0.853499545663365 1 73
1.00577290058951 1 73
0.339473229170989 0 73
0.345737158451472 1 73
0.515663879121156 0 73
0.472684255847448 1 73
0.294324830455494 0 73
0.47430459621685 0 73
0.368748513131028 1 73
0.643561780054288 1 73
0.568285672760402 1 73
0.321743677598813 0 73
0.855190721331925 1 73
0.403656248235394 0 73
0.402206790911936 0 73
0.372880199704386 1 73
0.247397145578512 1 73
0.300771530533621 0 73
0.406923356183059 0 73
0.614187426464475 1 73
0.302259880074532 0 73
0.405923189313138 0 73
0.397207347287731 0 73
0.340971739459827 0 73
0.338216013763754 1 73
0.376690912148277 1 73
0.559700107927759 1 73
0.330273039834295 1 73
0.345811838611293 1 73
0.465383054926299 0 73
0.381440160427103 0 73
0.462642675503789 0 73
0.44166169369526 1 73
0.704178218755508 1 73
0.350273945798463 0 73
0.446696413311616 1 73
0.497708537018493 0 73
0.540395378402028 1 73
0.579639018988899 0 73
0.257766231105711 1 73
0.34094099404708 1 73
0.518235243863755 1 73
0.429035511983774 1 73
0.474276980303277 0 73
0.331985872616308 1 73
0.418164047854596 1 73
0.353155903948581 1 73
0.731160345302082 1 73
0.329380229431608 0 73
0.657157059095685 1 73
0.648206569981857 1 73
0.868512034968721 1 73
0.351422155517726 0 73
0.535533250696485 0 73
0.243742197943929 1 73
0.376593334511114 0 73
0.349222097574962 0 73
0.344991070918414 0 73
0.422167455086943 1 73
0.453562927934584 0 73
0.657148037959455 0 73
0.664999331586216 1 73
1.04836243120507 0 73
0.396565310663755 1 73
0.296901192993325 1 73
0.220669357709655 1 73
0.335677237513667 1 73
0.344613865866932 1 74
0.359211941231361 1 74
0.473117075963937 0 74
0.294211100206455 1 74
0.411825277772 0 74
0.399313003032642 1 74
0.27598403981297 1 74
0.357187991949898 1 74
0.442640976733719 1 74
0.452384382119964 0 74
0.354656787408898 1 74
0.333099978876905 1 74
0.904268944114647 0 74
0.301973692459219 1 74
0.422688020035796 0 74
0.389660541635827 1 74
0.245932873164758 1 74
0.334823249609256 1 74
0.434371411760534 1 74
0.276329372888739 1 74
0.329905950582655 1 74
0.381553668384624 0 74
0.383166946668283 0 74
0.34379690349247 1 74
0.536735235746183 0 74
0.263151561715444 1 74
0.291536747312438 0 74
0.523017888705803 0 74
0.457332156882517 0 74
0.251553784079939 1 74
0.265518067352457 1 74
0.364716177618825 1 74
0.6342571091019 1 74
0.371526063358937 0 74
0.35477228955619 1 74
0.674249796183627 1 74
0.421482983953715 1 74
0.317785109963861 1 74
0.345109661265696 1 74
0.92629469342062 0 74
0.38456830663397 1 74
0.393979226348352 1 74
0.403617495144335 1 74
0.407664807803182 0 74
0.429323765569367 1 74
0.326325352586753 1 74
0.298632091065444 1 74
0.312440018599524 1 74
0.291422501879584 1 74
0.339673772862831 1 74
0.761489563353083 0 74
0.283808956247917 1 74
0.401040937930753 1 74
0.22372555675265 0 74
0.41863270465809 0 74
0.265937562075035 1 74
0.49000193539685 0 74
0.334724266421515 1 74
0.282058444519795 1 74
0.360949992866824 1 74
0.259926690554722 1 74
0.274824621549153 1 74
0.396523238004894 1 74
0.28749774908448 1 74
0.597109164054627 1 74
0.394106252782424 0 74
0.365055367972526 0 74
0.580536571505723 0 74
0.766916193447659 1 74
0.351995949662418 1 74
0.537083674160658 1 74
0.298933425140893 1 74
0.255174135774308 1 74
0.487719582539108 0 74
0.306794911105484 1 74
0.400725887792481 0 74
0.886305195495158 1 74
0.265861661721123 1 74
0.344177567176602 1 74
0.36863765554672 1 74
0.530659046808296 1 74
0.349912854131479 1 74
0.285361849658828 0 74
0.399665740245097 1 74
0.319281897933344 1 74
0.381663826633571 1 74
0.606568481456772 0 74
0.283114083371032 1 74
0.323249985111954 1 74
0.309878405815574 1 74
0.339981275142251 1 74
0.351469511805855 1 74
0.283105277144637 0 74
0.29630957840638 1 74
0.258671230497629 1 74
0.602351037542138 1 74
0.42894502759875 0 74
0.317046892495237 1 74
0.319233597778764 1 74
0.358934899643177 0 74
0.610606665201627 1 75
0.71537328585977 1 75
0.382282321534678 1 75
0.487457381921614 1 75
0.488290309881142 1 75
0.337550239829831 1 75
0.260710866968832 1 75
0.518669937669464 1 75
0.602614957763837 0 75
0.480215138459368 1 75
0.281434668180934 1 75
0.369072021906722 1 75
0.465651305588778 1 75
0.449779164466528 0 75
0.333896035343212 1 75
0.634970223413094 0 75
0.604393100161193 1 75
0.410818462360465 0 75
0.425142210988181 0 75
0.442306978056126 0 75
0.330233020844622 1 75
0.469858184638679 0 75
0.462795366051875 1 75
0.360011398108494 1 75
0.686823455859496 1 75
0.340362342287217 1 75
0.531033212265431 1 75
0.535507025187823 0 75
0.580195219669916 0 75
0.331329304292726 1 75
0.388924504206935 1 75
0.41282753344861 0 75
0.463219435310874 1 75
0.726137480584849 1 75
0.392998109576873 1 75
0.504091679622504 1 75
0.387188508521375 1 75
0.519331600451812 1 75
0.510499868833972 1 75
0.423898847695845 1 75
0.606595020737811 1 75
0.299752071070812 1 75
0.411004755079095 0 75
0.42434421728819 1 75
0.386617145597635 0 75
0.416553539018579 1 75
0.431061312423294 1 75
0.410826889096331 0 75
0.35599204610942 1 75
0.302293260359191 1 75
0.310849619184271 1 75
0.357755878286087 1 75
0.272293672110382 1 75
0.309864775117205 1 75
0.394839095437583 1 75
0.619992898969644 0 75
0.364734589378981 1 75
0.621850751317864 1 75
0.601040810264418 1 75
0.558687277139077 0 75
0.931848153892889 1 75
0.316524280578299 1 75
0.854894348744129 0 75
0.805014745993349 0 75
0.295606989096436 1 75
0.421332737727171 0 75
0.388857766829039 1 75
0.799456952276512 0 75
0.389240507120762 1 75
0.362627506960946 0 75
0.365046264819317 0 75
0.408137052279222 0 75
0.329743994944113 1 75
0.440059371263383 1 75
0.316403297647867 1 75
0.569653196134126 1 75
0.413506031889177 0 75
0.501191916766175 1 75
0.471680678362194 0 75
0.910708128703224 0 75
0.373034191605356 0 75
0.277031182047715 1 75
0.343201498272625 1 75
0.441293735325231 1 75
0.407311287032537 1 75
0.394433268285218 1 75
0.345230428595097 0 75
0.815959352413912 0 75
0.585269358180057 0 75
0.373370532062916 1 75
0.353752244203038 1 75
0.527597508741682 0 75
0.819661743450996 0 75
0.796113659350382 1 75
0.452827591776635 0 75
0.567407584924429 0 75
0.398414505906802 1 75
0.981530139727959 1 75
0.426563045410359 0 75
0.486730139753389 1 75
0.316923014017134 1 76
0.243753585749422 1 76
0.390365973872763 1 76
0.268659919556936 1 76
0.847311181458639 1 76
0.478689439502048 1 76
0.690147109074348 1 76
0.323798586696836 1 76
0.200443409548634 0 76
0.411771202601217 1 76
0.958276705920747 1 76
0.251575390991148 0 76
0.608675497695235 1 76
0.999818019858539 1 76
0.687995770663609 0 76
0.519157238839332 1 76
0.49479009451882 1 76
0.597270229345266 1 76
0.318705563601564 1 76
0.474568541734099 1 76
0.480734256081135 1 76
0.341924226984519 1 76
0.30858079127688 1 76
0.324770723255628 1 76
0.668874274023658 0 76
0.397782794710331 1 76
0.289159633739442 0 76
0.284072866140516 0 76
0.392284275779998 1 76
0.320809632782031 1 76
0.462068711297879 0 76
0.88221027499683 0 76
0.527939233701976 1 76
0.353861825826902 1 76
0.364793709427667 1 76
0.591939492318451 1 76
0.373018002388229 0 76
0.453824893669758 0 76
0.354900639876991 1 76
0.332532502685889 1 76
0.390462695408624 1 76
0.57829461143837 1 76
0.399381567604406 0 76
1.44465213959807 1 76
0.664729511480662 1 76
0.62147600456425 1 76
0.422223224345001 1 76
0.414754940771699 1 76
0.337193023772608 0 76
0.529658928859992 1 76
1.0644476243498 1 76
0.313963984906209 0 76
0.584087780034652 1 76
0.668852584117492 1 76
0.456378120439821 1 76
0.460593360122634 1 76
0.390091064086382 1 76
0.505376594715101 1 76
0.339305100947189 1 76
0.276375261840626 1 76
0.391443137166539 1 76
0.423613532131783 1 76
0.395799283312089 1 76
0.36097673602077 1 76
0.735875332501857 1 76
0.354044893190793 1 76
0.23149331766627 1 76
0.42253709060018 1 76
0.494052570494616 1 76
0.387101046980906 1 76
0.828185612934118 0 76
0.290877770484809 0 76
0.428651980090525 0 76
1.29409319303115 1 76
0.338080457115909 1 76
0.361805959016396 1 76
0.318694855390149 1 76
0.447267315657146 1 76
0.283944939921941 0 76
0.581868813142473 1 76
0.340009205433994 1 76
0.427693872541482 1 76
0.329535597079498 0 76
0.369738828836878 1 76
0.57827505820203 1 76
0.80013442715953 1 76
1.45067721084787 1 76
1.12868731255778 0 76
0.303484320670154 0 76
0.597323032372864 1 76
0.320528934908877 0 76
0.304606546813929 1 76
0.362911802644618 0 76
0.635768662962064 1 76
0.327264791995894 1 76
0.420917208836121 0 76
0.303869860065348 1 76
0.306538358980768 1 76
0.563047497858082 1 76
0.419423364646664 0 76
0.494923323092787 1 77
0.301830341273268 1 77
0.419186294154449 1 77
0.320598270976586 1 77
0.271382597727465 1 77
0.409148264254265 1 77
0.392414360667111 1 77
0.47152541100474 0 77
0.298829252945841 1 77
0.594866292680133 1 77
0.30836918960033 1 77
0.307176051311503 0 77
0.327682563379367 1 77
0.344955625959406 1 77
0.624119870970308 1 77
0.43839535518565 0 77
0.427774221485346 1 77
0.522009506901757 1 77
0.378602566453103 1 77
0.449461708293031 1 77
0.552724649417176 1 77
0.465821904940951 0 77
0.576493792053296 1 77
0.437758156403746 1 77
0.397397561755371 1 77
0.444808785293738 1 77
0.480788589567458 0 77
0.569668288690913 1 77
0.366075869293483 1 77
0.550899963671991 0 77
0.37051718889522 1 77
0.495749015563023 1 77
0.386525816070902 0 77
0.46857301466418 1 77
0.468098757833142 0 77
0.426623156223316 0 77
0.413794559510183 0 77
0.294209461737798 0 77
0.272991806921673 1 77
0.476020848399058 1 77
0.312198280302335 1 77
0.434590691696539 1 77
0.501397383155674 1 77
0.595926972017653 0 77
0.401871147245729 0 77
0.522089133324633 1 77
0.324663067662248 1 77
0.444262491293868 0 77
0.447460117507321 1 77
0.299049951349131 0 77
0.497808601360717 1 77
0.427082439621644 1 77
0.396644886214504 1 77
0.341454307828852 1 77
0.398233474762197 1 77
0.727006204371479 1 77
0.367754091045282 1 77
0.411608435198486 0 77
0.348118981065079 0 77
0.488003218954332 0 77
0.389977201978767 0 77
0.588955261398275 1 77
0.361510943156814 0 77
0.36378107955239 1 77
0.369774544819657 1 77
0.395292787065065 1 77
0.432692966867805 1 77
0.516140718218914 1 77
0.444422677473364 1 77
0.376733321663328 0 77
0.340687334832282 0 77
0.367166930037776 0 77
0.570954700898688 1 77
0.475312161243654 0 77
0.513460922444287 1 77
0.7021861108165 1 77
0.273489489764347 0 77
0.262794333648478 1 77
0.473013877435097 1 77
0.31896160960684 0 77
0.326636699307112 0 77
0.332442876463312 1 77
0.379027013791838 0 77
0.465439454583906 1 77
0.505770143910946 1 77
0.330290962104923 0 77
0.539757640794115 1 77
0.431059362368168 1 77
0.297595130807973 1 77
0.906626796328191 0 77
0.358663118433909 1 77
0.482563903843241 0 77
0.311565322920288 0 77
0.609546179910132 0 77
0.271671573556721 0 77
0.442577729934771 0 77
0.468986808510646 1 77
0.39128189372386 1 77
0.477161312871742 1 77
0.329259231197386 1 77
0.49456115187533 0 78
1.18831285691639 0 78
0.414174635380795 0 78
0.400713125605091 1 78
0.648785910278364 1 78
0.520420801638417 1 78
0.426356275189586 1 78
0.410270812567521 1 78
0.658338066785193 1 78
0.395049809216625 0 78
0.498310892441769 1 78
0.431347904776508 0 78
0.521281897407044 0 78
0.390466196106659 1 78
0.387587004022046 1 78
0.396897304305955 1 78
0.569138585378793 1 78
0.42844188863822 0 78
0.527992962099806 1 78
0.385395383956138 1 78
0.53546062713929 1 78
0.4627592982695 0 78
0.379236741688809 0 78
0.429368175198911 1 78
0.644508605123576 1 78
0.336608554374111 0 78
0.348868385545203 1 78
0.316029015591022 0 78
0.532943683185867 0 78
0.96103979527126 1 78
0.470240968293696 1 78
0.307307520269139 1 78
0.423730799254314 1 78
0.332364387192796 0 78
0.586327465661489 1 78
0.428185110678107 0 78
0.435848122080807 1 78
0.354075377052084 0 78
0.52487271286621 1 78
0.499222554691077 1 78
0.335566036784467 1 78
0.329483940995275 0 78
0.527660322818623 1 78
0.341398389799421 0 78
0.39329390664779 1 78
0.359940028485527 0 78
0.330737984162851 1 78
0.41141624798719 1 78
0.569146289604302 1 78
0.579414755753975 0 78
0.418279892882402 0 78
0.354100055170086 0 78
0.396975147205151 1 78
0.332588794161439 1 78
0.326613395526124 1 78
0.338208379979787 0 78
0.575373476332314 0 78
0.354765792708108 1 78
0.412688387005834 0 78
0.392010669671149 1 78
0.662478415382401 0 78
0.437798264369138 1 78
0.384605488918375 0 78
0.415875177504315 0 78
0.347342077211279 1 78
0.373535615941048 1 78
0.496205488936878 1 78
0.394980541656347 1 78
0.445984002759956 0 78
0.447550471552844 0 78
1.09461162013718 1 78
0.405356758312354 0 78
0.393814348515444 1 78
0.451878018120973 1 78
0.356901800967351 1 78
0.354695082550319 0 78
0.456300469635585 1 78
0.413111136995458 0 78
0.350184135446015 0 78
0.366140295913906 1 78
0.452707437309398 1 78
0.385154371011803 0 78
0.383889402049272 1 78
0.479999394612929 0 78
0.366559697852214 0 78
0.428606957643911 0 78
0.845821575092465 0 78
0.475997038466984 0 78
0.429171482748719 0 78
0.709108064619039 0 78
0.579062338907263 0 78
0.466199815342484 1 78
0.561652525994946 1 78
0.341119342167288 1 78
0.314330516698193 0 78
0.391173692293417 1 78
0.387068974894745 0 78
0.331094775896732 0 78
0.418284298638927 0 78
0.322726491071419 0 78
0.476909193017037 0 79
0.360000091117563 0 79
0.471422621982525 1 79
0.394603432861008 0 79
0.368782933176892 1 79
0.4330738787344 0 79
0.365016845845044 1 79
0.636581997865663 1 79
0.341504816159142 1 79
0.469174209062415 0 79
0.373681767614377 1 79
0.376779161061154 0 79
0.399384986490576 1 79
0.657526352495063 0 79
0.483895357159077 1 79
0.328289254734818 0 79
0.483125032689364 1 79
0.426611593551542 0 79
0.336982156834767 0 79
0.375933996776098 0 79
0.684062268773562 1 79
0.456182782558977 1 79
0.528156374849652 0 79
0.522981695607176 1 79
0.360412040378325 0 79
0.405820235356846 1 79
0.295125504361984 0 79
0.506868003502029 0 79
0.893097016709879 0 79
0.404184332860273 1 79
0.475057025437503 0 79
0.428685868198309 1 79
0.332995533239468 1 79
0.439603141401458 0 79
0.444793763439461 1 79
0.337001878091603 0 79
0.487228877559837 1 79
0.474532825847308 1 79
0.362273432769094 0 79
0.473748002139123 0 79
0.418720722827961 0 79
0.522404253584765 1 79
0.326487416880021 0 79
0.389213603550036 1 79
0.449735189363396 0 79
0.57282480198345 1 79
0.536261989257234 0 79
0.462960038126541 0 79
0.372878085988061 0 79
0.511666587775051 1 79
0.31986276431132 0 79
0.368591757083444 0 79
0.357748755286399 0 79
0.455280190900956 1 79
0.489189425427186 0 79
0.544166837703817 0 79
0.361543701929198 1 79
0.521991388906486 1 79
0.452566286131234 0 79
0.518931032789041 1 79
0.513295671077019 1 79
0.639120473399034 1 79
0.450772430706296 0 79
0.427239890266958 1 79
0.535304703018314 1 79
0.388277461160326 0 79
0.411482484483603 0 79
0.511200137664917 0 79
0.525554497008713 1 79
0.471718822430816 0 79
0.323200242868481 0 79
0.415915964142984 0 79
0.446730644792922 0 79
0.728063793837622 0 79
0.49582901090131 0 79
0.397423739987298 0 79
0.638493975176099 1 79
0.491249421321994 1 79
0.593700591940182 1 79
0.476683595049241 0 79
0.486608971228083 0 79
0.467445724058016 1 79
0.509178385372043 1 79
0.587112187006696 1 79
0.381325404860962 0 79
0.416726580034014 0 79
0.379578961891935 1 79
0.470451525970092 0 79
0.345929986731595 0 79
0.608610215696211 0 79
0.493897150238998 0 79
0.539544291553636 1 79
0.620921230825946 0 79
0.302298001463786 0 79
0.432917404313901 0 79
0.430613829234609 1 79
0.479724445185286 1 79
0.503359497587805 1 79
0.518037436011606 0 79
0.50771374771451 1 79
0.263316912093211 1 80
0.392111946522958 1 80
0.353388501643134 1 80
0.35923208553198 0 80
0.457030457975935 1 80
0.334258565623218 0 80
0.39542077449086 0 80
0.375416171508063 1 80
0.29327765146641 1 80
0.468351942916808 1 80
0.348542319011014 1 80
0.470591117646305 1 80
0.302948557210844 0 80
0.474334740146912 0 80
0.48771178308925 1 80
0.619710052657052 1 80
0.347132907785898 1 80
0.400115040569114 1 80
0.284490638066041 1 80
0.296722968141529 0 80
0.3224834933042 1 80
0.223930835829871 1 80
0.394637094776354 0 80
0.280297864262029 0 80
0.365439916126936 0 80
0.293855023297333 1 80
0.506655519985989 1 80
0.324702911499715 0 80
0.30039543445053 0 80
0.419790905482861 0 80
0.450268339938419 0 80
0.391918210769275 1 80
0.297192671104024 1 80
0.346695347100857 0 80
0.315224924382027 0 80
0.319750331469807 0 80
0.3402398243139 1 80
0.400310095535289 0 80
0.337246733241708 1 80
0.346320430369087 1 80
0.452817528449442 0 80
0.326838193211932 1 80
0.389446364844439 0 80
0.402302234714117 0 80
0.321488015477354 1 80
0.373996739936976 1 80
0.393812617921725 0 80
0.402661298262735 1 80
0.464729222805701 0 80
0.432492610406317 0 80
0.294614503560216 0 80
0.363649483472529 0 80
0.306597072290727 1 80
0.320880289823672 0 80
0.542203833843214 1 80
0.427152542889716 0 80
0.305893570090644 0 80
0.333904063655043 1 80
0.325410965477169 0 80
0.38936061353361 0 80
0.260483334511753 1 80
0.368556665627435 1 80
0.348213248172488 0 80
0.398323432273865 0 80
0.372845126040796 0 80
0.301979488744395 0 80
0.432856267060257 0 80
0.27449448828454 1 80
0.477504707264892 0 80
0.627888613377185 0 80
0.22239633242472 1 80
0.333743346298266 0 80
0.373796985449209 0 80
0.558633256021563 1 80
0.310564137422075 1 80
0.345564387862465 1 80
0.414550815741151 1 80
0.365938856236701 1 80
0.486865378885267 0 80
0.308418581648533 1 80
0.336698065993818 1 80
0.899688906074044 0 80
0.290683569773004 0 80
0.247735272168075 1 80
0.229015442587214 0 80
0.419137793568828 0 80
0.302210558517212 1 80
0.30404295617729 1 80
0.281665792541989 1 80
0.343474936716478 0 80
0.294157088594743 1 80
0.526466868542383 0 80
0.350272289786782 1 80
0.367620420268035 0 80
0.306451295286655 0 80
0.528607043167484 0 80
0.879859038764397 1 80
0.669847373938257 1 80
0.378561402759425 1 80
0.346101889142322 0 80
0.682213223110317 1 81
0.298793802452586 1 81
0.479652033886337 1 81
0.496020095588329 1 81
0.497945840778183 0 81
0.515710914444508 0 81
0.659766258558234 1 81
0.566330250373884 0 81
0.781328498269983 1 81
0.474079813754452 1 81
0.598455472819674 1 81
0.589941181467578 1 81
0.438194229386541 1 81
0.75521068972572 1 81
0.350585311226282 1 81
0.422532378793927 1 81
0.390425318662969 1 81
0.570729269770649 0 81
0.390772268058421 1 81
0.681088351484819 1 81
0.630971321185163 1 81
0.800174477377488 0 81
0.333150056913651 1 81
0.492303125849612 1 81
0.388978995759433 1 81
0.514625195219119 1 81
0.386159921481784 1 81
0.370511968982718 1 81
0.381375988931833 1 81
0.400047394490345 1 81
0.281585350540151 1 81
0.367562353290085 1 81
0.37025851350452 1 81
0.390418482517701 0 81
0.32193807362745 1 81
1.16124870316406 1 81
0.41502069022126 1 81
0.670190625636919 0 81
0.459800829887333 1 81
0.45320878423418 0 81
0.41201111451522 1 81
0.366617363010191 1 81
0.331298650079153 0 81
0.615980230784725 1 81
0.422789868266245 1 81
0.498138742513483 1 81
0.335529290540681 0 81
0.475339370919042 0 81
0.417524056181514 1 81
0.41524952657518 1 81
0.487379725485064 1 81
0.516234759843104 1 81
0.509503705635681 0 81
0.514716962820118 1 81
0.630995671791488 0 81
0.673080004974038 0 81
0.408864150678869 1 81
0.649828884722181 1 81
0.494936401204828 0 81
0.545926326919897 0 81
0.460983841290831 0 81
0.819818553513193 0 81
0.442022529937261 1 81
0.44458869541401 0 81
0.448760214603763 0 81
0.44440462844997 1 81
0.50326787799077 1 81
0.673335204241114 1 81
0.456365106982808 0 81
0.498647388210581 1 81
0.626403087297308 1 81
0.669192904195823 1 81
0.401970105578701 1 81
0.685591750345035 1 81
0.37222522088011 1 81
0.367926585470398 1 81
0.329109466215801 0 81
0.481377103694496 1 81
0.486241316449658 0 81
0.36008873040981 1 81
0.751417480019546 0 81
0.497834924256289 1 81
0.439511306235835 1 81
0.434248784628256 0 81
0.355262594296079 1 81
0.478252168184818 0 81
0.406696721985247 0 81
0.565394624559819 0 81
0.389495598336677 1 81
1.24253455940889 0 81
0.408379293631425 0 81
0.432362142441927 1 81
0.38269079429518 1 81
0.465498485530111 1 81
0.494471873143257 1 81
0.336196995810635 1 81
0.46782340949055 0 81
0.44203810419132 1 81
0.455309520829823 1 81
0.516018412747554 1 81
0.942637142401382 1 82
0.548168646760359 0 82
0.346545293722434 1 82
0.393887711073752 1 82
0.479862303380863 1 82
0.62137291426001 0 82
0.512846712461721 0 82
0.610101384581394 1 82
0.539155720031638 0 82
0.349519059958792 1 82
0.604102319766942 1 82
0.468837431242034 1 82
0.546724647622671 1 82
0.874789673496848 1 82
0.384710132140458 1 82
0.541412674310959 1 82
0.618625013502086 0 82
0.444278811950924 0 82
0.394713544126111 1 82
0.544822798639054 1 82
0.382416412456703 1 82
0.403845848955082 1 82
0.520260518823358 1 82
0.396650822924628 0 82
0.708268594542495 1 82
0.714876886539174 1 82
0.544213040080423 1 82
0.438703008861965 1 82
0.528007582812724 1 82
0.570021913538679 1 82
0.438342006300915 0 82
0.592581462726425 1 82
0.499503845744885 1 82
0.434008350616807 0 82
0.45166164111669 0 82
0.44966343197442 1 82
0.447284955879303 1 82
0.611722752590979 0 82
0.932167400422322 1 82
0.487209176962702 1 82
0.441514357302577 1 82
0.560355750137907 1 82
0.617589591474938 0 82
0.628787236896293 1 82
0.495538351032986 0 82
0.56372494990057 1 82
0.511208383516581 1 82
0.626818502951186 0 82
0.549193895458748 1 82
0.565082439873428 1 82
0.56468066571178 1 82
0.357445336489153 0 82
1.2433363380802 0 82
0.462086403625563 1 82
0.812248737279164 1 82
0.478509022901684 0 82
0.455129086500495 1 82
0.647774342700508 0 82
0.415091252082384 0 82
0.430257696220566 1 82
0.482095436384511 0 82
0.449196524702777 1 82
0.653692702552675 1 82
0.443724245518666 1 82
0.424334456734722 0 82
0.530411754337141 1 82
0.535379884017671 0 82
0.781357039573642 1 82
0.546734871858891 1 82
0.375380561216152 1 82
0.485638228327318 1 82
0.33989390884336 1 82
0.419814522988689 1 82
0.530790606908204 1 82
0.913369345779135 0 82
0.369654241534499 0 82
0.433406734306022 1 82
0.318646490517317 0 82
0.351464427199682 1 82
1.29605593151075 0 82
0.561660018306913 1 82
0.606572928049132 1 82
0.443606065348324 1 82
0.94863117593468 1 82
0.881216335648689 1 82
0.515441877988049 1 82
0.500982689606229 1 82
1.32538747396002 0 82
0.534871785114253 1 82
0.54373084107423 1 82
0.338579470862243 1 82
0.447517326598122 1 82
0.463434530462349 1 82
0.833756754457518 1 82
0.392897796702481 0 82
0.455158149859114 0 82
0.490830489652002 1 82
0.906108185006659 1 82
0.404777276652924 0 82
0.485253845547561 1 82
0.359950715738813 1 83
0.321812726992657 1 83
0.342910098357129 1 83
0.323978976098947 1 83
0.235960992434807 1 83
0.337475670131415 1 83
0.317366441335411 0 83
0.34552742775509 1 83
0.216608823846115 0 83
0.250381724854293 1 83
0.432160849374461 0 83
0.498062101593092 0 83
0.456999847703084 1 83
0.313993934848034 0 83
0.282457382247898 1 83
0.333789227445125 0 83
0.443287102880522 0 83
0.277247939579002 0 83
0.375872692318993 0 83
0.236478748410491 1 83
0.28605840610829 0 83
0.317246439374349 0 83
0.415623309481169 1 83
0.462569277194747 1 83
0.429488848174919 1 83
0.349077978890772 1 83
0.46952654135467 1 83
0.351769373366842 1 83
0.204435117496024 1 83
0.383353034870603 1 83
0.576035513316808 0 83
0.277215817288039 0 83
0.344284352957239 1 83
0.330531933863675 1 83
0.294012869838546 1 83
0.205407097724138 1 83
0.337418835084359 1 83
0.464858188436049 1 83
0.420018684432371 1 83
0.369048616306253 0 83
0.352003063604866 1 83
0.388449985363772 1 83
0.271651556286446 1 83
0.258916490297775 1 83
0.499894232539272 0 83
0.252412052936372 0 83
0.571224793873666 1 83
0.255354791026941 0 83
0.337846463151002 1 83
0.597502285788425 1 83
0.379753702300999 1 83
0.23803110735677 0 83
0.443889890457221 1 83
0.347923588439014 1 83
0.30841627982002 1 83
0.285718002446237 1 83
0.250714310431918 0 83
0.291044367093266 1 83
0.306359563319374 1 83
0.380371345765261 0 83
0.257865057878739 0 83
0.449173362300976 1 83
0.266827980386889 1 83
0.26905231908668 1 83
0.297242687758144 1 83
0.248208132066881 1 83
0.355642968497505 0 83
0.417497172697107 1 83
0.358597524384428 1 83
0.412783420486556 0 83
0.51017024290908 1 83
0.325785415737716 1 83
0.360871676914285 1 83
0.382860133198495 1 83
0.615941138703423 1 83
0.304809509375373 1 83
0.355960438967188 1 83
0.327612324527532 1 83
0.348544686358834 1 83
0.255189231768338 1 83
0.420199861100883 0 83
0.286746471439155 1 83
0.282191746186728 0 83
0.421206671705383 0 83
0.205408476156564 0 83
0.329455172211507 0 83
0.366112461503306 0 83
0.380545635726895 0 83
0.255608049015488 1 83
0.419565847492362 1 83
0.442641491137891 1 83
0.26076322106646 1 83
0.342093899482391 0 83
0.435700899626918 1 83
0.312216097798462 1 83
0.435511382801379 1 83
0.372634548321422 1 83
0.235981215394485 1 83
0.342644522829422 0 83
0.249832968537694 0 83
0.504327253652301 0 84
0.390212937308668 0 84
0.402127508485017 1 84
0.497102300522758 1 84
0.463206766364792 1 84
0.492006894797556 1 84
0.531671092244619 0 84
0.420901893503587 1 84
0.494195547917121 0 84
0.492288732177918 1 84
0.573626543837411 1 84
0.458045548694163 1 84
0.519065293650027 1 84
0.486538062458686 0 84
0.480637773118163 1 84
0.628881558618816 1 84
0.388909201446891 1 84
0.616479729842457 0 84
0.388035619026623 0 84
0.532410117105587 1 84
0.533830144036708 1 84
0.329768318643678 0 84
0.712624100876853 0 84
0.437256913694868 1 84
0.505828336219535 1 84
0.510889679845109 1 84
0.414567289428149 1 84
0.39030269738062 1 84
0.318339660380648 1 84
0.541653077704754 1 84
0.548396667152638 0 84
0.615048032680588 0 84
0.542405396005671 0 84
0.550917676440668 1 84
0.360368866015592 1 84
0.353094736144354 1 84
0.645072287109465 1 84
0.40704867459625 1 84
0.506037591812627 1 84
0.49539105914071 1 84
0.361861652006819 1 84
0.517674685382839 0 84
0.369839736396353 0 84
0.583561773315158 1 84
0.334054149491321 0 84
0.580471508205773 1 84
0.473633104725116 1 84
0.620221480054488 0 84
0.380965691185703 1 84
0.42743726616929 1 84
0.383678005893857 1 84
0.536949433055292 0 84
0.428859616787765 0 84
0.803842082008845 1 84
0.515310461968016 1 84
0.48426221056532 0 84
0.446225899939791 1 84
0.584062688639766 0 84
0.569856236927935 1 84
0.481564454545491 1 84
0.423569117147206 0 84
0.528774460942146 0 84
0.543477845006328 1 84
0.348966625659017 0 84
0.32825415035252 0 84
0.593071274981093 0 84
0.30425181140119 1 84
0.400144659701692 1 84
0.556027977470172 0 84
0.583390672777614 1 84
0.409520118251261 1 84
0.413672360044174 0 84
0.514138059845547 1 84
0.650055265174673 1 84
0.509653622112121 1 84
0.361115245962087 1 84
0.464921906688645 1 84
0.644432204456049 1 84
0.434609757138051 0 84
0.403441676175105 1 84
0.395716969442161 1 84
0.423204979386499 1 84
0.559410451027794 1 84
0.416762386722898 1 84
0.45222650696675 0 84
0.532061151221716 1 84
0.44955205116446 0 84
0.38746159082746 1 84
0.423397111913779 1 84
0.463823616983703 1 84
0.391948483628904 0 84
0.486146649778475 0 84
0.364560157096567 1 84
0.552850820987835 1 84
0.551658513313726 1 84
0.508677300632088 1 84
0.642792370984983 1 84
0.466475747277442 1 84
0.597051912044421 1 84
0.388747242669761 0 84
0.299817934284291 1 85
0.393128289173192 1 85
0.267752336835206 1 85
0.287879500996417 0 85
0.343573359880193 1 85
0.250533141436751 1 85
0.350073864126477 1 85
0.281461273336587 1 85
0.247988142068377 1 85
0.225549501928656 1 85
0.370372800424306 0 85
0.271468341557073 1 85
0.325045759908594 1 85
0.327984932157637 1 85
0.275552237687302 0 85
0.455310570593422 1 85
0.379262739450843 1 85
0.401464384261038 1 85
0.381119542673899 0 85
0.304975811483634 1 85
0.240422096680848 1 85
0.495898272441064 1 85
0.354806069037483 1 85
0.253295396426367 1 85
0.359668993429324 1 85
0.431427938789428 1 85
0.209153706458764 1 85
0.270539284204989 1 85
0.344495899071728 0 85
0.477374390637451 1 85
0.345791629626552 1 85
0.338599024342155 1 85
0.339214922443073 1 85
0.325753683411374 1 85
0.31788792676999 1 85
0.667456025781384 1 85
0.288884038903878 1 85
0.29778834254226 1 85
0.386272586442461 1 85
0.357213336577299 1 85
0.308374960578024 1 85
0.24280172150977 1 85
0.289071232011659 1 85
0.376834511631331 1 85
0.352648774747589 1 85
0.245218345649552 1 85
0.36917314212534 1 85
0.411026077009133 0 85
0.273239841223965 1 85
0.295861703055012 1 85
0.35150160667849 0 85
0.260275703148464 1 85
0.262335325495104 1 85
0.333871073024359 1 85
0.590493999426069 1 85
0.257494533092625 1 85
0.286400235035004 0 85
0.29671753609624 1 85
0.315648678859292 0 85
0.354607570266433 1 85
0.345217922427428 1 85
0.333538156531847 1 85
0.209096576254857 1 85
0.2668800232095 1 85
0.367434870860294 1 85
0.303757409281168 1 85
0.351210041892029 1 85
0.212193414849087 1 85
0.269103111643172 1 85
0.272000990725988 1 85
0.482364433643154 1 85
0.293973957198566 1 85
0.447808001058356 0 85
0.213360770280616 1 85
0.44604079432796 1 85
0.234819837943286 1 85
0.336728789878263 1 85
0.495341475686569 0 85
0.406939584938188 1 85
0.284087813408785 1 85
0.394444792354434 1 85
0.371996683798704 1 85
0.25888249550067 1 85
0.321171531081233 1 85
0.347450555213422 1 85
0.347881458397923 0 85
0.36742025601439 1 85
0.417893721434212 0 85
0.448972114154569 1 85
0.201034584443807 1 85
0.378828389081979 1 85
0.616275831452178 1 85
0.363334936726019 0 85
0.333073939381241 1 85
0.27132029230675 1 85
0.345641711211143 1 85
0.36066229841452 1 85
0.318761857061679 1 85
0.282870508349848 1 85
0.341635982433569 1 85
0.378994860268248 0 86
0.523871808167533 0 86
0.369402424509558 0 86
0.331487844719446 0 86
0.318184714211018 1 86
0.387677589968462 0 86
0.579019223934538 1 86
0.293030722268406 1 86
0.403750652194019 1 86
0.433923518005555 0 86
0.320923671557158 0 86
0.45902228950952 0 86
0.345389340120103 1 86
0.647570914495063 1 86
0.446780040686936 0 86
0.321177733333596 1 86
0.316025491502068 0 86
0.639111568423079 0 86
0.41355730454712 0 86
0.340343055534675 1 86
0.309527459298024 0 86
0.376688983546225 0 86
0.430158870506099 0 86
0.369234869523003 1 86
0.687960864208548 1 86
0.499316874027758 1 86
0.328971364710645 1 86
0.39820413071332 1 86
0.363217685429033 1 86
0.482551122770423 0 86
0.47699889307781 0 86
0.302994002903681 1 86
0.482431499961181 1 86
0.303897281773714 1 86
0.300676737107608 1 86
0.292806689925717 0 86
0.352685959920034 1 86
0.690980774897579 1 86
0.407906929911779 1 86
0.235504858930287 0 86
0.361803924395902 1 86
0.476020258292441 0 86
0.362736404104864 0 86
0.364878599501356 0 86
0.377296118207988 1 86
0.400125003782928 1 86
0.431895644343902 0 86
0.43785671684086 1 86
0.337968772654318 1 86
0.610564633208811 1 86
0.669415686045549 1 86
0.322638201959035 1 86
0.279399447324314 0 86
0.29702571915822 0 86
0.35892225419187 1 86
0.292991904754037 0 86
0.314538635085252 0 86
0.394160256524572 1 86
0.352610052820407 1 86
0.553267073187069 1 86
0.377601490725809 0 86
0.352086223614645 0 86
0.480250993858806 1 86
0.478587623522734 1 86
0.257288487358833 1 86
0.408948817402331 1 86
0.512043570124518 0 86
0.38679928691391 1 86
0.345578715999234 0 86
0.45170880046286 1 86
0.326897194574309 0 86
0.261610121401323 0 86
0.325145662235622 0 86
0.314307164202207 0 86
0.307866790206825 1 86
0.478077969358671 1 86
0.274716708955595 0 86
0.318320162020937 0 86
0.302643059846382 1 86
0.577629267128334 1 86
0.348505688661673 1 86
0.28790434996531 0 86
0.388799013154455 1 86
0.309346984543063 1 86
0.375446547433028 0 86
0.281258547273851 1 86
0.322318190179351 0 86
0.407673470377079 0 86
0.391612404129453 1 86
0.400641431010087 1 86
0.346427547869523 1 86
0.371269792797796 0 86
0.312004686558559 1 86
0.32579206469147 1 86
0.479701618605471 1 86
0.407468227625954 1 86
0.526500807153726 0 86
0.361468610078429 0 86
0.377652428476826 1 86
0.349862057918045 1 86
0.581339089109175 1 87
0.440975485987626 1 87
0.189631266334568 0 87
0.342233843918755 1 87
0.26606081515632 1 87
0.306516125290245 1 87
0.639298253150774 1 87
0.305720313310352 1 87
0.469809593080466 0 87
0.479084820360671 1 87
0.441638032200337 0 87
0.201358491795117 0 87
0.233966906267356 1 87
0.230323875790408 0 87
0.275374469388183 0 87
0.362831178649319 1 87
0.227529697081951 0 87
0.406801620758499 1 87
0.281637800288479 0 87
0.328747272171179 1 87
0.421399524781481 0 87
0.391133813705939 1 87
0.324800234797673 1 87
0.334648556544095 0 87
0.285740562509126 1 87
0.327834133669472 0 87
0.458710793521304 0 87
0.336766606549357 0 87
0.441159518022793 1 87
0.282009030731015 0 87
0.234906995340109 0 87
0.35054101255661 0 87
0.326227791012844 1 87
0.193169095130651 0 87
0.318219330748008 1 87
0.253458695795342 0 87
0.321950790252726 1 87
0.416787760774364 0 87
0.356305576702912 0 87
0.35579894054823 1 87
0.376135950113082 0 87
0.425594053768238 1 87
0.50346083825704 1 87
0.320826751038009 1 87
0.515822297350508 0 87
0.391980549600715 1 87
0.300438874633726 0 87
0.33820815599454 1 87
0.362815231461667 1 87
0.175880836536287 0 87
0.457259215283824 1 87
0.305121879208067 0 87
0.463659128137116 0 87
0.277685764485678 0 87
0.487907883349242 0 87
0.403417014903452 1 87
0.211738864217943 1 87
0.33175581155747 1 87
0.391505339949145 1 87
0.378571673849055 1 87
0.439084883678154 1 87
0.388668892185365 0 87
0.481758407463153 0 87
0.266371646671227 0 87
0.224777161665105 1 87
0.514730024461551 0 87
0.232394589671124 1 87
0.262771992464565 1 87
0.200426645060229 0 87
0.294054874184074 0 87
0.331853923752988 0 87
0.425303344904485 1 87
0.299152572747035 1 87
0.271762975737673 0 87
0.284248378058247 1 87
0.557867422951011 0 87
0.339563355118513 1 87
0.282982829415502 1 87
0.270484049580942 0 87
0.347492577699371 1 87
0.39182110705529 0 87
0.274656352951943 1 87
0.560276958794686 1 87
0.232566655832785 1 87
0.240720378890413 0 87
0.280212038809031 0 87
0.175980744817542 0 87
0.381947822416677 1 87
0.383267870558224 0 87
0.394477419683634 1 87
0.695865600387395 0 87
0.351721963375281 0 87
0.350207650391498 0 87
0.21519863094121 0 87
0.237427096752085 0 87
0.407382228575856 1 87
0.350809816371267 1 87
0.295644264278062 0 87
0.313658017215717 0 87
0.240277328412966 0 87
0.348212434083706 0 88
0.342898030246683 0 88
0.410638580389684 0 88
0.460501837177261 0 88
0.489404825474808 0 88
0.480757598810482 1 88
0.550415995855565 0 88
0.601494123491332 1 88
0.473199604232114 1 88
0.407848054313273 0 88
0.453608204401384 0 88
0.510230865352491 0 88
0.389445630053856 1 88
0.422205713044191 0 88
0.739865169992056 0 88
0.646494116226778 0 88
0.508877867585911 1 88
0.384767708303696 0 88
0.342168369037909 0 88
0.383791278471099 0 88
0.341443021082879 0 88
0.513968374435091 0 88
0.599723596072389 0 88
0.342373650265363 0 88
0.293089879182807 0 88
0.653402102561985 0 88
0.446926682897325 1 88
0.276844744964259 1 88
0.886076539169684 1 88
0.586149735938023 1 88
0.374346699706532 0 88
0.426945675342951 0 88
0.390989319764707 0 88
0.517972405995243 1 88
0.715951520066615 0 88
0.641344833776114 0 88
0.4697941413085 0 88
0.582651937949969 0 88
0.431939531605191 1 88
0.277101456316651 0 88
0.311980148016708 0 88
0.328233746062996 0 88
0.73835149405053 1 88
0.260625630389488 0 88
0.398794972174275 0 88
0.413058068607474 0 88
0.5110156181739 0 88
0.754394602073242 1 88
0.539839112899227 1 88
0.393710309403552 1 88
0.488996501158866 0 88
0.581667869567007 1 88
0.483105162854111 0 88
0.345234448347817 0 88
0.594338619721115 1 88
0.719002979630491 1 88
0.578328596525316 1 88
0.505910792572812 0 88
0.757289002510944 1 88
0.426040326620821 0 88
0.298704840413957 0 88
0.373439865149863 0 88
0.301642017105174 0 88
0.610852726185991 1 88
0.365393694452035 0 88
0.568378306048288 1 88
0.371346183084781 0 88
0.490184375211605 0 88
0.407430175604257 0 88
0.494138751645119 0 88
1.01572619611152 1 88
0.66321621828826 0 88
0.409318941531396 1 88
0.544415469925682 0 88
0.647626316721859 1 88
0.443097843571652 0 88
0.422299867923325 0 88
0.387014123326895 0 88
0.449740770567092 0 88
0.361923391290461 0 88
0.515930716644291 0 88
0.478925065748151 0 88
0.799418591821843 1 88
0.31629025846311 0 88
0.447304332825981 0 88
0.287766182223813 0 88
0.354697654986107 0 88
0.670481660703025 1 88
0.48059896706876 1 88
0.408748680538339 1 88
0.356958572424692 0 88
0.377645757038587 0 88
1.04662937322743 0 88
0.381936322079748 0 88
0.50144138751126 0 88
0.712294377539187 1 88
1.95374765124351 1 88
0.402044415419601 1 88
0.571076769524395 1 88
0.447360361041899 1 88
0.434890396155644 1 89
0.345102227619071 1 89
0.505819804330122 1 89
0.367037801703687 1 89
0.236534819952415 1 89
0.413904583985073 1 89
0.356339109306566 1 89
0.269083116340869 1 89
0.227891297700245 1 89
0.29690403968617 1 89
0.338441482945008 1 89
0.627624630440844 1 89
0.444681508510228 1 89
0.267514295705261 1 89
0.503741361609352 1 89
0.507608997532351 1 89
0.266092856697521 1 89
0.277084022795654 1 89
0.302296713940695 1 89
0.202966645236528 1 89
0.492896649856789 0 89
0.363284642336545 1 89
0.544395900400122 1 89
0.2525080725915 1 89
0.82327745141083 1 89
0.444947000695821 0 89
0.306823435902321 1 89
0.433376980246437 1 89
0.336514566651828 1 89
0.438904547045715 1 89
0.316984363355013 1 89
0.292119904246258 1 89
0.318228540177342 1 89
0.331989651144125 1 89
0.287847408687001 1 89
0.440116412189571 1 89
0.356700132554581 1 89
0.44382142894612 1 89
0.195863252042412 1 89
0.651492217122398 1 89
0.374840004428799 1 89
0.27002935735489 1 89
0.377103189671521 1 89
0.418310885056185 1 89
0.333361398691799 0 89
0.313477474616771 1 89
0.524811294580393 0 89
0.41932671414662 1 89
0.211957520523457 1 89
0.34547868957376 0 89
0.426142689597468 1 89
0.578032185981417 1 89
0.442943765995242 0 89
0.260209127222011 1 89
0.263642410157915 1 89
0.412086888274327 1 89
0.44908826968744 1 89
0.467828487271463 0 89
0.434526085419121 1 89
0.580258553357445 1 89
0.399949314874045 1 89
0.289310834694996 1 89
0.804242317730872 1 89
0.549863414584938 1 89
0.267756302696503 1 89
0.333255160461569 1 89
0.371535056279999 1 89
0.428494804304286 1 89
0.474740629263415 1 89
0.249673593925226 1 89
0.246456892058855 1 89
0.674528309682774 1 89
0.197793489619307 1 89
0.332532098794373 0 89
0.292496331051439 1 89
0.318399829945224 1 89
0.479096115550713 1 89
0.300560782353885 1 89
0.37157095618195 0 89
0.37582928622431 1 89
0.29085709861516 0 89
0.332188153835556 1 89
0.432767890968933 1 89
0.30046049431545 1 89
0.391483579520975 1 89
0.549577778055063 1 89
0.245833218349528 1 89
0.605309248877791 1 89
0.219588063770641 1 89
0.408913087340706 1 89
0.396121008658709 1 89
0.403089292287044 1 89
0.423092525621536 1 89
0.366142008016928 1 89
0.268228421716298 1 89
0.452425277218527 0 89
0.259204083902832 1 89
0.457795520346904 0 89
0.471978181250122 1 89
0.60268769127083 0 89
0.451172407725803 1 90
0.679578891478872 0 90
0.55493536802275 0 90
0.669403328664443 0 90
0.616366670841917 1 90
0.979204101788765 0 90
0.529801086387348 1 90
0.449485434529213 1 90
0.450435170712719 0 90
0.487828775511598 0 90
0.601759893052831 1 90
0.501354920669892 0 90
0.512323796809233 1 90
0.602512920864385 1 90
0.610832406010094 1 90
0.508510766213362 0 90
0.614373503797526 1 90
0.689948084469062 1 90
0.553332989207682 0 90
0.499943962685912 1 90
0.549766368684426 1 90
0.476468996060301 1 90
0.650762570984299 1 90
0.430816373504918 1 90
1.00242131372504 1 90
0.883665407731406 1 90
0.509985849660366 0 90
0.375142572970804 0 90
0.509485794689588 0 90
0.645870345038691 1 90
0.73430114755904 1 90
0.525005824408795 1 90
0.477275750713633 1 90
0.483898574191669 0 90
0.479218585474623 1 90
0.76123160232643 1 90
0.539140433879483 0 90
0.603572217760415 0 90
0.712416035008767 1 90
0.577061851600143 1 90
0.505479263538565 0 90
0.835913406527086 1 90
0.491571209012058 0 90
0.377888667432129 1 90
1.04218490189246 0 90
0.515205461049296 1 90
0.860816500891002 0 90
0.697648673110239 1 90
0.466515428679642 0 90
0.709502427686657 1 90
0.427451201160033 1 90
0.571401156945299 1 90
0.496355799525418 1 90
0.522975010992055 1 90
0.631988532511908 1 90
0.780277448121173 0 90
0.440036520203917 1 90
0.686545295961498 1 90
0.716284338579411 0 90
0.565546209114432 1 90
0.547311987482764 1 90
0.502623698036164 0 90
1.11701477468147 0 90
0.502246646298012 1 90
0.744595129083834 1 90
0.74328030193986 0 90
0.460939321191839 1 90
0.752250190820743 1 90
0.519644427460251 1 90
0.454218781291113 0 90
0.621235371746866 0 90
0.574184620277292 1 90
0.414195043705774 0 90
1.01851099002456 1 90
0.513334410805163 1 90
0.721592275126555 1 90
0.73728163154358 1 90
0.416987795373114 0 90
0.464742192549269 1 90
0.503536294165299 1 90
0.483782133739039 1 90
0.511316304355945 1 90
0.686199258302136 0 90
0.413785087828347 0 90
0.530782739406177 1 90
0.50542296844928 0 90
0.570708284549769 1 90
0.457554228493366 1 90
0.510045439790878 1 90
0.593668945181304 0 90
0.591061722319683 1 90
0.528247961511201 0 90
0.596249494995182 0 90
0.612338683897089 1 90
0.575775745268796 0 90
0.494354309852054 1 90
0.516317306484114 0 90
0.416652547452435 1 90
0.604187663474744 0 90
0.482083574470744 0 90
0.436800932357578 1 91
0.381389006184619 1 91
0.353988374518899 1 91
0.31709969461071 1 91
0.767862293338179 1 91
0.677731096041163 1 91
0.4557170791093 1 91
0.43499597195571 1 91
0.694609990581847 1 91
0.580799630483999 0 91
0.362535438879303 0 91
0.461277614351432 1 91
0.586228678119794 1 91
0.460165013611532 1 91
0.476087421466904 0 91
0.508627955065025 1 91
0.259397165565658 1 91
0.671960676478943 1 91
0.4512052478327 0 91
0.54771753559829 0 91
0.441814166276351 0 91
0.45521122837531 0 91
0.685551826742561 0 91
0.519504959836773 1 91
0.496961371494548 1 91
0.491385603283482 1 91
0.310808038961142 1 91
1.24655862917993 1 91
0.360382282031646 0 91
0.348004404718373 1 91
0.440004862083709 1 91
0.473463262551533 1 91
0.735147855498445 1 91
0.497396280112522 0 91
0.603036443533635 1 91
0.363643066204635 0 91
0.583034183907663 1 91
0.877806780383373 1 91
0.464385025469475 1 91
0.58845090505892 1 91
0.462221088326052 1 91
0.85267492843388 1 91
0.942671160747935 1 91
0.789506289804841 1 91
0.364631237053633 1 91
0.412443019976207 1 91
0.653635388813236 1 91
0.708928298275196 1 91
0.424871291155298 1 91
0.442508765927354 1 91
0.376928982984124 0 91
0.448595811078585 1 91
0.367866241469682 1 91
0.729027775487054 1 91
0.577523746516381 0 91
0.738901750197742 1 91
0.42588280980429 1 91
0.36443415497907 1 91
0.439164276552895 1 91
1.29782760021078 0 91
0.436345014052536 1 91
0.375053953110059 1 91
0.427183382918982 1 91
0.400490616250409 1 91
0.65195898165106 1 91
0.947219434612329 1 91
0.34128124890409 1 91
0.449500410275545 1 91
0.349882016591736 1 91
0.506188136234651 1 91
0.397322816844052 1 91
0.309779180164969 0 91
0.459912833599704 1 91
0.423026256433495 0 91
0.432350846053215 1 91
0.483493641561553 0 91
0.597934918482509 1 91
0.762022210977963 0 91
0.474192433202201 1 91
0.351247804409716 1 91
0.738009017487441 1 91
0.58326400576674 0 91
0.403412842581913 1 91
0.442231761547444 1 91
0.320830848994439 1 91
0.513588296016375 1 91
0.428165263120884 1 91
0.536492117274698 1 91
0.606560603323402 1 91
0.891689430238561 1 91
0.331485654442695 0 91
0.47201242153456 1 91
0.688194944203256 0 91
0.317545422992994 1 91
0.558036295384502 0 91
0.421608455484931 1 91
0.443427793692618 1 91
0.447161090801027 1 91
0.686078886727648 1 91
0.401530344657297 0 91
0.432633643106674 1 92
0.404585908143596 0 92
0.42420976659063 1 92
0.452974169891369 1 92
0.602063172814229 0 92
1.17872503024195 0 92
0.562463537292917 1 92
0.594147121259679 1 92
0.427891237346266 1 92
0.571824166816345 0 92
0.337454310807709 0 92
0.492542283437506 0 92
0.507600931289899 1 92
0.386504675532742 1 92
0.395860978862167 0 92
0.449522486760025 1 92
0.535882330702433 1 92
0.748847830299598 1 92
0.374974863734197 0 92
0.677430328494663 1 92
0.490717741636713 0 92
0.477713374431685 0 92
0.599917949250075 1 92
0.407519488581362 0 92
0.333327040459013 1 92
0.548589430718391 0 92
0.539595726892212 1 92
0.592398285714587 0 92
0.545721722198358 1 92
0.396527201895356 0 92
0.711507970394649 0 92
0.47572953707785 1 92
0.493661696246339 0 92
0.777988097939884 1 92
0.441422034942341 0 92
0.397188813708661 0 92
0.760651639893771 1 92
0.546245385387715 1 92
0.44613870936368 0 92
0.366359895313091 0 92
0.400813719573538 0 92
0.577733619533674 0 92
0.435717387236141 0 92
1.08464983646845 0 92
0.597361610891706 1 92
0.43465322918528 1 92
0.487328555570097 1 92
0.763868697050224 1 92
0.748066202832895 0 92
0.451507013694746 0 92
0.452846379187723 0 92
0.618296257778644 1 92
0.581578381918512 0 92
0.378657926114993 0 92
0.411304413794161 0 92
0.520351241283965 1 92
0.515503134770586 1 92
0.625160076338078 1 92
0.500629245543508 1 92
0.738901601058075 1 92
0.532345265883089 1 92
0.463035688434898 1 92
0.611602555789388 0 92
0.384630736964654 0 92
0.647618347953242 0 92
1.1631960436208 1 92
0.376295948287317 0 92
0.43089929920937 1 92
0.669047422834267 0 92
0.54195344465796 0 92
0.538846310957514 0 92
0.47622447088767 1 92
0.331145938506751 0 92
0.922396825216657 0 92
0.894295226084102 1 92
0.521705619384104 0 92
0.765920356111069 1 92
0.556238508883736 1 92
0.519587869681992 0 92
0.477294089559485 1 92
0.492692005321407 1 92
0.496959903577952 1 92
1.38702781696068 0 92
0.470783499956006 1 92
0.893364633082207 1 92
0.362800681220599 0 92
0.471425010627554 1 92
0.916928692188865 0 92
0.559169084812885 0 92
0.512513105140916 1 92
0.496208205823768 1 92
0.535519538059452 0 92
0.4910355407158 1 92
0.473477505895164 1 92
0.335982704079108 1 92
0.313342105788157 0 92
0.473161599278514 0 92
0.459480874586191 1 92
0.383189788031582 0 92
0.69387656806006 0 92
0.415892139324335 0 93
0.560985385224384 0 93
0.687950406801772 0 93
0.436826958571588 1 93
0.708339511546563 0 93
0.521855069571888 0 93
0.397598814283004 0 93
1.0484395445409 1 93
0.651724725334196 1 93
0.4418216363463 0 93
0.583257074891737 1 93
0.355313441717094 1 93
0.687169498127876 1 93
0.481614638218769 0 93
1.17409245066408 0 93
0.404882019525367 0 93
0.836998009355951 0 93
0.699833178484132 0 93
0.516000244789236 1 93
0.459719745695879 0 93
0.465470898519726 0 93
0.57651488252694 0 93
0.512381978598798 0 93
0.367716421617413 1 93
1.11682788390295 1 93
0.34504022968948 0 93
0.586537089863993 0 93
0.565836058368386 1 93
0.388105044110108 1 93
0.394440453636672 0 93
0.441555909297807 0 93
0.515076979441401 0 93
0.490337125121285 0 93
0.474447215281261 1 93
0.325025679164127 0 93
1.41000776350376 1 93
0.37740374480319 0 93
0.595134923814807 0 93
0.423226092245095 0 93
0.372544680587495 0 93
0.621163322101083 1 93
0.307620550945846 0 93
0.784709887946911 0 93
0.718240685112845 1 93
0.480609143947088 0 93
0.515532433923698 0 93
0.356670189571851 0 93
1.45050077233042 1 93
0.430409043713132 0 93
0.874898066150938 0 93
0.917926732207266 0 93
0.58729184239241 1 93
1.05154584897382 1 93
0.345972670261242 0 93
0.30129925052292 0 93
0.562950376591877 0 93
0.692909277308405 0 93
0.44240659876906 1 93
1.1494299373374 0 93
0.514099776457351 0 93
0.376605436480007 0 93
0.617690226886365 0 93
0.819817053462337 0 93
0.905881842248933 1 93
0.459363447119736 0 93
0.314971117252593 1 93
0.412726556034716 0 93
1.31096073598489 0 93
0.482148374383346 1 93
0.479563155293508 0 93
0.93762215373679 0 93
0.664922113383598 1 93
0.402214361951295 1 93
0.411760990940649 1 93
0.526176384324632 1 93
0.304993018270907 1 93
0.584745550109716 0 93
0.483463424280128 0 93
0.7028718285316 1 93
0.435558394166492 1 93
0.390338362306341 0 93
0.5231531375453 1 93
0.339028294322939 1 93
0.671278922309542 0 93
0.69779286646261 1 93
0.61950756634952 1 93
0.553233279243122 0 93
0.441671075709105 0 93
0.584734733013334 0 93
0.633687326811093 0 93
0.433422123223694 1 93
0.343659015280876 0 93
0.916248641453426 1 93
0.5555723304836 0 93
0.571114586360981 0 93
0.937730749216718 1 93
0.48677010899918 0 93
0.50460870703642 0 93
0.457940010878271 0 93
0.498971837628012 1 93
0.670367049819311 1 94
0.433798529856806 0 94
0.477395793246708 0 94
0.441301715727025 1 94
0.563657542692888 1 94
0.335345949356039 0 94
0.427420410434806 1 94
0.351695270111526 1 94
0.440828479912159 0 94
0.543899840688687 1 94
0.546094112797365 0 94
0.553876577764916 1 94
0.418266919125752 1 94
1.04057250355647 1 94
0.430754424090097 1 94
0.469665888573258 1 94
0.560439180142139 0 94
0.461911174309147 1 94
0.814996304349008 1 94
0.346304462107303 0 94
0.49232174711728 1 94
0.299547674090682 0 94
0.397339040568825 1 94
0.641821241011072 1 94
0.36673488831437 0 94
0.432592053249383 0 94
0.523769638329941 0 94
0.451368450297667 1 94
0.459518894702539 1 94
0.421923999058995 1 94
0.511614682983903 0 94
0.412248005795582 0 94
0.480820136512543 0 94
0.518357933127205 1 94
0.480042019444928 1 94
0.634030240913955 1 94
0.368235121105507 0 94
0.409399262949803 0 94
0.553587922068799 0 94
0.490239181739849 1 94
0.303967512698282 0 94
0.616109011115805 0 94
0.535076760215167 1 94
0.438093106513182 0 94
0.385012078099467 1 94
0.517055615870005 1 94
0.580670851767322 1 94
0.434480465897026 0 94
0.431746367780549 0 94
0.440126291218704 0 94
0.479578721727839 0 94
0.517446030880624 0 94
0.533570989068121 0 94
0.360596667137041 0 94
0.520634890004057 1 94
0.831687311902178 0 94
0.466353535448986 0 94
0.586025085735331 1 94
0.324402593923423 0 94
0.348522902137495 0 94
0.708145731248645 1 94
0.44797099037523 0 94
0.360752441615105 0 94
0.533750718312653 0 94
0.801456866261066 1 94
0.379391502504165 1 94
0.441953633763658 1 94
0.427241784627191 1 94
0.73025848487 1 94
0.500953463631064 1 94
0.427260629350538 1 94
0.31922185839864 0 94
0.497276644832321 1 94
0.382495478111254 1 94
0.723421288313405 1 94
0.453004979795496 0 94
0.577672462119094 1 94
0.470999106981258 1 94
0.478117925571764 1 94
0.328039865132844 0 94
0.345472928511506 1 94
0.72387400100575 0 94
0.535836730451042 0 94
0.399071692649707 1 94
0.425452159190485 1 94
0.347116717626826 0 94
0.429527956424225 1 94
0.601757593719532 0 94
0.633860033514543 0 94
0.567725775648155 0 94
0.466524251081452 0 94
0.324347230732436 1 94
0.550420759226412 1 94
0.431610107609515 0 94
0.662723010772563 0 94
0.659209070567069 0 94
0.568454923770268 1 94
0.413874527334864 1 94
0.443991532333291 0 94
0.346872703111788 0 94
0.580077160608157 1 95
1.76681797402298 1 95
0.862877783377674 1 95
0.402988799216523 0 95
2.05961739051295 1 95
0.576939643979642 1 95
0.487362156141139 0 95
0.36238399255304 0 95
1.2859995301211 0 95
0.49660619343475 1 95
1.27442024885694 1 95
0.893686659433099 0 95
1.14366557919747 0 95
1.11501275588507 1 95
0.486578000164571 0 95
0.757029013695016 0 95
0.850214098008564 0 95
0.595200075085334 1 95
0.746330259385306 0 95
0.360987656360295 0 95
0.927048423591491 0 95
0.479297788349737 0 95
0.362476668972118 0 95
0.552941357032224 1 95
0.532854111945152 0 95
1.06201795590169 1 95
1.19359487352106 1 95
0.847191807110982 0 95
0.877092182251001 1 95
0.495895387366193 0 95
0.756953207077881 1 95
1.05233648631751 1 95
0.501560743635136 0 95
0.594611348709349 1 95
0.450234933553822 0 95
0.903273311642566 0 95
0.926087043466799 1 95
2.38991699287914 0 95
0.971021309930671 0 95
0.464204101355676 0 95
0.932383227134931 1 95
1.17028261420429 1 95
0.682196437076185 0 95
0.61518203598798 0 95
0.803430064186554 0 95
0.530124724411165 0 95
0.925594072076811 1 95
0.497132328228375 0 95
0.869758384696892 1 95
0.452878003351483 0 95
0.495015575251701 0 95
0.436536114940259 0 95
0.648683137955392 0 95
0.743020247620198 1 95
0.436259680797952 0 95
0.566335333262272 0 95
0.73589675022628 1 95
0.846476374929451 0 95
1.13189245783159 1 95
0.460620660181486 0 95
0.52717356748203 1 95
0.492732498279099 0 95
0.445112090528721 0 95
0.823428655312173 0 95
0.930322276674822 1 95
1.08431950904137 1 95
1.02228238227758 1 95
0.60332425435473 0 95
0.778871430694449 1 95
1.60424312654231 0 95
0.519236825862188 0 95
0.8297194159835 1 95
0.493223858190595 0 95
0.539848486943094 0 95
0.596755804864909 0 95
1.48110769506309 0 95
0.592670115696829 0 95
2.62209132646919 1 95
0.840806064887382 0 95
0.465034887043301 0 95
1.56233480223797 0 95
0.53780136822899 0 95
1.11266712698554 0 95
0.419612231270921 0 95
0.428830561014069 0 95
0.609894205132449 1 95
0.522214359342241 0 95
0.733055457992337 1 95
1.03345087144955 1 95
0.442704691859237 0 95
0.536133390965555 1 95
0.344756296549089 0 95
0.727529032076239 1 95
0.460979916980292 0 95
1.04665459699137 1 95
0.516304579436986 0 95
0.504093605526407 0 95
0.702763492084 1 95
0.480213210407717 1 95
0.585363987030439 0 95
0.339332831148276 1 96
0.204779226523296 0 96
0.588061531615465 0 96
0.413576767213368 1 96
0.541366941286944 0 96
0.259525885474433 1 96
0.341221918401131 1 96
0.33629602429138 1 96
0.303308650118783 1 96
0.300027250316556 1 96
0.428784633981222 1 96
0.250693832806912 1 96
0.385296049033119 1 96
0.420721877651671 1 96
0.233341876242825 1 96
0.569410978481971 1 96
0.394140027751563 1 96
0.537401246560842 0 96
0.327273638005484 1 96
0.320769547472941 1 96
0.331903235408364 1 96
0.181123501287468 0 96
0.721384660471816 1 96
0.355795665352097 1 96
0.314008915454077 1 96
0.242136938166372 1 96
0.387749736909185 0 96
0.513497526881149 0 96
0.331645149250085 1 96
0.37873313501513 0 96
0.209437391641275 1 96
0.558701778016878 1 96
0.282117083744137 0 96
0.44354709518394 1 96
0.263853343937987 1 96
0.299826474706521 1 96
0.332567400521819 1 96
0.589953075758309 1 96
0.207772502813477 1 96
0.417065484291753 1 96
0.340845100135511 1 96
0.317282841122197 1 96
0.305962986245104 0 96
0.285549229801908 0 96
0.585881752817999 1 96
0.428157482972898 1 96
0.312061792906419 0 96
0.629790234686495 1 96
0.328650465722292 1 96
0.697692519180786 1 96
0.231310268251185 1 96
0.277534225586674 0 96
0.294510709636952 1 96
0.386234196371107 0 96
0.367784437469219 1 96
0.263079135919934 1 96
0.300829129996482 1 96
0.313595414682911 1 96
0.27971103862116 1 96
0.270661376117642 1 96
0.358177121410539 1 96
0.23816637817247 1 96
0.299337335790841 1 96
0.435643498868897 0 96
0.394251214145889 1 96
0.44114397276568 1 96
0.351981671766646 1 96
0.463702760223608 1 96
0.314452947432542 0 96
0.365204254048878 1 96
0.417162726595397 1 96
0.424384819081297 1 96
0.324841175131833 0 96
0.379290584276485 1 96
0.391406846693002 1 96
0.327780502036277 1 96
0.349765662826529 1 96
0.323313821003925 0 96
0.292581713409283 1 96
0.575857013590405 1 96
0.238006112822783 1 96
0.327455514909684 1 96
0.474211338972558 1 96
0.396738104111397 1 96
0.298676543872852 0 96
0.327742037583178 1 96
0.247087066801596 1 96
0.305254835506828 1 96
0.295798764752104 1 96
0.269350342775172 0 96
0.390353425280507 1 96
0.282482278156594 1 96
0.416671967267841 0 96
0.378162409937573 1 96
0.469513735631997 1 96
0.275639024753185 1 96
0.313545790410306 0 96
0.330786082668334 1 96
0.350738704355859 1 96
0.569795652558781 1 96
0.440787671299475 1 97
0.669355802359462 0 97
0.442080956421449 0 97
0.382029305629471 0 97
0.518294255711187 0 97
0.434667879781061 0 97
0.378702157248057 1 97
0.532610612659006 0 97
0.532462348503621 0 97
0.515193402361838 0 97
0.35462198956723 1 97
0.442782463641902 0 97
0.742964549342857 0 97
0.549556826495693 0 97
0.495733139493753 0 97
0.7177364800124 0 97
0.380333304952347 0 97
0.478894056180431 1 97
0.366061990701363 0 97
0.401973727284853 0 97
0.581988832781557 0 97
0.389842684805993 1 97
0.331996395863608 1 97
0.346272008442552 0 97
0.68323029808608 0 97
0.447446926373644 1 97
0.473877712508458 0 97
0.405425572119856 1 97
0.357807505561766 0 97
0.557048906354054 1 97
0.601304048393831 0 97
0.430573484882991 0 97
0.987832360474361 0 97
0.559125690029799 0 97
0.29373072944892 1 97
0.447993644563209 0 97
0.295549994620606 1 97
0.390223065068135 0 97
0.35758350855573 0 97
0.315286524229797 0 97
0.342133361495289 0 97
0.417805652830185 1 97
0.400063137590418 0 97
0.405049027104998 1 97
0.459052479704473 1 97
0.543366013948264 0 97
0.453744040183644 1 97
0.464474354524856 0 97
0.774473592008209 1 97
0.590719502095677 0 97
0.544508733194568 0 97
0.451881959538926 1 97
0.540986536083213 0 97
0.330049270772379 0 97
0.419116251432289 1 97
0.631943107990756 1 97
0.564305751740766 1 97
0.52167549865833 0 97
0.669271759926611 0 97
0.331518784539058 0 97
0.696574623454948 1 97
0.435053485682914 1 97
1.10862012129538 1 97
0.619011793413755 1 97
0.421283211284943 0 97
0.596931763638508 0 97
0.498841172880628 0 97
0.52483827306287 0 97
0.380221873711368 0 97
0.56031637585058 0 97
0.39055250690858 0 97
0.383742129886626 1 97
0.456555892162171 0 97
0.412408440062227 0 97
0.48694735143044 1 97
0.793839523926616 0 97
0.498796861853635 1 97
0.418386859475968 1 97
0.394617584899831 0 97
0.278770759486027 0 97
0.542163053511863 1 97
0.841423317233807 1 97
0.486377534640312 0 97
0.416816834637293 1 97
0.520055502249555 1 97
0.924380473833314 1 97
0.396706608569155 0 97
0.570660977462425 0 97
0.803334203913038 1 97
0.437108264651296 1 97
0.331105080601501 0 97
0.422319626936338 0 97
0.271821348905355 0 97
0.428680499054043 0 97
0.537620270051509 1 97
0.643626534541435 1 97
0.333014102077538 0 97
0.562397728978631 0 97
0.627445483350155 1 97
0.535806186750828 1 97
0.159435263914059 1 98
0.335868762417956 1 98
0.220594072389176 1 98
0.182397629087282 1 98
0.249681201377259 1 98
0.22446810737187 1 98
0.371059361256142 0 98
0.281418326535708 1 98
0.199818166453072 0 98
0.286294611657445 1 98
0.138081356587291 1 98
0.160156268547965 1 98
0.19068257110947 1 98
0.246066501013615 1 98
0.357454082648632 1 98
0.242262767189702 0 98
0.409549324354848 1 98
0.353574336958231 1 98
0.214792108662871 1 98
0.208648860143824 1 98
0.269514932771199 1 98
0.2822020922528 1 98
0.348452703969751 1 98
0.272248454742413 1 98
0.292488908015735 1 98
0.279345488022235 1 98
0.318146250305304 1 98
0.270206843002199 1 98
0.3835616719682 1 98
0.298408937145432 1 98
0.255208145698257 1 98
0.252762297632877 1 98
0.739501908790575 1 98
0.277325751976049 1 98
0.476521199548974 1 98
0.216299194068785 0 98
0.275822208900871 1 98
0.224809215207642 1 98
0.283457362512754 1 98
0.243223130616847 0 98
0.330559797707484 1 98
0.304549050499377 1 98
0.253817420667389 1 98
0.336671527590361 1 98
0.339004711110034 1 98
0.330482292631931 1 98
0.248026164964906 1 98
0.299740551751316 1 98
0.39322215600587 1 98
0.365891278938251 1 98
0.193339372133482 1 98
0.2242292767235 1 98
0.301719172886992 1 98
0.157180712900453 1 98
0.209857543538727 1 98
0.300044551876115 1 98
0.303530805865148 1 98
0.352025079202499 1 98
0.241529145304881 1 98
0.267785291585961 1 98
0.249720890604097 1 98
0.384003120600965 1 98
0.359825878180401 1 98
0.307465593786436 1 98
0.327488992922811 1 98
0.172845545786349 1 98
0.261596648951334 1 98
0.188417367748335 1 98
0.361422316836435 1 98
0.344145549935911 1 98
0.227893549204857 1 98
0.290531417021991 1 98
0.28573563374749 1 98
0.272109179572478 1 98
0.248602564270202 1 98
0.322201524465752 1 98
0.446857289549427 1 98
0.235504894564201 1 98
0.2799847555188 1 98
0.265233549646222 1 98
0.267194727566996 1 98
0.321207392915432 0 98
0.424821057808014 1 98
0.2709617685966 1 98
0.26110818477118 0 98
0.239734840944811 0 98
0.375524099999033 1 98
0.413407392299393 1 98
0.317594342849554 0 98
0.514045953109648 1 98
0.291177346399463 0 98
0.342599838153978 1 98
0.314322369982081 1 98
0.390646066490147 1 98
0.310783055657621 1 98
0.333968608792199 1 98
0.436280472384068 1 98
0.247406139089077 1 98
0.305620437024388 1 98
0.26877986559031 1 98
0.423409751891281 1 99
0.471295782074848 1 99
0.28020564979224 0 99
0.347962603185429 0 99
0.872758943603809 1 99
0.573686733771389 0 99
0.415514201950219 0 99
0.277295501337835 1 99
0.498988811773262 1 99
0.393601050176102 1 99
0.472107103784299 1 99
0.376983239766832 1 99
0.407950656510533 0 99
0.318628289026439 1 99
0.293364759920832 0 99
0.31197442596602 1 99
0.336289532062911 0 99
0.417786878189598 1 99
0.745372797284544 0 99
0.493917108143642 1 99
0.48976537558216 0 99
0.49899269896746 1 99
0.450166160034436 1 99
0.422745971321401 1 99
0.438127575326437 1 99
0.450931124057035 1 99
0.550158277726482 0 99
0.363910913153378 0 99
0.334719365709265 0 99
0.293174485007713 0 99
0.503875995861791 1 99
0.365610255978559 0 99
0.614513229710884 1 99
0.382435813402195 0 99
0.514417640243067 0 99
0.33732865508275 1 99
0.360345883067685 1 99
0.458699147491217 0 99
0.370298798753835 0 99
0.475634351651307 0 99
0.49035650509102 1 99
0.630480512389612 0 99
0.313063018905865 0 99
0.43614443796909 0 99
0.393493274150864 0 99
0.433661405518748 0 99
0.397757301405475 0 99
0.318307447719319 1 99
0.404756418776219 0 99
0.684534571147707 1 99
0.325265784502737 0 99
0.314363096056869 0 99
0.298954763514136 1 99
0.37269503725921 1 99
0.340070271294571 1 99
0.288150663620631 1 99
0.596300947295977 1 99
0.422200891100431 0 99
0.378756518725109 1 99
0.457133220614643 1 99
0.550793052778463 1 99
0.389219137365938 0 99
0.306735408193835 0 99
0.286691865226587 0 99
0.340922487303184 0 99
0.639898170423325 1 99
0.314378000198987 0 99
0.65201372170413 0 99
0.49346457992222 0 99
0.581019679486399 1 99
0.431869325003346 0 99
0.529997610201059 1 99
0.459373953622402 0 99
0.305550303292709 0 99
0.447561129990436 1 99
0.624444365148989 1 99
0.425644341432567 0 99
0.368148441354761 0 99
0.391328206419286 0 99
0.481101277452123 0 99
0.475426642396674 0 99
0.41092791424851 0 99
0.353286698580014 1 99
0.410807188054468 1 99
0.561463903293352 1 99
0.782981879192 1 99
0.458141247137333 0 99
0.542510885139032 1 99
0.800958166623867 0 99
0.392668138840389 0 99
0.390654040893276 0 99
0.459833598387587 1 99
0.592483024414899 0 99
0.65328520763085 1 99
0.353628680247866 0 99
0.397268752941432 1 99
0.765261410306333 1 99
0.419317202318831 0 99
0.40175077623891 1 99
0.304308264667125 0 99
0.958279277868226 1 100
0.747231620394904 1 100
0.837279768921638 0 100
0.457636572703721 0 100
0.579648423075293 1 100
0.516353313992362 0 100
1.14851649622316 0 100
0.521767229803014 1 100
0.414584506985614 0 100
0.783169277150187 1 100
0.462822345630756 0 100
0.545398355308142 0 100
0.583247362911981 1 100
1.43798239149923 1 100
0.617601990823972 1 100
0.661658095505085 1 100
0.742035289374208 0 100
0.485347183562352 0 100
0.51893417253866 1 100
0.711228393155597 1 100
0.716979604812854 1 100
1.33939709135019 0 100
0.532961242981112 0 100
0.787407254424539 1 100
0.503570486050711 0 100
0.589095757960338 1 100
0.426609245877251 0 100
0.507208222293945 0 100
0.481915124245194 0 100
0.494486218633461 0 100
0.723675693866166 1 100
0.550714427467113 0 100
0.670092244340847 1 100
0.466892244979961 1 100
0.411643729990733 0 100
0.930923079334369 0 100
0.538865871872636 1 100
0.674257462144238 0 100
0.511129725304 0 100
0.508377310490126 1 100
0.585470539357939 0 100
1.16708271279221 1 100
0.753377798865204 1 100
1.01027511632923 1 100
0.620852727005866 0 100
0.596969638551384 0 100
0.599875825282332 1 100
0.45625884338883 1 100
0.935007404441518 1 100
0.646586999602547 1 100
0.485004058531964 0 100
0.422482569785864 1 100
0.777242662539904 0 100
0.604735325043902 1 100
0.510449093063441 0 100
0.501554202334149 1 100
0.929297533094648 1 100
0.475594216629542 0 100
0.767431604322515 0 100
0.538454658579748 0 100
0.555448106474216 1 100
0.589536444584094 1 100
0.540135172089706 1 100
0.529196872864484 0 100
0.628595462869505 0 100
0.508281036624186 1 100
0.45310527488957 0 100
0.659617003068758 0 100
0.654785978796745 1 100
0.885768320029565 0 100
0.669834735935966 1 100
0.580212643247943 1 100
0.573398217150898 1 100
0.656768919125364 0 100
0.652202018287431 0 100
0.552981709472926 1 100
0.703419529850226 0 100
0.475315361768782 1 100
0.687013527160993 0 100
0.429992981512053 1 100
0.778967355415648 1 100
0.735481943756648 0 100
0.599810248774853 0 100
0.526151932114855 0 100
0.504019216770691 1 100
0.44857474794559 1 100
0.857630708394109 1 100
0.539693313815634 0 100
0.805851074572896 1 100
0.812640470399782 1 100
0.464875793166031 1 100
0.602329049377481 0 100
0.462807183368142 0 100
0.886666661724289 1 100
0.670308672082584 0 100
0.92778570919129 1 100
0.675249144761209 1 100
0.609679930733842 0 100
0.603922175982955 1 100
0.405319930505186 0 100
